Date,Timestamp,Rider ID,Name,Zone,Office,Phone,Scheduled
2026-08-30,٠٨:٤٧ م,80706,,Mohandiseen,Jasson,,No
2026-08-30,٠٨:٤٧ م,318755,,Mohandiseen,MTA,,Yes
2026-08-30,٠٨:٤٧ م,339984,,Mohandiseen,Jasson,,Yes
2026-08-30,٠٨:٤٧ م,342877,,Mohandiseen,Al Alamia,,Yes
2026-08-30,٠٨:٤٧ م,556817,,Mohandiseen,Al Alamia,,Yes
2026-08-30,٠٨:٤٧ م,610452,,Mohandiseen,Al Alamia,,No
2026-08-30,٠٨:٤٧ م,635909,,Mohandiseen,Jasson,,No
2026-08-30,٠٨:٤٧ م,641636,,Mohandiseen,Jasson,,Yes
2026-08-30,٠٨:٤٧ م,672370,,Mohandiseen,El Abtal,,Yes
2026-08-30,٠٨:٤٧ م,672376,,Shobra,Team mh for Delivery,,No
2026-08-30,٠٨:٤٧ م,672405,,Mohandiseen,El Abtal,,No
2026-08-30,٠٨:٤٧ م,672463,,Mohandiseen,Al Alamia,,Yes
2026-08-30,٠٨:٤٧ م,721004,,Hadayek el qobba,Al Alamia,,Yes
2026-08-30,٠٨:٤٧ م,730597,,Shobra,El Abtal,,Yes
2026-08-30,٠٨:٤٧ م,730615,,Mohandiseen,El Abtal,,Yes
2026-08-30,٠٨:٤٧ م,730616,,Mohandiseen,Ebad El rahman,,Yes
2026-08-30,٠٨:٤٧ م,732560,,Mohandiseen,Jasson,,Yes
2026-08-30,٠٨:٤٧ م,732591,,Mohandiseen,el Dawlya,,Yes
2026-08-30,٠٨:٤٧ م,734224,,Mohandiseen,Team mh for Delivery,,No
2026-08-30,٠٨:٤٧ م,744883,,Shobra,el Dawlya,,Yes
2026-08-30,٠٨:٤٧ م,747068,,Mohandiseen,Team mh for Delivery,,Yes
2026-08-30,٠٨:٤٧ م,749065,,Mohandiseen,Ebad El rahman,,Yes
2026-08-30,٠٨:٤٧ م,749178,,Mohandiseen,Jasson,,No
2026-08-30,٠٨:٤٧ م,749312,,Mohandiseen,el Dawlya,,Yes
2026-08-30,٠٨:٤٧ م,752416,,Mohandiseen,Jasson,,No
2026-08-30,٠٨:٤٧ م,752717,,Mohandiseen,el Dawlya,,No
2026-08-30,٠٨:٤٧ م,753131,,Shobra,Team mh for Delivery,,Yes
2026-08-30,٠٨:٤٧ م,757327,,Mohandiseen,Al Alamia,,No
2026-08-30,٠٨:٤٧ م,760553,,Mohandiseen,MTA,,Yes
2026-08-30,٠٨:٤٧ م,771844,,Mohandiseen,El Tohami,,Yes
2026-08-30,٠٨:٤٧ م,771878,,Mohandiseen,el Dawlya,,Yes
2026-08-30,٠٨:٤٧ م,774188,,Mohandiseen,Team mh for Delivery,,No
2026-08-30,٠٨:٤٧ م,778278,,Mohandiseen,el Dawlya,,No
2026-08-30,٠٨:٤٧ م,780835,,Mohandiseen,Team mh for Delivery,,No
2026-08-30,٠٨:٤٧ م,789277,,Mohandiseen,Team mh for Delivery,,No
2026-08-30,٠٨:٤٧ م,791463,,Mohandiseen,Jasson,,No
2026-08-30,٠٨:٤٧ م,792012,,Mohandiseen,Al Alamia,,No
2026-08-30,٠٨:٤٧ م,797856,,Mohandiseen,Ebad El rahman,,Yes
2026-08-30,٠٨:٤٧ م,797966,,Shobra,el Dawlya,,Yes
2026-08-30,٠٨:٤٧ م,805157,,Hadayek el qobba,Stop Car,,Yes
2026-08-30,٠٨:٤٧ م,821640,,Mohandiseen,El Abtal,,Yes
2026-08-30,٠٨:٤٧ م,823997,,Mohandiseen,Ebad El rahman,,No
2026-08-30,٠٨:٤٧ م,827460,,Shobra,Al Alamia,,No
2026-08-30,٠٨:٤٧ م,829186,,Mohandiseen,Al Alamia,,Yes
2026-08-30,٠٨:٤٧ م,830609,,Mohandiseen,Jasson,,Yes
2026-08-30,٠٨:٤٧ م,839883,,Mohandiseen,El Abtal,,Yes
2026-08-30,٠٨:٤٧ م,842368,,Mohandiseen,el Dawlya,,Yes
2026-08-30,٠٨:٤٧ م,843272,,Mohandiseen,el Dawlya,,Yes
2026-08-30,٠٨:٤٧ م,843273,,Mohandiseen,el Dawlya,,Yes
2026-08-30,٠٨:٤٧ م,847718,,Mohandiseen,El Tohami,,No
2026-08-30,٠٨:٤٧ م,847739,,Mohandiseen,MTA,,Yes
2026-08-30,٠٨:٤٧ م,847971,,Mohandiseen,El Abtal,,Yes
2026-08-30,٠٨:٤٧ م,852114,,Shobra,el Dawlya,,Yes
2026-08-30,٠٨:٤٧ م,857276,,Shobra,el Dawlya,,No
2026-08-30,٠٨:٤٧ م,859761,,Mohandiseen,Jasson,,Yes
2026-08-30,٠٨:٤٧ م,861135,,Mohandiseen,Jasson,,No
2026-08-30,٠٨:٤٧ م,879575,,Mohandiseen,Al Alamia,,Yes
2026-08-30,٠٨:٤٧ م,879582,,Mohandiseen,Team mh for Delivery,,Yes
2026-08-30,٠٨:٤٧ م,880110,,Mohandiseen,el Dawlya,,Yes
2026-08-30,٠٨:٤٧ م,887527,,Mohandiseen,Apache,,Yes
2026-08-30,٠٨:٤٧ م,888570,,Mohandiseen,MTA,,Yes
2026-08-30,٠٨:٤٧ م,888591,,Mohandiseen,MTA,,Yes
2026-08-30,٠٨:٤٧ م,904541,,Hadayek el qobba,Stop Car,,No
2026-08-30,٠٨:٤٧ م,908593,,Mohandiseen,Al Alamia,,Yes
2026-08-30,٠٨:٤٧ م,908631,,Mohandiseen,Al Alamia,,No
2026-08-30,٠٨:٤٧ م,909503,,Shobra,El Abtal,,Yes
2026-08-30,٠٨:٤٧ م,911315,,Mohandiseen,Jasson,,Yes
2026-08-30,٠٨:٤٧ م,911416,,Mohandiseen,Speedo,,Yes
2026-08-30,٠٨:٤٧ م,912356,,Shobra,el Dawlya,,Yes
2026-08-30,٠٨:٤٧ م,912359,,Shobra,el Dawlya,,Yes
2026-08-30,٠٨:٤٧ م,917652,,Mohandiseen,Team mh for Delivery,,Yes
2026-08-30,٠٨:٤٧ م,919803,,Mohandiseen,Al Alamia,,No
2026-08-30,٠٨:٤٧ م,921688,,Shobra,El Abtal,,No
2026-08-30,٠٨:٤٧ م,923025,,Mohandiseen,Team mh for Delivery,,Yes
2026-08-30,٠٨:٤٧ م,938637,,Mohandiseen,Ebad El rahman,,No
2026-08-30,٠٨:٤٧ م,943590,,Mohandiseen,Al Alamia,,No
2026-08-30,٠٨:٤٧ م,949514,,Shobra,MTA,,Yes
2026-08-30,٠٨:٤٧ م,949519,,Mohandiseen,El Tohami,,No
2026-08-30,٠٨:٤٧ م,949603,,Mohandiseen,MTA,,Yes
2026-08-30,٠٨:٤٧ م,951744,,Mohandiseen,Team mh for Delivery,,No
2026-08-30,٠٨:٤٧ م,958380,,Mohandiseen,MTA,,Yes
2026-08-30,٠٨:٤٧ م,958383,,Mohandiseen,MTA,,Yes
2026-08-30,٠٨:٤٧ م,959681,,Mohandiseen,El Tohami,,Yes
2026-08-30,٠٨:٤٧ م,960467,,Mohandiseen,Team mh for Delivery,,Yes
2026-08-30,٠٨:٤٧ م,976817,,Mohandiseen,el Dawlya,,No
2026-08-30,٠٨:٤٧ م,980159,,Mohandiseen,Ready,,No
2026-08-30,٠٨:٤٧ م,988145,,Mohandiseen,Al Alamia,,Yes
2026-08-30,٠٨:٤٧ م,988153,,Mohandiseen,el Dawlya,,No
2026-08-30,٠٨:٤٧ م,993184,,Shobra,el Dawlya,,No
2026-08-30,٠٨:٤٧ م,993191,,Shobra,el Dawlya,,No
2026-08-30,٠٨:٤٧ م,994624,,Mohandiseen,Speedo,,Yes
2026-08-30,٠٨:٤٧ م,1000112,,Mohandiseen,el Dawlya,,Yes
2026-08-30,٠٨:٤٧ م,1001791,,Mohandiseen,Team mh for Delivery,,No
2026-08-30,٠٨:٤٧ م,1003546,,Mohandiseen,el Dawlya,,Yes
2026-08-30,٠٨:٤٧ م,1008924,,Mohandiseen,el Dawlya,,Yes
2026-08-30,٠٨:٤٧ م,1014629,,Shobra,Al Alamia,,No
2026-08-30,٠٨:٤٧ م,1014728,,Mohandiseen,El Abtal,,Yes
2026-08-30,٠٨:٤٧ م,1014744,,Hadayek el qobba,Full Speed,,No
2026-08-30,٠٨:٤٧ م,1014782,,Mohandiseen,el Dawlya,,Yes
2026-08-30,٠٨:٤٧ م,1019870,,Mohandiseen,Team mh for Delivery,,Yes
2026-08-30,٠٨:٤٧ م,1027905,,Hadayek el qobba,Top delivery,,Yes
2026-08-30,٠٨:٤٧ م,1039603,,Hadayek el qobba,Top delivery,,Yes
2026-08-30,٠٨:٤٧ م,1039613,,Shobra,Top delivery,,Yes
2026-08-30,٠٨:٤٧ م,1047923,,Mohandiseen,Jasson,,No
2026-08-30,٠٨:٤٧ م,1050349,,Mohandiseen,el Dawlya,,No
2026-08-30,٠٨:٤٧ م,1056311,,Mohandiseen,Al Alamia,,Yes
2026-08-30,٠٨:٤٧ م,1058515,,Hadayek el qobba,Top delivery,,Yes
2026-08-30,٠٨:٤٧ م,1058578,,Mohandiseen,El Abtal,,Yes
2026-08-30,٠٨:٤٧ م,1058585,,Mohandiseen,MTA,,Yes
2026-08-30,٠٨:٤٧ م,1059817,,Mohandiseen,El Tohami,,Yes
2026-08-30,٠٨:٤٧ م,1064447,,Mohandiseen,Speedo,,Yes
2026-08-30,٠٨:٤٧ م,1074205,,Mohandiseen,Speedo,,No
2026-08-30,٠٨:٤٧ م,1077602,,Mohandiseen,MTA,,Yes
2026-08-30,٠٨:٤٧ م,1079864,,Mohandiseen,El Abtal,,Yes
2026-08-30,٠٨:٤٧ م,1080341,,Mohandiseen,El Tohami,,No
2026-08-30,٠٨:٤٧ م,1084985,,Mohandiseen,El Abtal,,Yes
2026-08-30,٠٨:٤٧ م,1087185,,Hadayek el qobba,MTA,,Yes
2026-08-30,٠٨:٤٧ م,1090921,,Hadayek el qobba,Al Alamia,,Yes
2026-08-30,٠٨:٤٧ م,1094827,,Shobra,El Abtal,,Yes
2026-08-30,٠٨:٤٧ م,1098736,,Hadayek el qobba,Full Speed,,Yes
2026-08-30,٠٨:٤٧ م,1108913,,Mohandiseen,el Dawlya,,No
2026-08-30,٠٨:٤٧ م,1109203,,Mohandiseen,Team mh for Delivery,,Yes
2026-08-30,٠٨:٤٧ م,1109334,,Mohandiseen,Team mh for Delivery,,No
2026-08-30,٠٨:٤٧ م,1112151,,Mohandiseen,el Dawlya,,Yes
2026-08-30,٠٨:٤٧ م,1113556,,Mohandiseen,el Dawlya,,Yes
2026-08-30,٠٨:٤٧ م,1115813,,Shobra,Al Alamia,,No
2026-08-30,٠٨:٤٧ م,1116868,,Mohandiseen,Team mh for Delivery,,Yes
2026-08-30,٠٨:٤٧ م,1119949,,Hadayek el qobba,Full Speed,,Yes
2026-08-30,٠٨:٤٧ م,1131605,,Mohandiseen,Full Speed,,Yes
2026-08-30,٠٨:٤٧ م,1131945,,Mohandiseen,Team mh for Delivery,,Yes
2026-08-30,٠٨:٤٧ م,1132262,,Mohandiseen,Team mh for Delivery,,No
2026-08-30,٠٨:٤٧ م,1133970,,Mohandiseen,Al Alamia,,Yes
2026-08-30,٠٨:٤٧ م,1137096,,Mohandiseen,Jasson,,Yes
2026-08-30,٠٨:٤٧ م,1139863,,Mohandiseen,Jasson,,Yes
2026-08-30,٠٨:٤٧ م,1140215,,Mohandiseen,el Dawlya,,No
2026-08-30,٠٨:٤٧ م,1144349,,Mohandiseen,el Dawlya,,Yes
2026-08-30,٠٨:٤٧ م,1144422,,Mohandiseen,Team mh for Delivery,,Yes
2026-08-30,٠٨:٤٧ م,1147190,,Mohandiseen,El Abtal,,Yes
2026-08-30,٠٨:٤٧ م,1149012,,Shobra,MTA,,Yes
2026-08-30,٠٨:٤٧ م,1151162,,Hadayek el qobba,Jasson,,No
2026-08-30,٠٨:٤٧ م,1152207,,Mohandiseen,Team mh for Delivery,,Yes
2026-08-30,٠٨:٤٧ م,1152386,,Mohandiseen,El Tohami,,No
2026-08-30,٠٨:٤٧ م,1152418,,Mohandiseen,El Tohami,,Yes
2026-08-30,٠٨:٤٧ م,1153644,,Mohandiseen,Ebad El rahman,,No
2026-08-30,٠٨:٤٧ م,1157838,,Mohandiseen,Apache,,Yes
2026-08-30,٠٨:٤٧ م,1158249,,Shobra,Al Alamia,,Yes
2026-08-30,٠٨:٤٧ م,1160204,,Mohandiseen,El Abtal,,Yes
2026-08-30,٠٨:٤٧ م,1162238,,Mohandiseen,Team mh for Delivery,,Yes
2026-08-30,٠٨:٤٧ م,1167141,,Shobra,El Tohami,,No
2026-08-30,٠٨:٤٧ م,1168958,,Mohandiseen,el Dawlya,,Yes
2026-08-30,٠٨:٤٧ م,1170241,,Mohandiseen,El Abtal,,Yes
2026-08-30,٠٨:٤٧ م,1172594,,Mohandiseen,Ebad El rahman,,No
2026-08-30,٠٨:٤٧ م,1172599,,Shobra,Al Alamia,,No
2026-08-30,٠٨:٤٧ م,1175396,,Mohandiseen,Jasson,,Yes
2026-08-30,٠٨:٤٧ م,1176926,,Hadayek el qobba,Ready,,Yes
2026-08-30,٠٨:٤٧ م,1181901,,Mohandiseen,Al Alamia,,Yes
2026-08-30,٠٨:٤٧ م,1182193,,Hadayek el qobba,El Tohami,,No
2026-08-30,٠٨:٤٧ م,1182218,,Hadayek el qobba,El Tohami,,No
2026-08-30,٠٨:٤٧ م,1182403,,Shobra,Top delivery,,No
2026-08-30,٠٨:٤٧ م,1189353,,Hadayek el qobba,Speedo,,Yes
2026-08-30,٠٨:٤٧ م,1193436,,Hadayek el qobba,MTA,,No
2026-08-30,٠٨:٤٧ م,1195870,,Shobra,Al Alamia,,No
2026-08-30,٠٨:٤٧ م,1195970,,Mohandiseen,El Abtal,,Yes
2026-08-30,٠٨:٤٧ م,1198882,,Shobra,Al Alamia,,Yes
2026-08-30,٠٨:٤٧ م,1202464,,Hadayek el qobba,Top delivery,,Yes
2026-08-30,٠٨:٤٧ م,1205006,,Mohandiseen,El Abtal,,Yes
2026-08-30,٠٨:٤٧ م,1206442,,Shobra,Al Alamia,,No
2026-08-30,٠٨:٤٧ م,1207414,,Mohandiseen,el Dawlya,,Yes
2026-08-30,٠٨:٤٧ م,1207745,,Mohandiseen,El Abtal,,Yes
2026-08-30,٠٨:٤٧ م,1208998,,Mohandiseen,El Tohami,,Yes
2026-08-30,٠٨:٤٧ م,1210164,,Mohandiseen,El Tohami,,No
2026-08-30,٠٨:٤٧ م,1210318,,Mohandiseen,MTA,,Yes
2026-08-30,٠٨:٤٧ م,1211671,,Mohandiseen,Ebad El rahman,,No
2026-08-30,٠٨:٤٧ م,1212042,,Mohandiseen,Team mh for Delivery,,Yes
2026-08-30,٠٨:٤٧ م,1212728,,Mohandiseen,Speedo,,No
2026-08-30,٠٨:٤٧ م,1215197,,Mohandiseen,El Abtal,,Yes
2026-08-30,٠٨:٤٧ م,1215289,,Mohandiseen,El Abtal,,Yes
2026-08-30,٠٨:٤٧ م,1220649,,Mohandiseen,el Dawlya,,Yes
2026-08-30,٠٨:٤٧ م,1222426,,Shobra,el Dawlya,,No
2026-08-30,٠٨:٤٧ م,1222710,,Hadayek el qobba,Team mh for Delivery,,Yes
2026-08-30,٠٨:٤٧ م,1222746,,Mohandiseen,El Abtal,,Yes
2026-08-30,٠٨:٤٧ م,1225003,,Mohandiseen,el Dawlya,,Yes
2026-08-30,٠٨:٤٧ م,1225489,,Mohandiseen,El Abtal,,No
2026-08-30,٠٨:٤٧ م,1225977,,Mohandiseen,Speedo,,No
2026-08-30,٠٨:٤٧ م,1226763,,Hadayek el qobba,Top delivery,,Yes
2026-08-30,٠٨:٤٧ م,1229094,,Mohandiseen,Full Speed,,Yes
2026-08-30,٠٨:٤٧ م,1230421,,Mohandiseen,Speedo,,No
2026-08-30,٠٨:٤٧ م,1232772,,Mohandiseen,El Abtal,,No
2026-08-30,٠٨:٤٧ م,1233070,,Mohandiseen,El Tohami,,No
2026-08-30,٠٨:٤٧ م,1234464,,Shobra,Al Alamia,,No
2026-08-30,٠٨:٤٧ م,1235612,,Shobra,Al Alamia,,Yes
2026-08-30,٠٨:٤٧ م,1237260,,Mohandiseen,El Abtal,,Yes
2026-08-30,٠٨:٤٧ م,1243180,,Mohandiseen,Team mh for Delivery,,Yes
2026-08-30,٠٨:٤٧ م,1244215,,Shobra,Al Alamia,,No
2026-08-30,٠٨:٤٧ م,1244255,,Mohandiseen,Speedo,,Yes
2026-08-30,٠٨:٤٧ م,1248659,,Mohandiseen,Speedo,,No
2026-08-30,٠٨:٤٧ م,1248665,,Mohandiseen,Speedo,,Yes
2026-08-30,٠٨:٤٧ م,1251327,,Mohandiseen,Jasson,,Yes
2026-08-30,٠٨:٤٧ م,1253863,,Mohandiseen,Team mh for Delivery,,Yes
2026-08-30,٠٨:٤٧ م,1254161,,Mohandiseen,El Tohami,,No
2026-08-30,٠٨:٤٧ م,1255934,,Mohandiseen,Team mh for Delivery,,Yes
2026-08-30,٠٨:٤٧ م,1255938,,Mohandiseen,Team mh for Delivery,,No
2026-08-30,٠٨:٤٧ م,1256086,,Mohandiseen,El Tohami,,No
2026-08-30,٠٨:٤٧ م,1258596,,Hadayek el qobba,Al Alamia,,Yes
2026-08-30,٠٨:٤٧ م,1259330,,Mohandiseen,Team mh for Delivery,,Yes
2026-08-30,٠٨:٤٧ م,1259331,,Mohandiseen,El Abtal,,No
2026-08-30,٠٨:٤٧ م,1259451,,Mohandiseen,Team mh for Delivery,,Yes
2026-08-30,٠٨:٤٧ م,1260346,,Shobra,MTA,,No
2026-08-30,٠٨:٤٧ م,1260392,,Mohandiseen,El Abtal,,Yes
2026-08-30,٠٨:٤٧ م,1262772,,Mohandiseen,El Abtal,,Yes
2026-08-30,٠٨:٤٧ م,1266002,,Mohandiseen,Jasson,,No
2026-08-30,٠٨:٤٧ م,1266015,,Mohandiseen,el Dawlya,,No
2026-08-30,٠٨:٤٧ م,1266046,,Mohandiseen,Team mh for Delivery,,No
2026-08-30,٠٨:٤٧ م,1267647,,Mohandiseen,Al Alamia,,Yes
2026-08-30,٠٨:٤٧ م,1267648,,Mohandiseen,Al Alamia,,Yes
2026-08-30,٠٨:٤٧ م,1270221,,Mohandiseen,MTA,,Yes
2026-08-30,٠٨:٤٧ م,1270278,,Shobra,MTA,,No
2026-08-30,٠٨:٤٧ م,1270517,,Mohandiseen,Team mh for Delivery,,Yes
2026-08-30,٠٨:٤٧ م,1273850,,Mohandiseen,Al Alamia,,Yes
2026-08-30,٠٨:٤٧ م,1274989,,Mohandiseen,MTA,,No
2026-08-30,٠٨:٤٧ م,1277818,,Mohandiseen,El Tohami,,Yes
2026-08-30,٠٨:٤٧ م,1277878,,Mohandiseen,Tanta Car,,No
2026-08-30,٠٨:٤٧ م,1284659,,Mohandiseen,Speedo,,No
2026-08-30,٠٨:٤٧ م,1287198,,Mohandiseen,Speedo,,No
2026-08-30,٠٨:٤٧ م,1294520,,Mohandiseen,Team mh for Delivery,,No
2026-08-30,٠٨:٤٧ م,1294589,,Mohandiseen,el Dawlya,,Yes
2026-08-30,٠٨:٤٧ م,1306234,,Mohandiseen,Jasson,,Yes
2026-08-30,٠٨:٤٧ م,1310941,,Mohandiseen,MTA,,No
2026-08-30,٠٨:٤٧ م,1310942,,Mohandiseen,MTA,,No
2026-08-30,٠٨:٤٧ م,1310989,,Mohandiseen,MTA,,No
2026-08-30,٠٨:٤٧ م,1312695,,Mohandiseen,El Tohami,,Yes
2026-08-30,٠٨:٤٧ م,1315754,,Mohandiseen,MTA,,Yes
2026-08-30,٠٨:٤٧ م,1316092,,Mohandiseen,El Abtal,,Yes
2026-08-30,٠٨:٤٧ م,1316324,,Mohandiseen,El Tohami,,Yes
2026-08-30,٠٨:٤٧ م,1317134,,Shobra,MTA,,No
2026-08-30,٠٨:٤٧ م,1317179,,Mohandiseen,Team mh for Delivery,,No
2026-08-30,٠٨:٤٧ م,1322172,,Hadayek el qobba,BeCool,,No
2026-08-30,٠٨:٤٧ م,1322271,,Mohandiseen,MTA,,Yes
2026-08-30,٠٨:٤٧ م,1322274,,Mohandiseen,Al Alamia,,Yes
2026-08-30,٠٨:٤٧ م,1323792,,Mohandiseen,Al Alamia,,Yes
2026-08-30,٠٨:٤٧ م,1323795,,Mohandiseen,Al Alamia,,Yes
2026-08-30,٠٨:٤٧ م,1325618,,Shobra,MTA,,Yes
2026-08-30,٠٨:٤٧ م,1327419,,Shobra,El Abtal,,No
2026-08-30,٠٨:٤٧ م,1329310,,Mohandiseen,Ebad El rahman,,Yes
2026-08-30,٠٨:٤٧ م,1332424,,Mohandiseen,El Abtal,,No
2026-08-30,٠٨:٤٧ م,1344442,,Mohandiseen,MTA,,Yes
2026-08-30,٠٨:٤٧ م,1345603,,Shobra,Al Alamia,,No
2026-08-30,٠٨:٤٧ م,1346233,,Mohandiseen,Ebad El rahman,,Yes
2026-08-30,٠٨:٤٧ م,1346927,,Hadayek el qobba,Al Alamia,,Yes
2026-08-30,٠٨:٤٧ م,1347665,,Mohandiseen,MTA,,Yes
2026-08-30,٠٨:٤٧ م,1348888,,Mohandiseen,Team mh for Delivery,,Yes
2026-08-30,٠٨:٤٧ م,1348912,,Mohandiseen,El Abtal,,Yes
2026-08-30,٠٨:٤٧ م,1350485,,Hadayek el qobba,MTA,,Yes
2026-08-30,٠٨:٤٧ م,1350821,,Mohandiseen,El Abtal,,Yes
2026-08-30,٠٨:٤٧ م,1354058,,Mohandiseen,Team mh for Delivery,,Yes
2026-08-30,٠٨:٤٧ م,1355741,,Mohandiseen,El Ezz,,No
2026-08-30,٠٨:٤٧ م,1356057,,Shobra,el Dawlya,,Yes
2026-08-30,٠٨:٤٧ م,1356238,,Shobra,El Abtal,,No
2026-08-30,٠٨:٤٧ م,1357004,,Mohandiseen,El Ezz,,No
2026-08-30,٠٨:٤٧ م,1357049,,Mohandiseen,Top delivery,,Yes
2026-08-30,٠٨:٤٧ م,1358221,,Shobra,Al Alamia,,Yes
2026-08-30,٠٨:٤٧ م,1359556,,Mohandiseen,Al Alamia,,Yes
2026-08-30,٠٨:٤٧ م,1361807,,Mohandiseen,El Tohami,,No
2026-08-30,٠٨:٤٧ م,1361859,,Mohandiseen,MTA,,Yes
2026-08-30,٠٨:٤٧ م,1363413,,Shobra,Al Alamia,,Yes
2026-08-30,٠٨:٤٧ م,1367620,,Mohandiseen,Jasson,,Yes
2026-08-30,٠٨:٤٧ م,1367623,,Mohandiseen,El Abtal,,Yes
2026-08-30,٠٨:٤٧ م,1371296,,Mohandiseen,El Tohami,,Yes
2026-08-30,٠٨:٤٧ م,1371321,,Mohandiseen,El Tohami,,Yes
2026-08-30,٠٨:٤٧ م,1371901,,Mohandiseen,Team mh for Delivery,,No
2026-08-30,٠٨:٤٧ م,1381057,,Mohandiseen,Al Alamia,,Yes
2026-08-30,٠٨:٤٧ م,1382233,,Mohandiseen,Speedo,,Yes
2026-08-30,٠٨:٤٧ م,1382333,,Mohandiseen,El Abtal,,Yes
2026-08-30,٠٨:٤٧ م,1383596,,Mohandiseen,Al Alamia,,Yes
2026-08-30,٠٨:٤٧ م,1384718,,Mohandiseen,El Abtal,,No
2026-08-30,٠٨:٤٧ م,1384739,,Mohandiseen,el Dawlya,,No
2026-08-30,٠٨:٤٧ م,1386141,,Hadayek el qobba,Al Alamia,,No
2026-08-30,٠٨:٤٧ م,1388855,,Mohandiseen,el Dawlya,,Yes
2026-08-30,٠٨:٤٧ م,1390602,,Shobra,Team mh for Delivery,,Yes
2026-08-30,٠٨:٤٧ م,1390633,,Shobra,Al Alamia,,Yes
2026-08-30,٠٨:٤٧ م,1394070,,Shobra,Team mh for Delivery,,Yes
2026-08-30,٠٨:٤٧ م,1401234,,Mohandiseen,Jasson,,Yes
2026-08-30,٠٨:٤٧ م,1405627,,Mohandiseen,Al Alamia,,No
2026-08-30,٠٨:٤٧ م,1405701,,Mohandiseen,Team mh for Delivery,,Yes
2026-08-30,٠٨:٤٧ م,1406831,,Mohandiseen,Al Alamia,,Yes
2026-08-30,٠٨:٤٧ م,1408770,,Mohandiseen,MTA,,Yes
2026-08-30,٠٨:٤٧ م,1410417,,Hadayek el qobba,MTA,,No
2026-08-30,٠٨:٤٧ م,1412095,,Hadayek el qobba,Ebad El rahman,,Yes
2026-08-30,٠٨:٤٧ م,1412137,,Shobra,El Abtal,,Yes
2026-08-30,٠٨:٤٧ م,1414377,,Mohandiseen,El Ezz,,Yes
2026-08-30,٠٨:٤٧ م,1414394,,Mohandiseen,MTA,,Yes
2026-08-30,٠٨:٤٧ م,1417257,,Mohandiseen,MTA,,Yes
2026-08-30,٠٨:٤٧ م,1418174,,Shobra,Team mh for Delivery,,Yes
2026-08-30,٠٨:٤٧ م,1420160,,Mohandiseen,MTA,,No
2026-08-30,٠٨:٤٧ م,1421402,,Mohandiseen,BeCool,,No
2026-08-30,٠٨:٤٧ م,1424132,,Mohandiseen,MTA,,No
2026-08-30,٠٨:٤٧ م,1425974,,Mohandiseen,Al Alamia,,Yes
2026-08-30,٠٨:٤٧ م,1429635,,Mohandiseen,Ebad El rahman,,Yes
2026-08-30,٠٨:٤٧ م,1433132,,Hadayek el qobba,Team mh for Delivery,,Yes
2026-08-30,٠٨:٤٧ م,1434380,,Mohandiseen,el Dawlya,,No
2026-08-30,٠٨:٤٧ م,1435058,,Mohandiseen,MTA,,Yes
2026-08-30,٠٨:٤٧ م,1436190,,Shobra,Team mh for Delivery,,Yes
2026-08-30,٠٨:٤٧ م,1436474,,Mohandiseen,Jasson,,No
2026-08-30,٠٨:٤٧ م,1436498,,Shobra,Al Alamia,,No
2026-08-30,٠٨:٤٧ م,1438866,,Mohandiseen,Jasson,,No
2026-08-30,٠٨:٤٧ م,1439019,,Shobra,Al Alamia,,Yes
2026-08-30,٠٨:٤٧ م,1439053,,Shobra,Team mh for Delivery,,No
2026-08-30,٠٨:٤٧ م,1442500,,Shobra,Team mh for Delivery,,No
2026-08-30,٠٨:٤٧ م,1445875,,Shobra,MTA,,No
2026-08-30,٠٨:٤٧ م,1446670,,Mohandiseen,el Dawlya,,No
2026-08-30,٠٨:٤٧ م,1446700,,Mohandiseen,el Dawlya,,Yes
2026-08-30,٠٨:٤٧ م,1448653,,Mohandiseen,el Dawlya,,Yes
2026-08-30,٠٨:٤٧ م,1448680,,Mohandiseen,Full Speed,,No
2026-08-30,٠٨:٤٧ م,1450581,,Mohandiseen,Al Alamia,,No
2026-08-30,٠٨:٤٧ م,1450859,,Mohandiseen,MTA,,Yes
2026-08-30,٠٨:٤٧ م,1450917,,Mohandiseen,Speedo,,Yes
2026-08-30,٠٨:٤٧ م,1451438,,Mohandiseen,Speedo,,Yes
2026-08-30,٠٨:٤٧ م,1452545,,Shobra,Al Alamia,,Yes
2026-08-30,٠٨:٤٧ م,1452660,,Mohandiseen,MTA,,Yes
2026-08-30,٠٨:٤٧ م,1453817,,Mohandiseen,el Dawlya,,Yes
2026-08-30,٠٨:٤٧ م,1455104,,Shobra,El Abtal,,Yes
2026-08-30,٠٨:٤٧ م,1455378,,Mohandiseen,El Abtal,,Yes
2026-08-30,٠٨:٤٧ م,1457178,,Hadayek el qobba,Team mh for Delivery,,Yes
2026-08-30,٠٨:٤٧ م,1457688,,Mohandiseen,BeCool,,Yes
2026-08-30,٠٨:٤٧ م,1459190,,Hadayek el qobba,Al Alamia,,No
2026-08-30,٠٨:٤٧ م,1459257,,Shobra,MTA,,No
2026-08-30,٠٨:٤٧ م,1460521,,Mohandiseen,el Dawlya,,No
2026-08-30,٠٨:٤٧ م,1464677,,Shobra,Team mh for Delivery,,Yes
2026-08-30,٠٨:٤٧ م,1465964,,Mohandiseen,Speedo,,Yes
2026-08-30,٠٨:٤٧ م,1465965,,Mohandiseen,el Dawlya,,No
2026-08-30,٠٨:٤٧ م,1466312,,Hadayek el qobba,El Abtal,,Yes
2026-08-30,٠٨:٤٧ م,1466363,,Mohandiseen,El Tohami,,No
2026-08-30,٠٨:٤٧ م,1467238,,Mohandiseen,El Tohami,,Yes
2026-08-30,٠٨:٤٧ م,1467308,,Hadayek el qobba,El Abtal,,No
2026-08-30,٠٨:٤٧ م,1470750,,Mohandiseen,Ebad El rahman,,No
2026-08-30,٠٨:٤٧ م,1472325,,Mohandiseen,Top delivery,,Yes
2026-08-30,٠٨:٤٧ م,1472369,,Mohandiseen,Ebad El rahman,,No
2026-08-30,٠٨:٤٧ م,1473949,,Hadayek el qobba,Top delivery,,Yes
2026-08-30,٠٨:٤٧ م,1476656,,Mohandiseen,Al Alamia,,No
2026-08-30,٠٨:٤٧ م,1477462,,Mohandiseen,Ebad El rahman,,No
2026-08-30,٠٨:٤٧ م,1477507,,Mohandiseen,MTA,,No
2026-08-30,٠٨:٤٧ م,1477559,,Mohandiseen,El Abtal,,Yes
2026-08-30,٠٨:٤٧ م,1477561,,Shobra,Team mh for Delivery,,No
2026-08-30,٠٨:٤٧ م,1479098,,Mohandiseen,El Abtal,,Yes
2026-08-30,٠٨:٤٧ م,1480602,,Hadayek el qobba,Team mh for Delivery,,No
2026-08-30,٠٨:٤٧ م,1481658,,Shobra,Team mh for Delivery,,Yes
2026-08-30,٠٨:٤٧ م,1481995,,Mohandiseen,Full Speed,,Yes
2026-08-30,٠٨:٤٧ م,1486687,,Mohandiseen,Ebad El rahman,,No
2026-08-30,٠٨:٤٧ م,1486688,,Mohandiseen,El Abtal,,Yes
2026-08-30,٠٨:٤٧ م,1501424,,Shobra,El Abtal,,No
2026-08-30,٠٨:٤٧ م,1501446,,Hadayek el qobba,Top delivery,,Yes
2026-08-30,٠٨:٤٧ م,1505042,,Mohandiseen,Team mh for Delivery,,No
2026-08-30,٠٨:٤٧ م,1505432,,Mohandiseen,Jasson,,Yes
2026-08-30,٠٨:٤٧ م,1505884,,Hadayek el qobba,Team mh for Delivery,,No
2026-08-30,٠٨:٤٧ م,1505885,,Mohandiseen,Al Alamia,,No
2026-08-30,٠٨:٤٧ م,1507641,,Mohandiseen,el Dawlya,,Yes
2026-08-30,٠٨:٤٧ م,1507692,,Mohandiseen,el Dawlya,,No
2026-08-30,٠٨:٤٧ م,1507783,,Mohandiseen,el Dawlya,,Yes
2026-08-30,٠٨:٤٧ م,1508484,,Shobra,El Abtal,,Yes
2026-08-30,٠٨:٤٧ م,1510877,,Mohandiseen,El Abtal,,No
2026-08-30,٠٨:٤٧ م,1525650,,Mohandiseen,Full Speed,,Yes
2026-08-30,٠٨:٤٧ م,1529438,,Mohandiseen,Al Alamia,,Yes
2026-08-30,٠٨:٤٧ م,1530718,,Mohandiseen,MTA,,Yes
2026-08-30,٠٨:٤٧ م,1531803,,Mohandiseen,Team mh for Delivery,,Yes
2026-08-30,٠٨:٤٧ م,1535543,,Mohandiseen,Speedo,,No
2026-08-30,٠٨:٤٧ م,1537575,,Mohandiseen,el Dawlya,,Yes
2026-08-30,٠٨:٤٧ م,1542096,,Mohandiseen,Speedo,,Yes
2026-08-30,٠٨:٤٧ م,1544664,,Mohandiseen,El Abtal,,Yes
2026-08-30,٠٨:٤٧ م,1547343,,Hadayek el qobba,Team mh for Delivery,,No
2026-08-30,٠٨:٤٧ م,1549344,,Mohandiseen,El Ezz,,Yes
2026-08-30,٠٨:٤٧ م,1549583,,Shobra,Team mh for Delivery,,Yes
2026-08-30,٠٨:٤٧ م,1550273,,Hadayek el qobba,MTA,,No
2026-08-30,٠٨:٤٧ م,1552592,,Shobra,Team mh for Delivery,,Yes
2026-08-30,٠٨:٤٧ م,1552673,,Mohandiseen,El Tohami,,Yes
2026-08-30,٠٨:٤٧ م,1552766,,Mohandiseen,Top delivery,,No
2026-08-30,٠٨:٤٧ م,1555457,,Shobra,MTA,,No
2026-08-30,٠٨:٤٧ م,1556465,,Mohandiseen,Speedo,,Yes
2026-08-30,٠٨:٤٧ م,1560034,,Mohandiseen,el Dawlya,,Yes
2026-08-30,٠٨:٤٧ م,1561694,,Mohandiseen,El Ezz,,No
2026-08-30,٠٨:٤٧ م,1563333,,Mohandiseen,El Ezz,,Yes
2026-08-30,٠٨:٤٧ م,1563836,,Mohandiseen,Al Alamia,,No
2026-08-30,٠٨:٤٧ م,1564544,,Mohandiseen,Ebad El rahman,,No
2026-08-30,٠٨:٤٧ م,1567709,,Mohandiseen,el Dawlya,,No
2026-08-30,٠٨:٤٧ م,1568504,,Mohandiseen,Speedo,,No
2026-08-30,٠٨:٤٧ م,1568527,,Mohandiseen,Speedo,,Yes
2026-08-30,٠٨:٤٧ م,1569404,,Mohandiseen,MTA,,No
2026-08-30,٠٨:٤٧ م,1570247,,Mohandiseen,el Dawlya,,Yes
2026-08-30,٠٨:٤٧ م,1571796,,Shobra,El Tohami,,No
2026-08-30,٠٨:٤٧ م,1571826,,Mohandiseen,el Dawlya,,Yes
2026-08-30,٠٨:٤٧ م,1573078,,Mohandiseen,el Dawlya,,No
2026-08-30,٠٨:٤٧ م,1573147,,Hadayek el qobba,MTA,,Yes
2026-08-30,٠٨:٤٧ م,1574881,,Mohandiseen,Al Alamia,,No
2026-08-30,٠٨:٤٧ م,1575815,,Shobra,el Dawlya,,No
2026-08-30,٠٨:٤٧ م,1576859,,Mohandiseen,Full Speed,,No
2026-08-30,٠٨:٤٧ م,1576873,,Mohandiseen,El Abtal,,Yes
2026-08-30,٠٨:٤٧ م,1577775,,Mohandiseen,Al Alamia,,Yes
2026-08-30,٠٨:٤٧ م,1577802,,Mohandiseen,Speedo,,No
2026-08-30,٠٨:٤٧ م,1577873,,Mohandiseen,El Abtal,,Yes
2026-08-30,٠٨:٤٧ م,1578960,,Mohandiseen,Team mh for Delivery,,No
2026-08-30,٠٨:٤٧ م,1578979,,Mohandiseen,Ebad El rahman,,Yes
2026-08-30,٠٨:٤٧ م,1581744,,Hadayek el qobba,Team mh for Delivery,,Yes
2026-08-30,٠٨:٤٧ م,1583551,,Mohandiseen,El Ezz,,Yes
2026-08-30,٠٨:٤٧ م,1584644,,Mohandiseen,El Tohami,,Yes
2026-08-30,٠٨:٤٧ م,1588272,,Mohandiseen,Full Speed,,Yes
2026-08-30,٠٨:٤٧ م,1590306,,Mohandiseen,El Tohami,,Yes
2026-08-30,٠٨:٤٧ م,1590344,,Mohandiseen,El Abtal,,Yes
2026-08-30,٠٨:٤٧ م,1590349,,Mohandiseen,Jasson,,Yes
2026-08-30,٠٨:٤٧ م,1592726,,Mohandiseen,MTA,,Yes
2026-08-30,٠٨:٤٧ م,1602185,,Mohandiseen,Jasson,,Yes
2026-08-30,٠٨:٤٧ م,1603002,,Hadayek el qobba,MTA,,Yes
2026-08-30,٠٨:٤٧ م,1603942,,Hadayek el qobba,Speedo,,Yes
2026-08-30,٠٨:٤٧ م,1626942,,Mohandiseen,Team mh for Delivery,,No
2026-08-30,٠٨:٤٧ م,1627110,,Mohandiseen,el Dawlya,,No
2026-08-30,٠٨:٤٧ م,1627941,,Shobra,El Abtal,,Yes
2026-08-30,٠٨:٤٧ م,1632484,,Hadayek el qobba,Top delivery,,No
2026-08-30,٠٨:٤٧ م,1632496,,Hadayek el qobba,Jasson,,Yes
2026-08-30,٠٨:٤٧ م,1633190,,Mohandiseen,Ebad El rahman,,Yes
2026-08-30,٠٨:٤٧ م,1633234,,Mohandiseen,Al Alamia,,Yes
2026-08-30,٠٨:٤٧ م,1633279,,Mohandiseen,Speedo,,Yes
2026-08-30,٠٨:٤٧ م,1633413,,Mohandiseen,Speedo,,No
2026-08-30,٠٨:٤٧ م,1633640,,Mohandiseen,Jasson,,Yes
2026-08-30,٠٨:٤٧ م,1633649,,Mohandiseen,Jasson,,Yes
2026-08-30,٠٨:٤٧ م,1633700,,Mohandiseen,El Ezz,,No
2026-08-30,٠٨:٤٧ م,1634624,,Mohandiseen,El Abtal,,Yes
2026-08-30,٠٨:٤٧ م,1634693,,Mohandiseen,Jasson,,No
2026-08-30,٠٨:٤٧ م,1636306,,Hadayek el qobba,Al Alamia,,Yes
2026-08-30,٠٨:٤٧ م,1638234,,Mohandiseen,Speedo,,Yes
2026-08-30,٠٨:٤٧ م,1638510,,Mohandiseen,Al Alamia,,No
2026-08-30,٠٨:٤٧ م,1638533,,Mohandiseen,El Abtal,,No
2026-08-30,٠٨:٤٧ م,1640171,,Mohandiseen,El Tohami,,No
2026-08-30,٠٨:٤٧ م,1651741,,Shobra,Team mh for Delivery,,No
2026-08-30,٠٨:٤٧ م,1652739,,Mohandiseen,El Abtal,,Yes
2026-08-30,٠٨:٤٧ م,1654575,,Hadayek el qobba,Al Alamia,,No
2026-08-30,٠٨:٤٧ م,1656447,,Mohandiseen,Team mh for Delivery,,Yes
2026-08-30,٠٨:٤٧ م,1657585,,Mohandiseen,El Tohami,,Yes
2026-08-30,٠٨:٤٧ م,1659128,,Mohandiseen,Team mh for Delivery,,Yes
2026-08-30,٠٨:٤٧ م,1661109,,Mohandiseen,Team mh for Delivery,,Yes
2026-08-30,٠٨:٤٧ م,1661235,,Mohandiseen,Al Alamia,,Yes
2026-08-30,٠٨:٤٧ م,1663755,,Shobra,Al Alamia,,Yes
2026-08-30,٠٨:٤٧ م,1667960,,Mohandiseen,Team mh for Delivery,,Yes
2026-08-30,٠٨:٤٧ م,1668518,,Hadayek el qobba,Jasson,,Yes
2026-08-30,٠٨:٤٧ م,1668764,,Mohandiseen,Al Alamia,,Yes
2026-08-30,٠٨:٤٧ م,1668933,,Mohandiseen,Al Alamia,,No
2026-08-30,٠٨:٤٧ م,1670682,,Shobra,Team mh for Delivery,,Yes
2026-08-30,٠٨:٤٧ م,1670704,,Shobra,Team mh for Delivery,,No
2026-08-30,٠٨:٤٧ م,1671442,,Mohandiseen,El Tohami,,Yes
2026-08-30,٠٨:٤٧ م,1672869,,Hadayek el qobba,El Ezz,,Yes
2026-08-30,٠٨:٤٧ م,1673132,,Mohandiseen,Top delivery,,No
2026-08-30,٠٨:٤٧ م,1673888,,Mohandiseen,Al Alamia,,Yes
2026-08-30,٠٨:٤٧ م,1673968,,Mohandiseen,Speedo,,Yes
2026-08-30,٠٨:٤٧ م,1674819,,Hadayek el qobba,El Ezz,,Yes
2026-08-30,٠٨:٤٧ م,1674978,,Mohandiseen,Al Alamia,,No
2026-08-30,٠٨:٤٧ م,1676252,,Mohandiseen,Team mh for Delivery,,Yes
2026-08-30,٠٨:٤٧ م,1676512,,Mohandiseen,Super Speed,,No
2026-08-30,٠٨:٤٧ م,1676534,,Mohandiseen,Speedo,,Yes
2026-08-30,٠٨:٤٧ م,1677562,,Mohandiseen,Ebad El rahman,,Yes
2026-08-30,٠٨:٤٧ م,1677613,,Mohandiseen,Speedo,,Yes
2026-08-30,٠٨:٤٧ م,1678240,,Hadayek el qobba,Top delivery,,Yes
2026-08-30,٠٨:٤٧ م,1680258,,Mohandiseen,el Dawlya,,No
2026-08-30,٠٨:٤٧ م,1680277,,Mohandiseen,Ebad El rahman,,Yes
2026-08-30,٠٨:٤٧ م,1680299,,Mohandiseen,El Tohami,,Yes
2026-08-30,٠٨:٤٧ م,1681965,,Mohandiseen,Top delivery,,Yes
2026-08-30,٠٨:٤٧ م,1682807,,Shobra,Ebad El rahman,,Yes
2026-08-30,٠٨:٤٧ م,1684196,,Mohandiseen,Al Alamia,,No
2026-08-30,٠٨:٤٧ م,1685089,,Mohandiseen,Team mh for Delivery,,No
2026-08-30,٠٨:٤٧ م,1685212,,Mohandiseen,Al Alamia,,Yes
2026-08-30,٠٨:٤٧ م,1686087,,Mohandiseen,Jasson,,Yes
2026-08-30,٠٨:٤٧ م,1686111,,Mohandiseen,Al Alamia,,No
2026-08-30,٠٨:٤٧ م,1687230,,Mohandiseen,el Dawlya,,Yes
2026-08-30,٠٨:٤٧ م,1687243,,Mohandiseen,El Abtal,,Yes
2026-08-30,٠٨:٤٧ م,1688200,,Mohandiseen,el Dawlya,,No
2026-08-30,٠٨:٤٧ م,1688235,,Mohandiseen,Ebad El rahman,,Yes
2026-08-30,٠٨:٤٧ م,1689404,,Mohandiseen,Team mh for Delivery,,Yes
2026-08-30,٠٨:٤٧ م,1689408,,Mohandiseen,Team mh for Delivery,,Yes
2026-08-30,٠٨:٤٧ م,1692284,,Mohandiseen,El Abtal,,Yes
2026-08-30,٠٨:٤٧ م,1692309,,Mohandiseen,El Abtal,,No
2026-08-30,٠٨:٤٧ م,1692319,,Mohandiseen,Al Alamia,,Yes
2026-08-30,٠٨:٤٧ م,1692538,,Mohandiseen,Al Alamia,,Yes
2026-08-30,٠٨:٤٧ م,1694317,,Shobra,Top delivery,,No
2026-08-30,٠٨:٤٧ م,1694478,,Mohandiseen,Speedo,,Yes
2026-08-30,٠٨:٤٧ م,1694520,,Mohandiseen,Top delivery,,No
2026-08-30,٠٨:٤٧ م,1694788,,Mohandiseen,Team mh for Delivery,,No
2026-08-30,٠٨:٤٧ م,1694812,,Hadayek el qobba,Jasson,,Yes
2026-08-30,٠٨:٤٧ م,1694814,,Mohandiseen,Ebad El rahman,,No
2026-08-30,٠٨:٤٧ م,1697233,,Hadayek el qobba,Al Alamia,,No
2026-08-30,٠٨:٤٧ م,1698214,,Hadayek el qobba,Top delivery,,No
2026-08-30,٠٨:٤٧ م,1699272,,Hadayek el qobba,El Abtal,,No
2026-08-30,٠٨:٤٧ م,1700245,,Mohandiseen,Team mh for Delivery,,No
2026-08-30,٠٨:٤٧ م,1706034,,Hadayek el qobba,BeCool,,Yes
2026-08-30,٠٨:٤٧ م,1706848,,Shobra,Team mh for Delivery,,Yes
2026-08-30,٠٨:٤٧ م,1708533,,Hadayek el qobba,Team mh for Delivery,,Yes
2026-08-30,٠٨:٤٧ م,1710448,,Mohandiseen,MTA,,Yes
2026-08-30,٠٨:٤٧ م,1710534,,Mohandiseen,Jasson,,Yes
2026-08-30,٠٨:٤٧ م,1712303,,Mohandiseen,Speedo,,No
2026-08-30,٠٨:٤٧ م,1714360,,Mohandiseen,Team mh for Delivery,,Yes
2026-08-30,٠٨:٤٧ م,1735136,,Mohandiseen,El Abtal,,Yes
2026-08-30,٠٨:٤٧ م,1737279,,Mohandiseen,Ebad El rahman,,No
2026-08-30,٠٨:٤٧ م,1739382,,Hadayek el qobba,Speedo,,Yes
2026-08-30,٠٨:٤٧ م,1741028,,Mohandiseen,El Tohami,,Yes
2026-08-30,٠٨:٤٧ م,1741900,,Mohandiseen,Speedo,,Yes
2026-08-30,٠٨:٤٧ م,1741921,,Shobra,El Abtal,,Yes
2026-08-30,٠٨:٤٧ م,1741947,,Mohandiseen,Al Alamia,,Yes
2026-08-30,٠٨:٤٧ م,1741984,,Mohandiseen,Al Alamia,,Yes
2026-08-30,٠٨:٤٧ م,1742102,,Mohandiseen,Al Alamia,,No
2026-08-30,٠٨:٤٧ م,1745168,,Mohandiseen,El Abtal,,Yes
2026-08-30,٠٨:٤٧ م,1746768,,Hadayek el qobba,Team mh for Delivery,,No
2026-08-30,٠٨:٤٧ م,1747070,,Mohandiseen,El Abtal,,No
2026-08-30,٠٨:٤٧ م,1747963,,Hadayek el qobba,Al Alamia,,Yes
2026-08-30,٠٨:٤٧ م,1753024,,Mohandiseen,El Tohami,,Yes
2026-08-30,٠٨:٤٧ م,1753057,,Mohandiseen,Speedo,,No
2026-08-30,٠٨:٤٧ م,1766192,,Hadayek el qobba,Top delivery,,Yes
2026-08-30,٠٨:٤٧ م,1766710,,Mohandiseen,Team mh for Delivery,,No
2026-08-30,٠٨:٤٧ م,1777733,,Mohandiseen,El Tohami,,Yes
2026-08-30,٠٨:٤٧ م,1777814,,Mohandiseen,Al Alamia,,Yes
2026-08-30,٠٨:٤٧ م,1777829,,Mohandiseen,Speedo,,No
2026-08-30,٠٨:٤٧ م,1777850,,Hadayek el qobba,MTA,,No
2026-08-30,٠٨:٤٧ م,1777869,,Mohandiseen,Team mh for Delivery,,Yes
2026-08-30,٠٨:٤٧ م,1778019,,Mohandiseen,Al Alamia,,Yes
2026-08-30,٠٨:٤٧ م,1778107,,Mohandiseen,el Dawlya,,Yes
2026-08-30,٠٨:٤٧ م,1779063,,Mohandiseen,Speedo,,Yes
2026-08-30,٠٨:٤٧ م,1783326,,Mohandiseen,BeCool,,Yes
2026-08-30,٠٨:٤٧ م,1786641,,Mohandiseen,MTA,,Yes
2026-08-30,٠٨:٤٧ م,1793032,,Mohandiseen,Al Alamia,,No
2026-08-30,٠٨:٤٧ م,1793132,,Mohandiseen,El Abtal,,Yes
2026-08-30,٠٨:٤٧ م,1793183,,Mohandiseen,Jasson,,No
2026-08-30,٠٨:٤٧ م,1793760,,Hadayek el qobba,Team mh for Delivery,,Yes
2026-08-30,٠٨:٤٧ م,1793797,,Hadayek el qobba,Team mh for Delivery,,No
2026-08-30,٠٨:٤٧ م,1807887,,Mohandiseen,Tanta,,No
2026-08-30,٠٨:٤٧ م,1812341,,Mohandiseen,Ebad El rahman,,Yes
2026-08-30,٠٨:٤٧ م,1813661,,Mohandiseen,Full Speed,,Yes
2026-08-30,٠٨:٤٧ م,1813837,,Mohandiseen,el Dawlya,,No
2026-08-30,٠٨:٤٧ م,1814770,,Mohandiseen,El Abtal,,Yes
2026-08-30,٠٨:٤٧ م,1814799,,Mohandiseen,Speedo,,No
2026-08-30,٠٨:٤٧ م,1816041,,Mohandiseen,BeCool,,Yes
2026-08-30,٠٨:٤٧ م,1817431,,Mohandiseen,Team mh for Delivery,,Yes
2026-08-30,٠٨:٤٧ م,1817616,,Mohandiseen,Team mh for Delivery,,Yes
2026-08-30,٠٨:٤٧ م,1817730,,Hadayek el qobba,BeCool,,Yes
2026-08-30,٠٨:٤٧ م,1819016,,Mohandiseen,El Ezz,,Yes
2026-08-30,٠٨:٤٧ م,1820269,,Hadayek el qobba,MTA,,No
2026-08-30,٠٨:٤٧ م,1820549,,Mohandiseen,Jasson,,Yes
2026-08-30,٠٨:٤٧ م,1823949,,Mohandiseen,Jasson,,No
2026-08-30,٠٨:٤٧ م,1823954,,Hadayek el qobba,Al Alamia,,No
2026-08-30,٠٨:٤٧ م,1824432,,Mohandiseen,Al Alamia,,Yes
2026-08-30,٠٨:٤٧ م,1827214,,Shobra,Al Alamia,,Yes
2026-08-30,٠٨:٤٧ م,1827262,,Mohandiseen,Speedo,,Yes
2026-08-30,٠٨:٤٧ م,1827273,,Hadayek el qobba,BeCool,,Yes
2026-08-30,٠٨:٤٧ م,1827279,,Mohandiseen,Team mh for Delivery,,Yes
2026-08-30,٠٨:٤٧ م,1827325,,Mohandiseen,MTA,,Yes
2026-08-30,٠٨:٤٧ م,1827437,,Mohandiseen,El Abtal,,No
2026-08-30,٠٨:٤٧ م,1828265,,Mohandiseen,MTA,,No
2026-08-30,٠٨:٤٧ م,1829413,,Shobra,MTA,,Yes
2026-08-30,٠٨:٤٧ م,1829464,,Mohandiseen,Al Alamia,,Yes
2026-08-30,٠٨:٤٧ م,1830068,,Hadayek el qobba,Top delivery,,Yes
2026-08-30,٠٨:٤٧ م,1830229,,Mohandiseen,El Abtal,,Yes
2026-08-30,٠٨:٤٧ م,1840105,,Mohandiseen,MTA,,No
2026-08-30,٠٨:٤٧ م,1840141,,Hadayek el qobba,Stop Car,,Yes
2026-08-30,٠٨:٤٧ م,1851213,,Mohandiseen,Al Alamia,,Yes
2026-08-30,٠٨:٤٧ م,1851315,,Hadayek el qobba,Team mh for Delivery,,Yes
2026-08-30,٠٨:٤٧ م,1851823,,Shobra,Team mh for Delivery,,No
2026-08-30,٠٨:٤٧ م,1851872,,Hadayek el qobba,MTA,,Yes
2026-08-30,٠٨:٤٧ م,1852002,,Mohandiseen,Team mh for Delivery,,Yes
2026-08-30,٠٨:٤٧ م,1852508,,Mohandiseen,MTA,,Yes
2026-08-30,٠٨:٤٧ م,1852581,,Mohandiseen,MTA,,Yes
2026-08-30,٠٨:٤٧ م,1852713,,Mohandiseen,El Abtal,,Yes
2026-08-30,٠٨:٤٧ م,1854082,,Mohandiseen,MTA,,Yes
2026-08-30,٠٨:٤٧ م,1857760,,Hadayek el qobba,Team mh for Delivery,,No
2026-08-30,٠٨:٤٧ م,1858224,,Mohandiseen,Speedo,,Yes
2026-08-30,٠٨:٤٧ م,1860610,,Shobra,El Abtal,,No
2026-08-30,٠٨:٤٧ م,1861414,,Mohandiseen,el Dawlya,,No
2026-08-30,٠٨:٤٧ م,1865794,,Hadayek el qobba,Jasson,,No
2026-08-30,٠٨:٤٧ م,1866697,,Hadayek el qobba,BeCool,,No
2026-08-30,٠٨:٤٧ م,1867123,,Mohandiseen,Al Alamia,,Yes
2026-08-30,٠٨:٤٧ م,1869611,,Mohandiseen,Team mh for Delivery,,Yes
2026-08-30,٠٨:٤٧ م,1875348,,Mohandiseen,Full Speed,,Yes
2026-08-30,٠٨:٤٧ م,1875451,,Mohandiseen,MTA,,Yes
2026-08-30,٠٨:٤٧ م,1875453,,Mohandiseen,Ebad El rahman,,Yes
2026-08-30,٠٨:٤٧ م,1877813,,Hadayek el qobba,Team mh for Delivery,,Yes
2026-08-30,٠٨:٤٧ م,1878738,,Mohandiseen,Speedo,,Yes
2026-08-30,٠٨:٤٧ م,1880844,,Mohandiseen,Team mh for Delivery,,Yes
2026-08-30,٠٨:٤٧ م,1880902,,Mohandiseen,El Tohami,,No
2026-08-30,٠٨:٤٧ م,1880904,,Mohandiseen,MTA,,Yes
2026-08-30,٠٨:٤٧ م,1880977,,Mohandiseen,MTA,,No
2026-08-30,٠٨:٤٧ م,1880984,,Hadayek el qobba,el Dawlya,,Yes
2026-08-30,٠٨:٤٧ م,1881452,,Hadayek el qobba,Speedo,,Yes
2026-08-30,٠٨:٤٧ م,1882065,,Hadayek el qobba,Top delivery,,No
2026-08-30,٠٨:٤٧ م,1883079,,Mohandiseen,Team mh for Delivery,,Yes
2026-08-30,٠٨:٤٧ م,1883082,,Mohandiseen,Jasson,,Yes
2026-08-30,٠٨:٤٧ م,1883093,,Hadayek el qobba,el Dawlya,,Yes
2026-08-30,٠٨:٤٧ م,1883126,,Mohandiseen,Speedo,,Yes
2026-08-30,٠٨:٤٧ م,1883153,,Mohandiseen,Team mh for Delivery,,Yes
2026-08-30,٠٨:٤٧ م,1883545,,Hadayek el qobba,MTA,,Yes
2026-08-30,٠٨:٤٧ م,1883553,,Hadayek el qobba,MTA,,No
2026-08-30,٠٨:٤٧ م,1884133,,Mohandiseen,El Ezz,,Yes
2026-08-30,٠٨:٤٧ م,1884389,,Mohandiseen,Tanta,,Yes
2026-08-30,٠٨:٤٧ م,1887690,,Mohandiseen,Al Alamia,,Yes
2026-08-30,٠٨:٤٧ م,1888574,,Mohandiseen,Al Alamia,,No
2026-08-30,٠٨:٤٧ م,1890181,,Hadayek el qobba,Team mh for Delivery,,No
2026-08-30,٠٨:٤٧ م,1890353,,Mohandiseen,MTA,,Yes
2026-08-30,٠٨:٤٧ م,1892370,,Mohandiseen,El Abtal,,Yes
2026-08-30,٠٨:٤٧ م,1892425,,Shobra,El Abtal,,Yes
2026-08-30,٠٨:٤٧ م,1895001,,Hadayek el qobba,Top delivery,,Yes
2026-08-30,٠٨:٤٧ م,1897359,,Shobra,Team mh for Delivery,,No
2026-08-30,٠٨:٤٧ م,1897407,,Mohandiseen,Speedo,,Yes
2026-08-30,٠٨:٤٧ م,1898152,,Mohandiseen,MTA,,Yes
2026-08-30,٠٨:٤٧ م,1898551,,Mohandiseen,Speedo,,Yes
2026-08-30,٠٨:٤٧ م,1905976,,Hadayek el qobba,BeCool,,No
2026-08-30,٠٨:٤٧ م,1906016,,Hadayek el qobba,Jasson,,No
2026-08-30,٠٨:٤٧ م,1910624,,Hadayek el qobba,Ebad El rahman,,No
2026-08-30,٠٨:٤٧ م,1910782,,Mohandiseen,Al Alamia,,Yes
2026-08-30,٠٨:٤٧ م,1910916,,Mohandiseen,Jasson,,Yes
2026-08-30,٠٨:٤٧ م,1910996,,Mohandiseen,El Abtal,,No
2026-08-30,٠٨:٤٧ م,1911051,,Shobra,Team mh for Delivery,,Yes
2026-08-30,٠٨:٤٧ م,1912002,,Mohandiseen,Speedo,,No
2026-08-30,٠٨:٤٧ م,1918152,,Hadayek el qobba,Stop Car,,Yes
2026-08-30,٠٨:٤٧ م,1918399,,Mohandiseen,Full Speed,,No
2026-08-30,٠٨:٤٧ م,1918467,,Hadayek el qobba,Ebad El rahman,,No
2026-08-30,٠٨:٤٧ م,1920431,,Hadayek el qobba,Speedo,,No
2026-08-30,٠٨:٤٧ م,1920663,,Mohandiseen,Team mh for Delivery,,Yes
2026-08-30,٠٨:٤٧ م,1924221,,Hadayek el qobba,Jasson,,No
2026-08-30,٠٨:٤٧ م,1924234,,Mohandiseen,MTA,,Yes
2026-08-30,٠٨:٤٧ م,1925413,,Mohandiseen,Al Alamia,,Yes
2026-08-30,٠٨:٤٧ م,1925445,,Shobra,El Abtal,,Yes
2026-08-30,٠٨:٤٧ م,1926100,,Shobra,Team mh for Delivery,,Yes
2026-08-30,٠٨:٤٧ م,1926221,,Mohandiseen,Jasson,,Yes
2026-08-30,٠٨:٤٧ م,1926233,,Mohandiseen,Al Alamia,,No
2026-08-30,٠٨:٤٧ م,1926278,,Mohandiseen,Team mh for Delivery,,Yes
2026-08-30,٠٨:٤٧ م,1927181,,Mohandiseen,Al Alamia,,Yes
2026-08-30,٠٨:٤٧ م,1928004,,Mohandiseen,El Abtal,,Yes
2026-08-30,٠٨:٤٧ م,1928823,,Hadayek el qobba,el Dawlya,,No
2026-08-30,٠٨:٤٧ م,1928899,,Hadayek el qobba,Ebad El rahman,,No
2026-08-30,٠٨:٤٧ م,1932774,,Hadayek el qobba,Speedo,,Yes
2026-08-30,٠٨:٤٧ م,1933637,,Mohandiseen,Al Alamia,,No
2026-08-30,٠٨:٤٧ م,1933997,,Mohandiseen,Speedo,,Yes
2026-08-30,٠٨:٤٧ م,1934230,,Mohandiseen,el Dawlya,,Yes
2026-08-30,٠٨:٤٧ م,1940848,,Mohandiseen,BeCool,,No
2026-08-30,٠٨:٤٧ م,1940906,,Mohandiseen,El Abtal,,Yes
2026-08-30,٠٨:٤٧ م,1943443,,Hadayek el qobba,BeCool,,No
2026-08-30,٠٨:٤٧ م,1943631,,Hadayek el qobba,El Tohami,,Yes
2026-08-30,٠٨:٤٧ م,1943657,,Hadayek el qobba,Jasson,,No
2026-08-30,٠٨:٤٧ م,1947428,,Mohandiseen,Speedo,,No
2026-08-30,٠٨:٤٧ م,1947522,,Hadayek el qobba,Al Alamia,,Yes
2026-08-30,٠٨:٤٧ م,1948964,,Mohandiseen,el Dawlya,,Yes
2026-08-30,٠٨:٤٧ م,1949206,,Hadayek el qobba,MTA,,No
2026-08-30,٠٨:٤٧ م,1949225,,Shobra,Al Alamia,,No
2026-08-30,٠٨:٤٧ م,1949278,,Mohandiseen,Ebad El rahman,,No
2026-08-30,٠٨:٤٧ م,1949310,,Hadayek el qobba,Jasson,,Yes
2026-08-30,٠٨:٤٧ م,1950735,,Hadayek el qobba,Speedo,,No
2026-08-30,٠٨:٤٧ م,1951420,,Shobra,Team mh for Delivery,,No
2026-08-30,٠٨:٤٧ م,1953564,,Mohandiseen,el Dawlya,,No
2026-08-30,٠٨:٤٧ م,1954602,,Mohandiseen,Ebad El rahman,,Yes
2026-08-30,٠٨:٤٧ م,1956770,,Shobra,el Dawlya,,No
2026-08-30,٠٨:٤٧ م,1957605,,Hadayek el qobba,MTA,,Yes
2026-08-30,٠٨:٤٧ م,1958500,,Mohandiseen,El Abtal,,No
2026-08-30,٠٨:٤٧ م,1958507,,Mohandiseen,Speedo,,No
2026-08-30,٠٨:٤٧ م,1958603,,Mohandiseen,Tanta,,No
2026-08-30,٠٨:٤٧ م,1958768,,Mohandiseen,el Dawlya,,No
2026-08-30,٠٨:٤٧ م,1958801,,Mohandiseen,El Abtal,,No
2026-08-30,٠٨:٤٧ م,1958827,,Mohandiseen,El Abtal,,Yes
2026-08-30,٠٨:٤٧ م,1958842,,Mohandiseen,Top delivery,,No
2026-08-30,٠٨:٤٧ م,1958947,,Mohandiseen,Team mh for Delivery,,Yes
2026-08-30,٠٨:٤٧ م,1960476,,Hadayek el qobba,El Abtal,,Yes
2026-08-30,٠٨:٤٧ م,1960985,,Mohandiseen,MTA,,Yes
2026-08-30,٠٨:٤٧ م,1962308,,Hadayek el qobba,Top delivery,,No
2026-08-30,٠٨:٤٧ م,1962347,,Mohandiseen,Team mh for Delivery,,Yes
2026-08-30,٠٨:٤٧ م,1962402,,Hadayek el qobba,El Tohami,,Yes
2026-08-30,٠٨:٤٧ م,1963415,,Mohandiseen,Al Alamia,,Yes
2026-08-30,٠٨:٤٧ م,1963418,,Hadayek el qobba,Jasson,,No
2026-08-30,٠٨:٤٧ م,1965557,,Mohandiseen,El Ezz,,No
2026-08-30,٠٨:٤٧ م,1965561,,Hadayek el qobba,Jasson,,Yes
2026-08-30,٠٨:٤٧ م,1966605,,Mohandiseen,Speedo,,No
2026-08-30,٠٨:٤٧ م,1968988,,Mohandiseen,Speedo,,Yes
2026-08-30,٠٨:٤٧ م,1969667,,Mohandiseen,El Abtal,,Yes
2026-08-30,٠٨:٤٧ م,1970679,,Shobra,Al Alamia,,No
2026-08-30,٠٨:٤٧ م,1974013,,Shobra,Top delivery,,No
2026-08-30,٠٨:٤٧ م,1974340,,Mohandiseen,MTA,,Yes
2026-08-30,٠٨:٤٧ م,1975091,,Hadayek el qobba,Full Speed,,Yes
2026-08-30,٠٨:٤٧ م,1976605,,Shobra,Team mh for Delivery,,Yes
2026-08-30,٠٨:٤٧ م,1977699,,Hadayek el qobba,Ebad El rahman,,Yes
2026-08-30,٠٨:٤٧ م,1979012,,Mohandiseen,Speedo,,Yes
2026-08-30,٠٨:٤٧ م,1979076,,Hadayek el qobba,Jasson,,Yes
2026-08-30,٠٨:٤٧ م,1979104,,Shobra,Al Alamia,,No
2026-08-30,٠٨:٤٧ م,1979186,,Mohandiseen,Speedo,,No
2026-08-30,٠٨:٤٧ م,1979713,,Mohandiseen,el Dawlya,,Yes
2026-08-30,٠٨:٤٧ م,1979789,,Mohandiseen,Team mh for Delivery,,Yes
2026-08-30,٠٨:٤٧ م,1980175,,Mohandiseen,El Abtal,,Yes
2026-08-30,٠٨:٤٧ م,1980947,,Hadayek el qobba,Top delivery,,Yes
2026-08-30,٠٨:٤٧ م,1982078,,Mohandiseen,Speedo,,Yes
2026-08-30,٠٨:٤٧ م,1982131,,Mohandiseen,Jasson,,No
2026-08-30,٠٨:٤٧ م,1982708,,Hadayek el qobba,BeCool,,Yes
2026-08-30,٠٨:٤٧ م,1984747,,Shobra,Team mh for Delivery,,No
2026-08-30,٠٨:٤٧ م,1985818,,Mohandiseen,El Abtal,,No
2026-08-30,٠٨:٤٧ م,1986717,,Shobra,MTA,,No
2026-08-30,٠٨:٤٧ م,1989237,,Mohandiseen,Jasson,,Yes
2026-08-30,٠٨:٤٧ م,1990846,,Shobra,el Dawlya,,No
2026-08-30,٠٨:٤٧ م,1993873,,Shobra,Team mh for Delivery,,No
2026-08-30,٠٨:٤٧ م,1994547,,Shobra,Team mh for Delivery,,Yes
2026-08-30,٠٨:٤٧ م,1995478,,Mohandiseen,Team mh for Delivery,,No
2026-08-30,٠٨:٤٧ م,1995538,,Mohandiseen,el Dawlya,,Yes
2026-08-30,٠٨:٤٧ م,1995573,,Mohandiseen,El Abtal,,No
2026-08-30,٠٨:٤٧ م,1995593,,Mohandiseen,Full Speed,,No
2026-08-30,٠٨:٤٧ م,1995616,,Mohandiseen,El Ezz,,Yes
2026-08-30,٠٨:٤٧ م,1995652,,Mohandiseen,El Abtal,,Yes
2026-08-30,٠٨:٤٧ م,1995662,,Mohandiseen,Team mh for Delivery,,Yes
2026-08-30,٠٨:٤٧ م,1995668,,Mohandiseen,Team mh for Delivery,,Yes
2026-08-30,٠٨:٤٧ م,1995675,,Mohandiseen,Speedo,,Yes
2026-08-30,٠٨:٤٧ م,1995741,,Mohandiseen,El Tohami,,No
2026-08-30,٠٨:٤٧ م,1996404,,Mohandiseen,Al Alamia,,Yes
2026-08-30,٠٨:٤٧ م,1998535,,Mohandiseen,Team mh for Delivery,,Yes
2026-08-30,٠٨:٤٧ م,1999263,,Mohandiseen,Speedo,,Yes
2026-08-30,٠٨:٤٧ م,2000076,,Shobra,El Abtal,,Yes
2026-08-30,٠٨:٤٧ م,2000765,,Mohandiseen,Top delivery,,Yes
2026-08-30,٠٨:٤٧ م,2001770,,Hadayek el qobba,Full Speed,,No
2026-08-30,٠٨:٤٧ م,2002563,,Mohandiseen,MTA,,No
2026-08-30,٠٨:٤٧ م,2002658,,Mohandiseen,Team mh for Delivery,,Yes
2026-08-30,٠٨:٤٧ م,2005035,,Mohandiseen,el Dawlya,,No
2026-08-30,٠٨:٤٧ م,2005926,,Mohandiseen,Jasson,,Yes
2026-08-30,٠٨:٤٧ م,2006522,,Mohandiseen,Speedo,,Yes
2026-08-30,٠٨:٤٧ م,2007406,,Hadayek el qobba,Top delivery,,No
2026-08-30,٠٨:٤٧ م,2009357,,Shobra,MTA,,Yes
2026-08-30,٠٨:٤٧ م,2009373,,Mohandiseen,Speedo,,Yes
2026-08-30,٠٨:٤٧ م,2009536,,Mohandiseen,el Dawlya,,Yes
2026-08-30,٠٨:٤٧ م,2009918,,Mohandiseen,Jasson,,Yes
2026-08-30,٠٨:٤٧ م,2014125,,Hadayek el qobba,Full Speed,,Yes
2026-08-30,٠٨:٤٧ م,2014218,,Mohandiseen,el Dawlya,,No
2026-08-30,٠٨:٤٧ م,2015065,,Shobra,Team mh for Delivery,,Yes
2026-08-30,٠٨:٤٧ م,2016582,,Hadayek el qobba,Full Speed,,Yes
2026-08-30,٠٨:٤٧ م,2016645,,Mohandiseen,El Tohami,,Yes
2026-08-30,٠٨:٤٧ م,2017476,,Mohandiseen,El Ezz,,Yes
2026-08-30,٠٨:٤٧ م,2017615,,Mohandiseen,Ebad El rahman,,Yes
2026-08-30,٠٨:٤٧ م,2017623,,Mohandiseen,El Ezz,,No
2026-08-30,٠٨:٤٧ م,2020441,,Mohandiseen,El Tohami,,Yes
2026-08-30,٠٨:٤٧ م,2020551,,Shobra,Team mh for Delivery,,No
2026-08-30,٠٨:٤٧ م,2021763,,Mohandiseen,El Tohami,,Yes
2026-08-30,٠٨:٤٧ م,2022331,,Mohandiseen,El Tohami,,No
2026-08-30,٠٨:٤٧ م,2022930,,Shobra,Team mh for Delivery,,No
2026-08-30,٠٨:٤٧ م,2023263,,Mohandiseen,El Tohami,,Yes
2026-08-30,٠٨:٤٧ م,2023395,,Hadayek el qobba,Top delivery,,No
2026-08-30,٠٨:٤٧ م,2024660,,Mohandiseen,Team mh for Delivery,,Yes
2026-08-30,٠٨:٤٧ م,2024724,,Mohandiseen,Ebad El rahman,,Yes
2026-08-30,٠٨:٤٧ م,2026400,,Mohandiseen,Ebad El rahman,,No
2026-08-30,٠٨:٤٧ م,2026403,,Mohandiseen,Top delivery,,Yes
2026-08-30,٠٨:٤٧ م,2026431,,Mohandiseen,Speedo,,Yes
2026-08-30,٠٨:٤٧ م,2026447,,Mohandiseen,Speedo,,Yes
2026-08-30,٠٨:٤٧ م,2026493,,Mohandiseen,Ebad El rahman,,Yes
2026-08-30,٠٨:٤٧ م,2026503,,Mohandiseen,Al Alamia,,Yes
2026-08-30,٠٨:٤٧ م,2026556,,Hadayek el qobba,Top delivery,,Yes
2026-08-30,٠٨:٤٧ م,2026558,,Mohandiseen,El Abtal,,No
2026-08-30,٠٨:٤٧ م,2026643,,Mohandiseen,Jasson,,Yes
2026-08-30,٠٨:٤٧ م,2027439,,Mohandiseen,El Abtal,,No
2026-08-30,٠٨:٤٧ م,2027506,,Hadayek el qobba,Jasson,,Yes
2026-08-30,٠٨:٤٧ م,2028531,,Mohandiseen,Al Alamia,,No
2026-08-30,٠٨:٤٧ م,2029498,,Mohandiseen,Speedo,,No
2026-08-30,٠٨:٤٧ م,2030667,,Mohandiseen,Speedo,,Yes
2026-08-30,٠٨:٤٧ م,2031938,,Mohandiseen,Team mh for Delivery,,No
2026-08-30,٠٨:٤٧ م,2032699,,Mohandiseen,El Abtal,,Yes
2026-08-30,٠٨:٤٧ م,2032738,,Shobra,Team mh for Delivery,,Yes
2026-08-30,٠٨:٤٧ م,2033428,,Mohandiseen,El Abtal,,No
2026-08-30,٠٨:٤٧ م,2033486,,Mohandiseen,el Dawlya,,Yes
2026-08-30,٠٨:٤٧ م,2034309,,Mohandiseen,Speedo,,No
2026-08-30,٠٨:٤٧ م,2035020,,Mohandiseen,Team mh for Delivery,,Yes
2026-08-30,٠٨:٤٧ م,2035556,,Shobra,Team mh for Delivery,,No
2026-08-30,٠٨:٤٧ م,2035752,,Mohandiseen,Speedo,,Yes
2026-08-30,٠٨:٤٧ م,2036426,,Mohandiseen,El Abtal,,Yes
2026-08-30,٠٨:٤٧ م,2036458,,Mohandiseen,Full Speed,,Yes
2026-08-30,٠٨:٤٧ م,2036623,,Mohandiseen,MTA,,No
2026-08-30,٠٨:٤٧ م,2036815,,Mohandiseen,MTA,,No
2026-08-30,٠٨:٤٧ م,2037372,,Mohandiseen,El Abtal,,No
2026-08-30,٠٨:٤٧ م,2037744,,Mohandiseen,Al Alamia,,No
2026-08-30,٠٨:٤٧ م,2037779,,Mohandiseen,Al Alamia,,Yes
2026-08-30,٠٨:٤٧ م,2038302,,Mohandiseen,MTA,,No
2026-08-30,٠٨:٤٧ م,2038892,,Mohandiseen,El Tohami,,Yes
2026-08-30,٠٨:٤٧ م,2039129,,Hadayek el qobba,Jasson,,No
2026-08-30,٠٨:٤٧ م,2040080,,Mohandiseen,Speedo,,Yes
2026-08-30,٠٨:٤٧ م,2040115,,Mohandiseen,El Ezz,,Yes
2026-08-30,٠٨:٤٧ م,2040139,,Mohandiseen,Speedo,,Yes
2026-08-30,٠٨:٤٧ م,2040168,,Mohandiseen,el Dawlya,,Yes
2026-08-30,٠٨:٤٧ م,2041380,,Shobra,Team mh for Delivery,,Yes
2026-08-30,٠٨:٤٧ م,2041408,,Mohandiseen,El Abtal,,No
2026-08-30,٠٨:٤٧ م,2041925,,Mohandiseen,el Dawlya,,Yes
2026-08-30,٠٨:٤٧ م,2041975,,Hadayek el qobba,Stop Car,,Yes
2026-08-30,٠٨:٤٧ م,2042068,,Mohandiseen,Stop Car,,Yes
2026-08-30,٠٨:٤٧ م,2042380,,Hadayek el qobba,El Ezz,,Yes
2026-08-30,٠٨:٤٧ م,2042448,,Mohandiseen,Jasson,,Yes
2026-08-30,٠٨:٤٧ م,2043480,,Mohandiseen,el Dawlya,,No
2026-08-30,٠٨:٤٧ م,2044255,,Mohandiseen,Top delivery,,Yes
2026-08-30,٠٨:٤٧ م,2044311,,Mohandiseen,El Abtal,,Yes
2026-08-30,٠٨:٤٧ م,2044316,,Shobra,El Abtal,,No
2026-08-30,٠٨:٤٧ م,2044659,,Mohandiseen,El Abtal,,Yes
2026-08-30,٠٨:٤٧ م,2047021,,Mohandiseen,MTA,,Yes
2026-08-30,٠٨:٤٧ م,2047170,,Mohandiseen,MTA,,Yes
2026-08-30,٠٨:٤٧ م,2047206,,Mohandiseen,Ebad El rahman,,Yes
2026-08-30,٠٨:٤٧ م,2047455,,Hadayek el qobba,Top delivery,,No
2026-08-30,٠٨:٤٧ م,2047481,,Mohandiseen,Team mh for Delivery,,Yes
2026-08-30,٠٨:٤٧ م,2047540,,Mohandiseen,MTA,,No
2026-08-30,٠٨:٤٧ م,2047771,,Mohandiseen,El Abtal,,Yes
2026-08-30,٠٨:٤٧ م,2048089,,Mohandiseen,MTA,,Yes
2026-08-30,٠٨:٤٧ م,2049073,,Mohandiseen,Al Alamia,,Yes
2026-08-30,٠٨:٤٧ م,2049380,,Mohandiseen,El Abtal,,No
2026-08-30,٠٨:٤٧ م,2049997,,Shobra,MTA,,Yes
2026-08-30,٠٨:٤٧ م,2050237,,Hadayek el qobba,Team mh for Delivery,,Yes
2026-08-30,٠٨:٤٧ م,2050808,,Mohandiseen,El Abtal,,Yes
2026-08-30,٠٨:٤٧ م,2051399,,Mohandiseen,Team mh for Delivery,,Yes
2026-08-30,٠٨:٤٧ م,2051426,,Mohandiseen,Jasson,,Yes
2026-08-30,٠٨:٤٧ م,2051474,,Mohandiseen,Speedo,,Yes
2026-08-30,٠٨:٤٧ م,2051509,,Mohandiseen,Speedo,,No
2026-08-30,٠٨:٤٧ م,2051537,,Mohandiseen,El Abtal,,No
2026-08-30,٠٨:٤٧ م,2051538,,Mohandiseen,Jasson,,Yes
2026-08-30,٠٨:٤٧ م,2051576,,Mohandiseen,Team mh for Delivery,,No
2026-08-30,٠٨:٤٧ م,2051622,,Mohandiseen,Al Alamia,,Yes
2026-08-30,٠٨:٤٧ م,2051647,,Mohandiseen,Jasson,,No
2026-08-30,٠٨:٤٧ م,2051679,,Mohandiseen,Speedo,,No
2026-08-30,٠٨:٤٧ م,2052127,,Mohandiseen,Top delivery,,No
2026-08-30,٠٨:٤٧ م,2052313,,Mohandiseen,Team mh for Delivery,,Yes
2026-08-30,٠٨:٤٧ م,2052336,,Mohandiseen,El Tohami,,No
2026-08-30,٠٨:٤٧ م,2052390,,Mohandiseen,MTA,,Yes
2026-08-30,٠٨:٤٧ م,2053584,,Mohandiseen,El Abtal,,Yes
2026-08-30,٠٨:٤٧ م,2053782,,Mohandiseen,Ebad El rahman,,No
2026-08-30,٠٨:٤٧ م,2054781,,Mohandiseen,Team mh for Delivery,,Yes
2026-08-30,٠٨:٤٧ م,2054886,,Mohandiseen,MTA,,Yes
2026-08-30,٠٨:٤٧ م,2054890,,Mohandiseen,Speedo,,Yes
2026-08-30,٠٨:٤٧ م,2054914,,Mohandiseen,MTA,,Yes
2026-08-30,٠٨:٤٧ م,2055182,,Mohandiseen,Speedo,,Yes
2026-08-30,٠٨:٤٧ م,2056343,,Shobra,Al Alamia,,No
2026-08-30,٠٨:٤٧ م,2057398,,Mohandiseen,Al Alamia,,Yes
2026-08-30,٠٨:٤٧ م,2057485,,Mohandiseen,el Dawlya,,Yes
2026-08-30,٠٨:٤٧ م,2057949,,Mohandiseen,Team mh for Delivery,,No
2026-08-30,٠٨:٤٧ م,2058468,,Mohandiseen,Ebad El rahman,,No
2026-08-30,٠٨:٤٧ م,2058779,,Hadayek el qobba,Top delivery,,Yes
2026-08-30,٠٨:٤٧ م,2058809,,Mohandiseen,Team mh for Delivery,,Yes
2026-08-30,٠٨:٤٧ م,2059585,,Mohandiseen,Full Speed,,Yes
2026-08-30,٠٨:٤٧ م,2059600,,Mohandiseen,El Abtal,,No
2026-08-30,٠٨:٤٧ م,2059993,,Shobra,el Dawlya,,No
2026-08-30,٠٨:٤٧ م,2060094,,Mohandiseen,El Abtal,,No
2026-08-30,٠٨:٤٧ م,2060154,,Mohandiseen,Team mh for Delivery,,Yes
2026-08-30,٠٨:٤٧ م,2060672,,Hadayek el qobba,El Tohami,,No
2026-08-30,٠٨:٤٧ م,2061088,,Mohandiseen,MTA,,Yes
2026-08-30,٠٨:٤٧ م,2062170,,Mohandiseen,el Dawlya,,No
2026-08-30,٠٨:٤٧ م,2063636,,Mohandiseen,Speedo,,No
2026-08-30,٠٨:٤٧ م,2063686,,Mohandiseen,El Abtal,,Yes
2026-08-30,٠٨:٤٧ م,2064796,,Mohandiseen,Team mh for Delivery,,No
2026-08-30,٠٨:٤٧ م,2066085,,Mohandiseen,BeCool,,Yes
2026-08-30,٠٨:٤٧ م,2066526,,Mohandiseen,Jasson,,No
2026-08-30,٠٨:٤٧ م,2068834,,Shobra,MTA,,No
2026-08-30,٠٨:٤٧ م,2068998,,Mohandiseen,Al Alamia,,Yes
2026-08-30,٠٨:٤٧ م,2070360,,Mohandiseen,Al Alamia,,Yes
2026-08-30,٠٨:٤٧ م,2070380,,Mohandiseen,Stop Car,,Yes
2026-08-30,٠٨:٤٧ م,2070697,,Shobra,Speedo,,No
2026-08-30,٠٨:٤٧ م,2070863,,Shobra,Al Alamia,,Yes
2026-08-30,٠٨:٤٧ م,2071343,,Shobra,Al Alamia,,Yes
2026-08-30,٠٨:٤٧ م,2071405,,Mohandiseen,Team mh for Delivery,,No
2026-08-30,٠٨:٤٧ م,2071607,,Mohandiseen,MTA,,Yes
2026-08-30,٠٨:٤٧ م,2072454,,Hadayek el qobba,Top delivery,,Yes
2026-08-30,٠٨:٤٧ م,2073217,,Mohandiseen,Al Alamia,,Yes
2026-08-30,٠٨:٤٧ م,2073916,,Mohandiseen,MTA,,No
2026-08-30,٠٨:٤٧ م,2075668,,Hadayek el qobba,Al Alamia,,No
2026-08-30,٠٨:٤٧ م,2075795,,Mohandiseen,Team mh for Delivery,,Yes
2026-08-30,٠٨:٤٧ م,2075982,,Mohandiseen,Al Alamia,,Yes
2026-08-30,٠٨:٤٧ م,2076733,,Mohandiseen,Team mh for Delivery,,No
2026-08-30,٠٨:٤٧ م,2077974,,Mohandiseen,Speedo,,No
2026-08-30,٠٨:٤٧ م,2078241,,Mohandiseen,el Dawlya,,Yes
2026-08-30,٠٨:٤٧ م,2079596,,Mohandiseen,el Dawlya,,Yes
2026-08-30,٠٨:٤٧ م,2079769,,Mohandiseen,Speedo,,No
2026-08-30,٠٨:٤٧ م,2080572,,Mohandiseen,Tanta,,Yes
2026-08-30,٠٨:٤٧ م,2080837,,Shobra,El Abtal,,No
2026-08-30,٠٨:٤٧ م,2082161,,Mohandiseen,Al Alamia,,Yes
2026-08-30,٠٨:٤٧ م,2082339,,Mohandiseen,Speedo,,Yes
2026-08-30,٠٨:٤٧ م,2083057,,Hadayek el qobba,Al Alamia,,Yes
2026-08-30,٠٨:٤٧ م,2083749,,Shobra,El Tohami,,No
2026-08-30,٠٨:٤٧ م,2084581,,Mohandiseen,Speedo,,Yes
2026-08-30,٠٨:٤٧ م,2087472,,Mohandiseen,Ebad El rahman,,No
2026-08-30,٠٨:٤٧ م,2087521,,Mohandiseen,El Ezz,,No
2026-08-30,٠٨:٤٧ م,2088171,,Mohandiseen,El Abtal,,Yes
2026-08-30,٠٨:٤٧ م,2088377,,Mohandiseen,Speedo,,No
2026-08-30,٠٨:٤٧ م,2088407,,Hadayek el qobba,Team mh for Delivery,,No
2026-08-30,٠٨:٤٧ م,2088497,,Mohandiseen,el Dawlya,,Yes
2026-08-30,٠٨:٤٧ م,2088831,,Shobra,Team mh for Delivery,,Yes
2026-08-30,٠٨:٤٧ م,2088956,,Mohandiseen,Al Alamia,,Yes
2026-08-30,٠٨:٤٧ م,2089312,,Mohandiseen,Team mh for Delivery,,Yes
2026-08-30,٠٨:٤٧ م,2090501,,Mohandiseen,El Tohami,,Yes
2026-08-30,٠٨:٤٧ م,2090541,,Hadayek el qobba,El Abtal,,Yes
2026-08-30,٠٨:٤٧ م,2091869,,Shobra,El Abtal,,Yes
2026-08-30,٠٨:٤٧ م,2093868,,Mohandiseen,Team mh for Delivery,,Yes
2026-08-30,٠٨:٤٧ م,2094279,,Shobra,El Abtal,,Yes
2026-08-30,٠٨:٤٧ م,2094644,,Mohandiseen,el Dawlya,,No
2026-08-30,٠٨:٤٧ م,2095077,,Mohandiseen,Team mh for Delivery,,No
2026-08-30,٠٨:٤٧ م,2095148,,Mohandiseen,Al Alamia,,Yes
2026-08-30,٠٨:٤٧ م,2095229,,Mohandiseen,Ebad El rahman,,Yes
2026-08-30,٠٨:٤٧ م,2095724,,Mohandiseen,Team mh for Delivery,,Yes
2026-08-30,٠٨:٤٧ م,2096159,,Mohandiseen,MTA,,No
2026-08-30,٠٨:٤٧ م,2096162,,Mohandiseen,Ebad El rahman,,Yes
2026-08-30,٠٨:٤٧ م,2096789,,Hadayek el qobba,Full Speed,,Yes
2026-08-30,٠٨:٤٧ م,2097071,,Mohandiseen,El Tohami,,No
2026-08-30,٠٨:٤٧ م,2097194,,Hadayek el qobba,Full Speed,,No
2026-08-30,٠٨:٤٧ م,2097196,,Mohandiseen,Ebad El rahman,,Yes
2026-08-30,٠٨:٤٧ م,2097791,,Mohandiseen,el Dawlya,,Yes
2026-08-30,٠٨:٤٧ م,2097854,,Hadayek el qobba,Stop Car,,Yes
2026-08-30,٠٨:٤٧ م,2097974,,Mohandiseen,MTA,,Yes
2026-08-30,٠٨:٤٧ م,2098198,,Mohandiseen,Speedo,,Yes
2026-08-30,٠٨:٤٧ م,2099890,,Mohandiseen,Speedo,,Yes
2026-08-30,٠٨:٤٧ م,2099899,,Mohandiseen,El Abtal,,No
2026-08-30,٠٨:٤٧ م,2100102,,Shobra,El Abtal,,No
2026-08-30,٠٨:٤٧ م,2102906,,Mohandiseen,Al Alamia,,Yes
2026-08-30,٠٨:٤٧ م,2103267,,Mohandiseen,el Dawlya,,No
2026-08-30,٠٨:٤٧ م,2103902,,Hadayek el qobba,Top delivery,,Yes
2026-08-30,٠٨:٤٧ م,2105578,,Mohandiseen,Super Speed,,No
2026-08-30,٠٨:٤٧ م,2106214,,Mohandiseen,Ebad El rahman,,No
2026-08-30,٠٨:٤٧ م,2106251,,Mohandiseen,Speedo,,Yes
2026-08-30,٠٨:٤٧ م,2106810,,Hadayek el qobba,Top delivery,,Yes
2026-08-30,٠٨:٤٧ م,2106951,,Hadayek el qobba,Top delivery,,Yes
2026-08-30,٠٨:٤٧ م,2107049,,Mohandiseen,MTA,,No
2026-08-30,٠٨:٤٧ م,2107113,,Hadayek el qobba,Top delivery,,Yes
2026-08-30,٠٨:٤٧ م,2107297,,Mohandiseen,Team mh for Delivery,,Yes
2026-08-30,٠٨:٤٧ م,2108409,,Mohandiseen,Jasson,,Yes
2026-08-30,٠٨:٤٧ م,2109910,,Shobra,Team mh for Delivery,,Yes
2026-08-30,٠٨:٤٧ م,2111828,,Mohandiseen,el Dawlya,,No
2026-08-30,٠٨:٤٧ م,2113000,,Mohandiseen,El Tohami,,Yes
2026-08-30,٠٨:٤٧ م,2113021,,Hadayek el qobba,Top delivery,,Yes
2026-08-30,٠٨:٤٧ م,2113063,,Mohandiseen,el Dawlya,,No
2026-08-30,٠٨:٤٧ م,2114085,,Mohandiseen,El Tohami,,No
2026-08-30,٠٨:٤٧ م,2114126,,Mohandiseen,Ebad El rahman,,No
2026-08-30,٠٨:٤٧ م,2114163,,Mohandiseen,Full Speed,,Yes
2026-08-30,٠٨:٤٧ م,2114931,,Mohandiseen,el Dawlya,,No
2026-08-30,٠٨:٤٧ م,2115052,,Mohandiseen,el Dawlya,,No
2026-08-30,٠٨:٤٧ م,2115279,,Mohandiseen,Team mh for Delivery,,Yes
2026-08-30,٠٨:٤٧ م,2115749,,Shobra,MTA,,Yes
2026-08-30,٠٨:٤٧ م,2115920,,Mohandiseen,MTA,,No
2026-08-30,٠٨:٤٧ م,2116005,,Hadayek el qobba,MTA,,Yes
2026-08-30,٠٨:٤٧ م,2117391,,Shobra,MTA,,No
2026-08-30,٠٨:٤٧ م,2117429,,Hadayek el qobba,Top delivery,,Yes
2026-08-30,٠٨:٤٧ م,2117706,,Mohandiseen,El Tohami,,No
2026-08-30,٠٨:٤٧ م,2118273,,Mohandiseen,el Dawlya,,Yes
2026-08-30,٠٨:٤٧ م,2118274,,Hadayek el qobba,Top delivery,,Yes
2026-08-30,٠٨:٤٧ م,2118312,,Mohandiseen,MTA,,Yes
2026-08-30,٠٨:٤٧ م,2118368,,Mohandiseen,El Ezz,,No
2026-08-30,٠٨:٤٧ م,2118429,,Mohandiseen,Stop Car,,Yes
2026-08-30,٠٨:٤٧ م,2118476,,Mohandiseen,Ebad El rahman,,No
2026-08-30,٠٨:٤٧ م,2118562,,Shobra,Al Alamia,,No
2026-08-30,٠٨:٤٧ م,2119216,,Mohandiseen,MTA,,Yes
2026-08-30,٠٨:٤٧ م,2119291,,Mohandiseen,El Tohami,,Yes
2026-08-30,٠٨:٤٧ م,2120185,,Mohandiseen,Al Alamia,,Yes
2026-08-30,٠٨:٤٧ م,2120971,,Hadayek el qobba,Jasson,,Yes
2026-08-30,٠٨:٤٧ م,2120991,,Hadayek el qobba,MTA,,No
2026-08-30,٠٨:٤٧ م,2121192,,Shobra,El Abtal,,No
2026-08-30,٠٨:٤٧ م,2121495,,Mohandiseen,MTA,,Yes
2026-08-30,٠٨:٤٧ م,2121901,,Mohandiseen,El Tohami,,No
2026-08-30,٠٨:٤٧ م,2122596,,Mohandiseen,Al Alamia,,Yes
2026-08-30,٠٨:٤٧ م,2122760,,Hadayek el qobba,Top delivery,,Yes
2026-08-30,٠٨:٤٧ م,2122797,,Hadayek el qobba,Top delivery,,Yes
2026-08-30,٠٨:٤٧ م,2123787,,Mohandiseen,el Dawlya,,No
2026-08-30,٠٨:٤٧ م,2125117,,Mohandiseen,el Dawlya,,Yes
2026-08-30,٠٨:٤٧ م,2126299,,Mohandiseen,Ebad El rahman,,No
2026-08-30,٠٨:٤٧ م,2127222,,Mohandiseen,Jasson,,Yes
2026-08-30,٠٨:٤٧ م,2127290,,Mohandiseen,Team mh for Delivery,,No
2026-08-30,٠٨:٤٧ م,2128846,,Mohandiseen,Team mh for Delivery,,Yes
2026-08-30,٠٨:٤٧ م,2129626,,Mohandiseen,Ebad El rahman,,Yes
2026-08-30,٠٨:٤٧ م,2129808,,Mohandiseen,El Tohami,,Yes
2026-08-30,٠٨:٤٧ م,2132114,,Mohandiseen,Team mh for Delivery,,Yes
2026-08-30,٠٨:٤٧ م,2132665,,Hadayek el qobba,Full Speed,,Yes
2026-08-30,٠٨:٤٧ م,2132956,,Mohandiseen,El Tohami,,Yes
2026-08-30,٠٨:٤٧ م,2133811,,Mohandiseen,Team mh for Delivery,,No
2026-08-30,٠٨:٤٧ م,2133814,,Hadayek el qobba,Al Alamia,,Yes
2026-08-30,٠٨:٤٧ م,2133870,,Mohandiseen,Ebad El rahman,,Yes
2026-08-30,٠٨:٤٧ م,2134005,,Hadayek el qobba,BeCool,,Yes
2026-08-30,٠٨:٤٧ م,2134874,,Hadayek el qobba,Top delivery,,Yes
2026-08-30,٠٨:٤٧ م,2135004,,Mohandiseen,Top delivery,,Yes
2026-08-30,٠٨:٤٧ م,2135219,,Hadayek el qobba,Top delivery,,No
2026-08-30,٠٨:٤٧ م,2139329,,Mohandiseen,Speedo,,Yes
2026-08-30,٠٨:٤٧ م,2140029,,Mohandiseen,El Tohami,,No
2026-08-30,٠٨:٤٧ م,2140040,,Hadayek el qobba,MTA,,Yes
2026-08-30,٠٨:٤٧ م,2140057,,Mohandiseen,Jasson,,Yes
2026-08-30,٠٨:٤٧ م,2140126,,Mohandiseen,MTA,,Yes
2026-08-30,٠٨:٤٧ م,2140128,,Mohandiseen,El Tohami,,Yes
2026-08-30,٠٨:٤٧ م,2140153,,Mohandiseen,El Tohami,,Yes
2026-08-30,٠٨:٤٧ م,2141779,,Hadayek el qobba,Top delivery,,Yes
2026-08-30,٠٨:٤٧ م,2142553,,Hadayek el qobba,Full Speed,,Yes
2026-08-30,٠٨:٤٧ م,2143865,,Mohandiseen,Ebad El rahman,,No
2026-08-30,٠٨:٤٧ م,2143901,,Hadayek el qobba,Jasson,,No
2026-08-30,٠٨:٤٧ م,2143906,,Mohandiseen,Full Speed,,Yes
2026-08-30,٠٨:٤٧ م,2143933,,Mohandiseen,Top delivery,,Yes
2026-08-30,٠٨:٤٧ م,2144271,,Shobra,Jasson,,Yes
2026-08-30,٠٨:٤٧ م,2144314,,Mohandiseen,El Tohami,,Yes
2026-08-30,٠٨:٤٧ م,2144953,,Mohandiseen,el Dawlya,,No
2026-08-30,٠٨:٤٧ م,2145045,,Mohandiseen,Jasson,,No
2026-08-30,٠٨:٤٧ م,2145175,,Mohandiseen,Al Alamia,,No
2026-08-30,٠٨:٤٧ م,2145239,,Mohandiseen,Speedo,,No
2026-08-30,٠٨:٤٧ م,2147055,,Hadayek el qobba,Top delivery,,No
2026-08-30,٠٨:٤٧ م,2147150,,Hadayek el qobba,Speedo,,No
2026-08-30,٠٨:٤٧ م,2147162,,Hadayek el qobba,Team mh for Delivery,,Yes
2026-08-30,٠٨:٤٧ م,2147177,,Mohandiseen,Speedo,,No
2026-08-30,٠٨:٤٧ م,2147243,,Mohandiseen,Team mh for Delivery,,Yes
2026-08-30,٠٨:٤٧ م,2147268,,Mohandiseen,Ebad El rahman,,Yes
2026-08-30,٠٨:٤٧ م,2147275,,Hadayek el qobba,El Tohami,,No
2026-08-30,٠٨:٤٧ م,2147295,,Mohandiseen,El Abtal,,Yes
2026-08-30,٠٨:٤٧ م,2147343,,Mohandiseen,el Dawlya,,Yes
2026-08-30,٠٨:٤٧ م,2147363,,Mohandiseen,El Tohami,,Yes
2026-08-30,٠٨:٤٧ م,2147392,,Hadayek el qobba,MTA,,Yes
2026-08-30,٠٨:٤٧ م,2147423,,Shobra,El Abtal,,Yes
2026-08-30,٠٨:٤٧ م,2147464,,Hadayek el qobba,Top delivery,,No
2026-08-30,٠٨:٤٧ م,2147607,,Hadayek el qobba,El Tohami,,No
2026-08-30,٠٨:٤٧ م,2147753,,Hadayek el qobba,Stop Car,,No
2026-08-30,٠٨:٤٧ م,2148664,,Mohandiseen,Team mh for Delivery,,No
2026-08-30,٠٨:٤٧ م,2148763,,Mohandiseen,El Abtal,,Yes
2026-08-30,٠٨:٤٧ م,2149888,,Hadayek el qobba,MTA,,No
2026-08-30,٠٨:٤٧ م,2149944,,Mohandiseen,Team mh for Delivery,,No
2026-08-30,٠٨:٤٧ م,2150294,,Hadayek el qobba,Top delivery,,No
2026-08-30,٠٨:٤٧ م,2150318,,Hadayek el qobba,Speedo,,No
2026-08-30,٠٨:٤٧ م,2150505,,Hadayek el qobba,el Dawlya,,No
2026-08-30,٠٨:٤٧ م,2151305,,Shobra,El Abtal,,Yes
2026-08-30,٠٨:٤٧ م,2151350,,Mohandiseen,Team mh for Delivery,,No
2026-08-30,٠٨:٤٧ م,2152352,,Mohandiseen,Speedo,,Yes
2026-08-30,٠٨:٤٧ م,2152472,,Hadayek el qobba,Top delivery,,Yes
2026-08-30,٠٨:٤٧ م,2152524,,Mohandiseen,MTA,,No
2026-08-30,٠٨:٤٧ م,2152736,,Hadayek el qobba,Top delivery,,No
2026-08-30,٠٨:٤٧ م,2152739,,Mohandiseen,Top delivery,,Yes
2026-08-30,٠٨:٤٧ م,2153635,,Hadayek el qobba,Top delivery,,No
2026-08-30,٠٨:٤٧ م,2153640,,Mohandiseen,el Dawlya,,Yes
2026-08-30,٠٨:٤٧ م,2153683,,Mohandiseen,el Dawlya,,Yes
2026-08-30,٠٨:٤٧ م,2154373,,Hadayek el qobba,Top delivery,,Yes
2026-08-30,٠٨:٤٧ م,2154420,,Mohandiseen,El Ezz,,No
2026-08-30,٠٨:٤٧ م,2154442,,Hadayek el qobba,Top delivery,,Yes
2026-08-30,٠٨:٤٧ م,2154517,,Mohandiseen,Team mh for Delivery,,No
2026-08-30,٠٨:٤٧ م,2154615,,Mohandiseen,Speedo,,No
2026-08-30,٠٨:٤٧ م,2154707,,Mohandiseen,el Dawlya,,Yes
2026-08-30,٠٨:٤٧ م,2154805,,Mohandiseen,Team mh for Delivery,,Yes
2026-08-30,٠٨:٤٧ م,2156111,,Mohandiseen,Team mh for Delivery,,Yes
2026-08-30,٠٨:٤٧ م,2157256,,Mohandiseen,MTA,,Yes
2026-08-30,٠٨:٤٧ م,2157273,,Mohandiseen,Team mh for Delivery,,No
2026-08-30,٠٨:٤٧ م,2157576,,Shobra,el Dawlya,,Yes
2026-08-30,٠٨:٤٧ م,2158985,,Hadayek el qobba,Ready,,Yes
2026-08-30,٠٨:٤٧ م,2158989,,Mohandiseen,el Dawlya,,No
2026-08-30,٠٨:٤٧ م,2159970,,Mohandiseen,Ebad El rahman,,Yes
2026-08-30,٠٨:٤٧ م,2159986,,Hadayek el qobba,Ebad El rahman,,No
2026-08-30,٠٨:٤٧ م,2160102,,Hadayek el qobba,Stop Car,,No
2026-08-30,٠٨:٤٧ م,2161348,,Mohandiseen,El Ezz,,Yes
2026-08-30,٠٨:٤٧ م,2161399,,Mohandiseen,Ebad El rahman,,Yes
2026-08-30,٠٨:٤٧ م,2162064,,Mohandiseen,Team mh for Delivery,,Yes
2026-08-30,٠٨:٤٧ م,2162136,,Shobra,Team mh for Delivery,,No
2026-08-30,٠٨:٤٧ م,2162315,,Mohandiseen,El Abtal,,No
2026-08-30,٠٨:٤٧ م,2163453,,Hadayek el qobba,Top delivery,,Yes
2026-08-30,٠٨:٤٧ م,2163464,,Shobra,Al Alamia,,No
2026-08-30,٠٨:٤٧ م,2163564,,Hadayek el qobba,Top delivery,,Yes
2026-08-30,٠٨:٤٧ م,2163668,,Mohandiseen,El Ezz,,Yes
2026-08-30,٠٨:٤٧ م,2164925,,Hadayek el qobba,Top delivery,,No
2026-08-30,٠٨:٤٧ م,2166968,,Shobra,Team mh for Delivery,,No
2026-08-30,٠٨:٤٧ م,2169179,,Mohandiseen,Team mh for Delivery,,Yes
2026-08-30,٠٨:٤٧ م,2169190,,Hadayek el qobba,el Dawlya,,No
2026-08-30,٠٨:٤٧ م,2169931,,Hadayek el qobba,El Tohami,,No
2026-08-30,٠٨:٤٧ م,2170696,,Hadayek el qobba,El Ezz,,No
2026-08-30,٠٨:٤٧ م,2171691,,Shobra,Full Speed,,No
2026-08-30,٠٨:٤٧ م,2172172,,Shobra,Top delivery,,No
2026-08-30,٠٨:٤٧ م,2173663,,Mohandiseen,El Tohami,,Yes
2026-08-30,٠٨:٤٧ م,2182008,,Hadayek el qobba,MTA,,Yes
2026-08-30,٠٨:٤٧ م,2182859,,Mohandiseen,Jasson,,Yes
2026-08-30,٠٨:٤٧ م,2182867,,Mohandiseen,El Ezz,,No
2026-08-30,٠٨:٤٧ م,2182881,,Shobra,Al Alamia,,No
2026-08-30,٠٨:٤٧ م,2182899,,Mohandiseen,Al Alamia,,No
2026-08-30,٠٨:٤٧ م,2182981,,Shobra,Team mh for Delivery,,Yes
2026-08-30,٠٨:٤٧ م,2183658,,Mohandiseen,MTA,,Yes
2026-08-30,٠٨:٤٧ م,2183733,,Hadayek el qobba,Stop Car,,Yes
2026-08-30,٠٨:٤٧ م,2183791,,Mohandiseen,El Abtal,,Yes
2026-08-30,٠٨:٤٧ م,2184055,,Shobra,Team mh for Delivery,,No
2026-08-30,٠٨:٤٧ م,2185290,,Hadayek el qobba,Jasson,,Yes
2026-08-30,٠٨:٤٧ م,2186331,,Hadayek el qobba,Jasson,,No
2026-08-30,٠٨:٤٧ م,2186375,,Hadayek el qobba,MTA,,Yes
2026-08-30,٠٨:٤٧ م,2186382,,Hadayek el qobba,Jasson,,No
2026-08-30,٠٨:٤٧ م,2186690,,Mohandiseen,El Tohami,,Yes
2026-08-30,٠٨:٤٧ م,2187021,,Shobra,MTA,,No
2026-08-30,٠٨:٤٧ م,2188002,,Hadayek el qobba,Speedo,,Yes
2026-08-30,٠٨:٤٧ م,2188070,,Shobra,Team mh for Delivery,,No
2026-08-30,٠٨:٤٧ م,2188087,,Shobra,El Abtal,,Yes
2026-08-30,٠٨:٤٧ م,2189217,,Mohandiseen,Full Speed,,Yes
2026-08-30,٠٨:٤٧ م,2190895,,Mohandiseen,El Tohami,,Yes
2026-08-30,٠٨:٤٧ م,2191086,,Mohandiseen,Team mh for Delivery,,No
2026-08-30,٠٨:٤٧ م,2191148,,Mohandiseen,El Tohami,,No
2026-08-30,٠٨:٤٧ م,2192399,,Mohandiseen,Ebad El rahman,,Yes
2026-08-30,٠٨:٤٧ م,2192566,,Hadayek el qobba,Top delivery,,No
2026-08-30,٠٨:٤٧ م,2193110,,Mohandiseen,Al Alamia,,No
2026-08-30,٠٨:٤٧ م,2193304,,Mohandiseen,Ebad El rahman,,Yes
2026-08-30,٠٨:٤٧ م,2193570,,Mohandiseen,Ebad El rahman,,Yes
2026-08-30,٠٨:٤٧ م,2194598,,Mohandiseen,El Abtal,,No
2026-08-30,٠٨:٤٧ م,2194703,,Mohandiseen,MTA,,Yes
2026-08-30,٠٨:٤٧ م,2195417,,Mohandiseen,El Ezz,,Yes
2026-08-30,٠٨:٤٧ م,2195455,,Mohandiseen,Full Speed,,Yes
2026-08-30,٠٨:٤٧ م,2196805,,Shobra,Team mh for Delivery,,No
2026-08-30,٠٨:٤٧ م,2197261,,Hadayek el qobba,Speedo,,No
2026-08-30,٠٨:٤٧ م,2200597,,Shobra,Team mh for Delivery,,Yes
2026-08-30,٠٨:٤٧ م,2201412,,Hadayek el qobba,Top delivery,,Yes
2026-08-30,٠٨:٤٧ م,2201566,,Mohandiseen,Ready,,Yes
2026-08-30,٠٨:٤٧ م,2201644,,Shobra,MTA,,Yes
2026-08-30,٠٨:٤٧ م,2201813,,Mohandiseen,Speedo,,No
2026-08-30,٠٨:٤٧ م,2202798,,Mohandiseen,MTA,,Yes
2026-08-30,٠٨:٤٧ م,2203539,,Mohandiseen,Team mh for Delivery,,No
2026-08-30,٠٨:٤٧ م,2203622,,Mohandiseen,Speedo,,No
2026-08-30,٠٨:٤٧ م,2203626,,Shobra,Team mh for Delivery,,Yes
2026-08-30,٠٨:٤٧ م,2203965,,Mohandiseen,Jasson,,No
2026-08-30,٠٨:٤٧ م,2204547,,Hadayek el qobba,Top delivery,,No
2026-08-30,٠٨:٤٧ م,2204655,,Mohandiseen,el Dawlya,,No
2026-08-30,٠٨:٤٧ م,2205062,,Hadayek el qobba,Top delivery,,Yes
2026-08-30,٠٨:٤٧ م,2205332,,Mohandiseen,Ebad El rahman,,Yes
2026-08-30,٠٨:٤٧ م,2205341,,Mohandiseen,El Abtal,,Yes
2026-08-30,٠٨:٤٧ م,2205435,,Mohandiseen,El Tohami,,Yes
2026-08-30,٠٨:٤٧ م,2205460,,Mohandiseen,El Abtal,,Yes
2026-08-30,٠٨:٤٧ م,2211432,,Mohandiseen,Speedo,,No
2026-08-30,٠٨:٤٧ م,2211677,,Shobra,Full Speed,,Yes
2026-08-30,٠٨:٤٧ م,2211725,,Mohandiseen,el Dawlya,,Yes
2026-08-30,٠٨:٤٧ م,2212647,,Mohandiseen,MTA,,No
2026-08-30,٠٨:٤٧ م,2213064,,Mohandiseen,Jasson,,Yes
2026-08-30,٠٨:٤٧ م,2213851,,Mohandiseen,MTA,,Yes
2026-08-30,٠٨:٤٧ م,2213920,,Mohandiseen,Speedo,,Yes
2026-08-30,٠٨:٤٧ م,2214888,,Mohandiseen,El Tohami,,No
2026-08-30,٠٨:٤٧ م,2215200,,Shobra,Jasson,,Yes
2026-08-30,٠٨:٤٧ م,2216455,,Mohandiseen,Team mh for Delivery,,Yes
2026-08-30,٠٨:٤٧ م,2216498,,Mohandiseen,Team mh for Delivery,,No
2026-08-30,٠٨:٤٧ م,2218812,,Mohandiseen,Ebad El rahman,,Yes
2026-08-30,٠٨:٤٧ م,2219887,,Mohandiseen,Tanta Car,,No
2026-08-30,٠٨:٤٧ م,2220788,,Hadayek el qobba,Top delivery,,No
2026-08-30,٠٨:٤٧ م,2223783,,Mohandiseen,El Tohami,,Yes
2026-08-30,٠٨:٤٧ م,2223859,,Hadayek el qobba,Speedo,,Yes
2026-08-30,٠٨:٤٧ م,2252952,,Hadayek el qobba,Ebad El rahman,,Yes
2026-08-30,٠٨:٤٧ م,2253018,,Shobra,Team mh for Delivery,,No
2026-08-30,٠٨:٤٧ م,2253175,,Mohandiseen,El Tohami,,Yes
2026-08-30,٠٨:٤٧ م,2253748,,Shobra,Jasson,,Yes
2026-08-30,٠٨:٤٧ م,2254310,,Mohandiseen,El Tohami,,Yes
2026-08-30,٠٨:٤٧ م,2254332,,Shobra,El Abtal,,No
2026-08-30,٠٨:٤٧ م,2255143,,Hadayek el qobba,Jasson,,No
2026-08-30,٠٨:٤٧ م,2255220,,Mohandiseen,Tanta Car,,Yes
2026-08-30,٠٨:٤٧ م,2255448,,Mohandiseen,El Abtal,,Yes
2026-08-30,٠٨:٤٧ م,2256669,,Mohandiseen,El Abtal,,No
2026-08-30,٠٨:٤٧ م,2256948,,Shobra,El Abtal,,Yes
2026-08-30,٠٨:٤٧ م,2261291,,Mohandiseen,El Abtal,,No
2026-08-30,٠٨:٤٧ م,2261340,,Hadayek el qobba,Team mh for Delivery,,Yes
2026-08-30,٠٨:٤٧ م,2261498,,Hadayek el qobba,Speedo,,No
2026-08-30,٠٨:٤٧ م,2261639,,Mohandiseen,Full Speed,,Yes
2026-08-30,٠٨:٤٧ م,2262076,,Shobra,MTA,,No
2026-08-30,٠٨:٤٧ م,2262492,,Hadayek el qobba,Full Speed,,Yes
2026-08-30,٠٨:٤٧ م,2263275,,Mohandiseen,El Abtal,,No
2026-08-30,٠٨:٤٧ م,2265293,,Mohandiseen,El Abtal,,No
2026-08-30,٠٨:٤٧ م,2266070,,Shobra,Team mh for Delivery,,No
2026-08-30,٠٨:٤٧ م,2266669,,Hadayek el qobba,Al Alamia,,Yes
2026-08-30,٠٨:٤٧ م,2269201,,Mohandiseen,Speedo,,Yes
2026-08-30,٠٨:٤٧ م,2269209,,Mohandiseen,Jasson,,Yes
2026-08-30,٠٨:٤٧ م,2269220,,Mohandiseen,Top delivery,,No
2026-08-30,٠٨:٤٧ م,2269320,,Mohandiseen,Tanta Car,,No
2026-08-30,٠٨:٤٧ م,2269450,,Shobra,El Ezz,,No
2026-08-30,٠٨:٤٧ م,2269478,,Mohandiseen,El Tohami,,Yes
2026-08-30,٠٨:٤٧ م,2269479,,Mohandiseen,Tanta,,Yes
2026-08-30,٠٨:٤٧ م,2269532,,Mohandiseen,Ebad El rahman,,Yes
2026-08-30,٠٨:٤٧ م,2269535,,Mohandiseen,El Tohami,,No
2026-08-30,٠٨:٤٧ م,2269538,,Hadayek el qobba,Top delivery,,Yes
2026-08-30,٠٨:٤٧ م,2269584,,Mohandiseen,Top delivery,,Yes
2026-08-30,٠٨:٤٧ م,2269637,,Mohandiseen,Full Speed,,No
2026-08-30,٠٨:٤٧ م,2269703,,Mohandiseen,El Abtal,,Yes
2026-08-30,٠٨:٤٧ م,2269752,,Mohandiseen,Al Alamia,,No
2026-08-30,٠٨:٤٧ م,2269865,,Hadayek el qobba,Top delivery,,Yes
2026-08-30,٠٨:٤٧ م,2270853,,Mohandiseen,El Abtal,,Yes
2026-08-30,٠٨:٤٧ م,2270854,,Mohandiseen,Ebad El rahman,,Yes
2026-08-30,٠٨:٤٧ م,2270941,,Mohandiseen,Ready,,Yes
2026-08-30,٠٨:٤٧ م,2271039,,Shobra,Speedo,,No
2026-08-30,٠٨:٤٧ م,2271048,,Mohandiseen,El Tohami,,No
2026-08-30,٠٨:٤٧ م,2271055,,Mohandiseen,Al Alamia,,No
2026-08-30,٠٨:٤٧ م,2271197,,Mohandiseen,Ebad El rahman,,No
2026-08-30,٠٨:٤٧ م,2271281,,Mohandiseen,Jasson,,Yes
2026-08-30,٠٨:٤٧ م,2271324,,Mohandiseen,Jasson,,Yes
2026-08-30,٠٨:٤٧ م,2271326,,Mohandiseen,Team mh for Delivery,,Yes
2026-08-30,٠٨:٤٧ م,2271437,,Mohandiseen,Ebad El rahman,,Yes
2026-08-30,٠٨:٤٧ م,2271469,,Mohandiseen,El Abtal,,Yes
2026-08-30,٠٨:٤٧ م,2272446,,Mohandiseen,Speedo,,Yes
2026-08-30,٠٨:٤٧ م,2272452,,Mohandiseen,Team mh for Delivery,,No
2026-08-30,٠٨:٤٧ م,2272615,,Mohandiseen,Top delivery,,Yes
2026-08-30,٠٨:٤٧ م,2272817,,Mohandiseen,Full Speed,,Yes
2026-08-30,٠٨:٤٧ م,2274070,,Mohandiseen,El Abtal,,Yes
2026-08-30,٠٨:٤٧ م,2274094,,Mohandiseen,Team mh for Delivery,,Yes
2026-08-30,٠٨:٤٧ م,2274172,,Mohandiseen,Stop Car,,No
2026-08-30,٠٨:٤٧ م,2274204,,Mohandiseen,El Tohami,,No
2026-08-30,٠٨:٤٧ م,2274207,,Shobra,Al Alamia,,Yes
2026-08-30,٠٨:٤٧ م,2274291,,Mohandiseen,El Abtal,,Yes
2026-08-30,٠٨:٤٧ م,2275216,,Shobra,Full Speed,,Yes
2026-08-30,٠٨:٤٧ م,2368378,,Mohandiseen,El Ezz,,No
2026-08-30,٠٨:٤٧ م,2368671,,Mohandiseen,El Abtal,,No
2026-08-30,٠٨:٤٧ م,2368725,,Mohandiseen,Team mh for Delivery,,Yes
2026-08-30,٠٨:٤٧ م,2369541,,Mohandiseen,MTA,,No
2026-08-30,٠٨:٤٧ م,2369574,,Shobra,Team mh for Delivery,,Yes
2026-08-30,٠٨:٤٧ م,2369724,,Mohandiseen,El Tohami,,Yes
2026-08-30,٠٨:٤٧ م,2369886,,Hadayek el qobba,Top delivery,,Yes
2026-08-30,٠٨:٤٧ م,2370977,,Mohandiseen,Full Speed,,Yes
2026-08-30,٠٨:٤٧ م,2371083,,Shobra,Team mh for Delivery,,No
2026-08-30,٠٨:٤٧ م,2371516,,Mohandiseen,Team mh for Delivery,,No
2026-08-30,٠٨:٤٧ م,2372470,,Mohandiseen,Team mh for Delivery,,Yes
2026-08-30,٠٨:٤٧ م,2372490,,Mohandiseen,Jasson,,Yes
2026-08-30,٠٨:٤٧ م,2372513,,Shobra,Team mh for Delivery,,Yes
2026-08-30,٠٨:٤٧ م,2372544,,Mohandiseen,Speedo,,Yes
2026-08-30,٠٨:٤٧ م,2372593,,Mohandiseen,Speedo,,No
2026-08-30,٠٨:٤٧ م,2372624,,Hadayek el qobba,El Tohami,,No
2026-08-30,٠٨:٤٧ م,2372633,,Mohandiseen,Speedo,,No
2026-08-30,٠٨:٤٧ م,2372729,,Mohandiseen,Al Alamia,,Yes
2026-08-30,٠٨:٤٧ م,2375213,,Mohandiseen,Team mh for Delivery,,Yes
2026-08-30,٠٨:٤٧ م,2375489,,Mohandiseen,MTA,,Yes
2026-08-30,٠٨:٤٧ م,2375588,,Mohandiseen,Speedo,,Yes
2026-08-30,٠٨:٤٧ م,2375705,,Mohandiseen,MTA,,No
2026-08-30,٠٨:٤٧ م,2375746,,Hadayek el qobba,Top delivery,,Yes
2026-08-30,٠٨:٤٧ م,2376011,,Mohandiseen,Tanta,,Yes
2026-08-30,٠٨:٤٧ م,2376370,,Hadayek el qobba,MTA,,No
2026-08-30,٠٨:٤٧ م,2377272,,Mohandiseen,El Tohami,,No
2026-08-30,٠٨:٤٧ م,2377284,,Shobra,El Abtal,,Yes
2026-08-30,٠٨:٤٧ م,2377319,,Mohandiseen,El Ezz,,Yes
2026-08-30,٠٨:٤٧ م,2377441,,Mohandiseen,Tanta Car,,Yes
2026-08-30,٠٨:٤٧ م,2378625,,Mohandiseen,Full Speed,,Yes
2026-08-30,٠٨:٤٧ م,2378778,,Shobra,Speedo,,Yes
2026-08-30,٠٨:٤٧ م,2378809,,Hadayek el qobba,Stop Car,,Yes
2026-08-30,٠٨:٤٧ م,2379030,,Mohandiseen,Al Alamia,,Yes
2026-08-30,٠٨:٤٧ م,2379232,,Mohandiseen,Speedo,,No
2026-08-30,٠٨:٤٧ م,2379911,,Mohandiseen,Jasson,,Yes
2026-08-30,٠٨:٤٧ م,2380344,,Mohandiseen,El Abtal,,No
2026-08-30,٠٨:٤٧ م,2381795,,Mohandiseen,Ebad El rahman,,No
2026-08-30,٠٨:٤٧ م,2381912,,Mohandiseen,Team mh for Delivery,,Yes
2026-08-30,٠٨:٤٧ م,2382000,,Mohandiseen,El Abtal,,Yes
2026-08-30,٠٨:٤٧ م,2382099,,Mohandiseen,Tanta Car,,Yes
2026-08-30,٠٨:٤٧ م,2402627,,Hadayek el qobba,Jasson,,No
2026-08-30,٠٨:٤٧ م,2402757,,Mohandiseen,Full Speed,,No
2026-08-30,٠٨:٤٧ م,2402803,,Shobra,Jasson,,No
2026-08-30,٠٨:٤٧ م,2402855,,Mohandiseen,Al Alamia,,No
2026-08-30,٠٨:٤٧ م,2404356,,Mohandiseen,MTA,,Yes
2026-08-30,٠٨:٤٧ م,2404933,,Mohandiseen,Top delivery,,No
2026-08-30,٠٨:٤٧ م,2405883,,Mohandiseen,el Dawlya,,Yes
2026-08-30,٠٨:٤٧ م,2405936,,Shobra,Jasson,,No
2026-08-30,٠٨:٤٧ م,2405952,,Mohandiseen,Team mh for Delivery,,Yes
2026-08-30,٠٨:٤٧ م,2406022,,Shobra,MTA,,Yes
2026-08-30,٠٨:٤٧ م,2407348,,Hadayek el qobba,Top delivery,,Yes
2026-08-30,٠٨:٤٧ م,2407563,,Mohandiseen,el Dawlya,,No
2026-08-30,٠٨:٤٧ م,2407913,,Mohandiseen,El Tohami,,Yes
2026-08-30,٠٨:٤٧ م,2408049,,Mohandiseen,Ebad El rahman,,No
2026-08-30,٠٨:٤٧ م,2408447,,Mohandiseen,Team mh for Delivery,,Yes
2026-08-30,٠٨:٤٧ م,2408915,,Mohandiseen,El Abtal,,Yes
2026-08-30,٠٨:٤٧ م,2411413,,Mohandiseen,Ebad El rahman,,Yes
2026-08-30,٠٨:٤٧ م,2411567,,Mohandiseen,El Abtal,,Yes
2026-08-30,٠٨:٤٧ م,2411769,,Shobra,Ebad El rahman,,Yes
2026-08-30,٠٨:٤٧ م,2411999,,Mohandiseen,Jasson,,No
2026-08-30,٠٨:٤٧ م,2412904,,Shobra,Top delivery,,Yes
2026-08-30,٠٨:٤٧ م,2414880,,Shobra,Al Alamia,,No
2026-08-30,٠٨:٤٧ م,2416142,,Mohandiseen,Ebad El rahman,,Yes
2026-08-30,٠٨:٤٧ م,2416266,,Mohandiseen,Jasson,,Yes
2026-08-30,٠٨:٤٧ م,2417723,,Hadayek el qobba,El Tohami,,No
2026-08-30,٠٨:٤٧ م,2417833,,Hadayek el qobba,El Tohami,,Yes
2026-08-30,٠٨:٤٧ م,2417952,,Hadayek el qobba,El Tohami,,Yes
2026-08-30,٠٨:٤٧ م,2420110,,Hadayek el qobba,Top delivery,,Yes
2026-08-30,٠٨:٤٧ م,2420718,,Hadayek el qobba,Top delivery,,Yes
2026-08-30,٠٨:٤٧ م,2421596,,Hadayek el qobba,Speedo,,Yes
2026-08-30,٠٨:٤٧ م,2421603,,Mohandiseen,Ebad El rahman,,Yes
2026-08-30,٠٨:٤٧ م,2421627,,Mohandiseen,el Dawlya,,Yes
2026-08-30,٠٨:٤٧ م,2421636,,Mohandiseen,El Abtal,,Yes
2026-08-30,٠٨:٤٧ م,2421641,,Hadayek el qobba,Top delivery,,No
2026-08-30,٠٨:٤٧ م,2421734,,Hadayek el qobba,Top delivery,,Yes
2026-08-30,٠٨:٤٧ م,2421749,,Hadayek el qobba,El Ezz,,No
2026-08-30,٠٨:٤٧ م,2421975,,Mohandiseen,el Dawlya,,Yes
2026-08-30,٠٨:٤٧ م,2423050,,Mohandiseen,El Tohami,,Yes
2026-08-30,٠٨:٤٧ م,2423052,,Shobra,Al Alamia,,Yes
2026-08-30,٠٨:٤٧ م,2423543,,Hadayek el qobba,Stop Car,,Yes
2026-08-30,٠٨:٤٧ م,2423948,,Mohandiseen,El Tohami,,Yes
2026-08-30,٠٨:٤٧ م,2425192,,Mohandiseen,Team mh for Delivery,,Yes
2026-08-30,٠٨:٤٧ م,2425298,,Mohandiseen,El Abtal,,No
2026-08-30,٠٨:٤٧ م,2428271,,Hadayek el qobba,Al Alamia,,Yes
2026-08-30,٠٨:٤٧ م,2428356,,Mohandiseen,Speedo,,Yes
2026-08-30,٠٨:٤٧ م,2428524,,Mohandiseen,Speedo,,Yes
2026-08-30,٠٨:٤٧ م,2428534,,Mohandiseen,Ebad El rahman,,Yes
2026-08-30,٠٨:٤٧ م,2428868,,Mohandiseen,Speedo,,No
2026-08-30,٠٨:٤٧ م,2429949,,Mohandiseen,El Tohami,,Yes
2026-08-30,٠٨:٤٧ م,2430012,,Mohandiseen,Team mh for Delivery,,Yes
2026-08-30,٠٨:٤٧ م,2430114,,Mohandiseen,Team mh for Delivery,,Yes
2026-08-30,٠٨:٤٧ م,2430130,,Mohandiseen,Team mh for Delivery,,Yes
2026-08-30,٠٨:٤٧ م,2430156,,Mohandiseen,El Tohami,,Yes
2026-08-30,٠٨:٤٧ م,2430237,,Mohandiseen,El Ezz,,No
2026-08-30,٠٨:٤٧ م,2430321,,Hadayek el qobba,Ebad El rahman,,No
2026-08-30,٠٨:٤٧ م,2432042,,Mohandiseen,El Tohami,,No
2026-08-30,٠٨:٤٧ م,2432750,,Shobra,MTA,,Yes
2026-08-30,٠٨:٤٧ م,2432891,,Mohandiseen,Full Speed,,Yes
2026-08-30,٠٨:٤٧ م,2434714,,Mohandiseen,Team mh for Delivery,,Yes
2026-08-30,٠٨:٤٧ م,2434765,,Mohandiseen,Team mh for Delivery,,Yes
2026-08-30,٠٨:٤٧ م,2434999,,Hadayek el qobba,Speedo,,Yes
2026-08-30,٠٨:٤٧ م,2437831,,Hadayek el qobba,Top delivery,,Yes
2026-08-30,٠٨:٤٧ م,2437889,,Mohandiseen,el Dawlya,,Yes
2026-08-30,٠٨:٤٧ م,2437905,,Hadayek el qobba,El Ezz,,Yes
2026-08-30,٠٨:٤٧ م,2438063,,Mohandiseen,el Dawlya,,No
2026-08-30,٠٨:٤٧ م,2438094,,Mohandiseen,El Abtal,,No
2026-08-30,٠٨:٤٧ م,2438190,,Mohandiseen,El Abtal,,Yes
2026-08-30,٠٨:٤٧ م,2438293,,Mohandiseen,Full Speed,,No
2026-08-30,٠٨:٤٧ م,2438688,,Hadayek el qobba,MTA,,Yes
2026-08-30,٠٨:٤٧ م,2440001,,Shobra,Team mh for Delivery,,Yes
2026-08-30,٠٨:٤٧ م,2441620,,Mohandiseen,El Abtal,,Yes
2026-08-30,٠٨:٤٧ م,2443498,,Mohandiseen,El Abtal,,Yes
2026-08-30,٠٨:٤٧ م,2443605,,Mohandiseen,Full Speed,,Yes
2026-08-30,٠٨:٤٧ م,2443621,,Mohandiseen,El Abtal,,No
2026-08-30,٠٨:٤٧ م,2443869,,Mohandiseen,Top delivery,,Yes
2026-08-30,٠٨:٤٧ م,2443878,,Mohandiseen,El Abtal,,Yes
2026-08-30,٠٨:٤٧ م,2443961,,Mohandiseen,Speedo,,No
2026-08-30,٠٨:٤٧ م,2445258,,Hadayek el qobba,Team mh for Delivery,,Yes
2026-08-30,٠٨:٤٧ م,2445314,,Mohandiseen,Al Alamia,,Yes
2026-08-30,٠٨:٤٧ م,2445350,,Hadayek el qobba,Team mh for Delivery,,Yes
2026-08-30,٠٨:٤٧ م,2445458,,Mohandiseen,Jasson,,Yes
2026-08-30,٠٨:٤٧ م,2445475,,Mohandiseen,El Tohami,,No
2026-08-30,٠٨:٤٧ م,2445907,,Mohandiseen,El Ezz,,No
2026-08-30,٠٨:٤٧ م,2448399,,Shobra,Team mh for Delivery,,Yes
2026-08-30,٠٨:٤٧ م,2448461,,Mohandiseen,MTA,,No
2026-08-30,٠٨:٤٧ م,2448470,,Mohandiseen,El Abtal,,No
2026-08-30,٠٨:٤٧ م,2448832,,Mohandiseen,Tanta Car,,No
2026-08-30,٠٨:٤٧ م,2449724,,Mohandiseen,Speedo,,Yes
2026-08-30,٠٨:٤٧ م,2450476,,Mohandiseen,El Tohami,,No
2026-08-30,٠٨:٤٧ م,2450574,,Mohandiseen,Full Speed,,No
2026-08-30,٠٨:٤٧ م,2450839,,Mohandiseen,Ebad El rahman,,Yes
2026-08-30,٠٨:٤٧ م,2454180,,Mohandiseen,Ebad El rahman,,Yes
2026-08-30,٠٨:٤٧ م,2454467,,Mohandiseen,Team mh for Delivery,,No
2026-08-30,٠٨:٤٧ م,2456503,,Mohandiseen,Speedo,,No
2026-08-30,٠٨:٤٧ م,2456546,,Hadayek el qobba,Jasson,,No
2026-08-30,٠٨:٤٧ م,2459258,,Shobra,Al Alamia,,No
2026-08-30,٠٨:٤٧ م,2459523,,Shobra,El Abtal,,No
2026-08-30,٠٨:٤٧ م,2459549,,Hadayek el qobba,MTA,,No
2026-08-30,٠٨:٤٧ م,2459642,,Hadayek el qobba,El Tohami,,Yes
2026-08-30,٠٨:٤٧ م,2460472,,Hadayek el qobba,Top delivery,,Yes
2026-08-30,٠٨:٤٧ م,2460490,,Hadayek el qobba,El Tohami,,Yes
2026-08-30,٠٨:٤٧ م,2460530,,Mohandiseen,El Tohami,,No
2026-08-30,٠٨:٤٧ م,2462561,,Mohandiseen,Ebad El rahman,,Yes
2026-08-30,٠٨:٤٧ م,2463430,,Mohandiseen,MTA,,No
2026-08-30,٠٨:٤٧ م,2463512,,Mohandiseen,MTA,,Yes
2026-08-30,٠٨:٤٧ م,2465709,,Mohandiseen,Al Alamia,,No
2026-08-30,٠٨:٤٧ م,2465885,,Hadayek el qobba,Jasson,,Yes
2026-08-30,٠٨:٤٧ م,2466029,,Hadayek el qobba,Top delivery,,No
2026-08-30,٠٨:٤٧ م,2470933,,Mohandiseen,El Ezz,,Yes
2026-08-30,٠٨:٤٧ م,2472587,,Mohandiseen,Team mh for Delivery,,Yes
2026-08-30,٠٨:٤٧ م,2474651,,Mohandiseen,Team mh for Delivery,,No
2026-08-30,٠٨:٤٧ م,2474925,,Hadayek el qobba,MTA,,No
2026-08-30,٠٨:٤٧ م,2475403,,Hadayek el qobba,Team mh for Delivery,,Yes
2026-08-30,٠٨:٤٧ م,2476883,,Mohandiseen,Jasson,,No
2026-08-30,٠٨:٤٧ م,2477230,,Mohandiseen,Team mh for Delivery,,No
2026-08-30,٠٨:٤٧ م,2478982,,Mohandiseen,Jasson,,Yes
2026-08-30,٠٨:٤٧ م,2480445,,Hadayek el qobba,El Tohami,,No
2026-08-30,٠٨:٤٧ م,2482852,,Mohandiseen,El Abtal,,Yes
2026-08-30,٠٨:٤٧ م,2484588,,Mohandiseen,Team mh for Delivery,,Yes
2026-08-30,٠٨:٤٧ م,2484618,,Mohandiseen,MTA,,Yes
2026-08-30,٠٨:٤٧ م,2484788,,Mohandiseen,Al Alamia,,Yes
2026-08-30,٠٨:٤٧ م,2484814,,Mohandiseen,El Tohami,,No
2026-08-30,٠٨:٤٧ م,2486672,,Hadayek el qobba,Jasson,,Yes
2026-08-30,٠٨:٤٧ م,2487575,,Mohandiseen,El Abtal,,Yes
2026-08-30,٠٨:٤٧ م,2491432,,Shobra,Ebad El rahman,,Yes
2026-08-30,٠٨:٤٧ م,2491805,,Mohandiseen,Speedo,,No
2026-08-30,٠٨:٤٧ م,2491917,,Hadayek el qobba,Al Alamia,,Yes
2026-08-30,٠٨:٤٧ م,2492334,,Mohandiseen,Top delivery,,Yes
2026-08-30,٠٨:٤٧ م,2494974,,Hadayek el qobba,Top delivery,,No
2026-08-30,٠٨:٤٧ م,2495774,,Mohandiseen,MTA,,No
2026-08-30,٠٨:٤٧ م,2496028,,Mohandiseen,Tanta Car,,Yes
2026-08-30,٠٨:٤٧ م,2496271,,Mohandiseen,Stop Car,,No
2026-08-30,٠٨:٤٧ م,2497235,,Mohandiseen,Speedo,,Yes
2026-08-30,٠٨:٤٧ م,2497249,,Mohandiseen,Ebad El rahman,,Yes
2026-08-30,٠٨:٤٧ م,2497259,,Mohandiseen,el Dawlya,,Yes
2026-08-30,٠٨:٤٧ م,2497315,,Mohandiseen,El Tohami,,No
2026-08-30,٠٨:٤٧ م,2497887,,Mohandiseen,BeCool,,Yes
2026-08-30,٠٨:٤٧ م,2498057,,Mohandiseen,Team mh for Delivery,,Yes
2026-08-30,٠٨:٤٧ م,2498265,,Hadayek el qobba,Top delivery,,Yes
2026-08-30,٠٨:٤٧ م,2498785,,Mohandiseen,El Ezz,,No
2026-08-30,٠٨:٤٧ م,2498925,,Mohandiseen,Tanta Car,,Yes
2026-08-30,٠٨:٤٧ م,2498926,,Mohandiseen,MTA,,Yes
2026-08-30,٠٨:٤٧ م,2498962,,Mohandiseen,Stop Car,,No
2026-08-30,٠٨:٤٧ م,2499014,,Hadayek el qobba,Jasson,,Yes
2026-08-30,٠٨:٤٧ م,2499495,,Mohandiseen,Speedo,,Yes
2026-08-30,٠٨:٤٧ م,2499614,,Shobra,Speedo,,Yes
2026-08-30,٠٨:٤٧ م,2499621,,Mohandiseen,el Dawlya,,Yes
2026-08-30,٠٨:٤٧ م,2502192,,Hadayek el qobba,Speedo,,No
2026-08-30,٠٨:٤٧ م,2502242,,Hadayek el qobba,Stop Car,,Yes
2026-08-30,٠٨:٤٧ م,2502276,,Mohandiseen,Ebad El rahman,,No
2026-08-30,٠٨:٤٧ م,2502550,,Mohandiseen,El Ezz,,Yes
2026-08-30,٠٨:٤٧ م,2502812,,Mohandiseen,Apache,,Yes
2026-08-30,٠٨:٤٧ م,2502840,,Shobra,Team mh for Delivery,,Yes
2026-08-30,٠٨:٤٧ م,2502888,,Shobra,El Tohami,,No
2026-08-30,٠٨:٤٧ م,2503048,,Mohandiseen,Speedo,,Yes
2026-08-30,٠٨:٤٧ م,2503351,,Mohandiseen,Top delivery,,No
2026-08-30,٠٨:٤٧ م,2503365,,Mohandiseen,el Dawlya,,Yes
2026-08-30,٠٨:٤٧ م,2503457,,Mohandiseen,El Tohami,,No
2026-08-30,٠٨:٤٧ م,2504003,,Hadayek el qobba,MTA,,No
2026-08-30,٠٨:٤٧ م,2504175,,Shobra,El Abtal,,No
2026-08-30,٠٨:٤٧ م,2505433,,Shobra,Team mh for Delivery,,Yes
2026-08-30,٠٨:٤٧ م,2505806,,Mohandiseen,Jasson,,No
2026-08-30,٠٨:٤٧ م,2505988,,Mohandiseen,El Abtal,,Yes
2026-08-30,٠٨:٤٧ م,2506234,,Mohandiseen,Speedo,,Yes
2026-08-30,٠٨:٤٧ م,2507052,,Mohandiseen,el Dawlya,,No
2026-08-30,٠٨:٤٧ م,2507097,,Shobra,Al Alamia,,No
2026-08-30,٠٨:٤٧ م,2507133,,Mohandiseen,el Dawlya,,No
2026-08-30,٠٨:٤٧ م,2509244,,Mohandiseen,El Tohami,,Yes
2026-08-30,٠٨:٤٧ م,2509469,,Hadayek el qobba,Speedo,,Yes
2026-08-30,٠٨:٤٧ م,2511970,,Mohandiseen,Tanta,,No
2026-08-30,٠٨:٤٧ م,2512393,,Mohandiseen,Speedo,,Yes
2026-08-30,٠٨:٤٧ م,2512981,,Mohandiseen,El Ezz,,Yes
2026-08-30,٠٨:٤٧ م,2513503,,Hadayek el qobba,Top delivery,,No
2026-08-30,٠٨:٤٧ م,2513937,,Mohandiseen,MTA,,No
2026-08-30,٠٨:٤٧ م,2514174,,Mohandiseen,El Tohami,,Yes
2026-08-30,٠٨:٤٧ م,2514812,,Hadayek el qobba,Top delivery,,Yes
2026-08-30,٠٨:٤٧ م,2515950,,Shobra,MTA,,Yes
2026-08-30,٠٨:٤٧ م,2516063,,Mohandiseen,El Tohami,,No
2026-08-30,٠٨:٤٧ م,2516082,,Mohandiseen,Ebad El rahman,,Yes
2026-08-30,٠٨:٤٧ م,2516133,,Mohandiseen,Al Alamia,,Yes
2026-08-30,٠٨:٤٧ م,2517726,,Mohandiseen,Jasson,,No
2026-08-30,٠٨:٤٧ م,2517935,,Hadayek el qobba,Jasson,,Yes
2026-08-30,٠٨:٤٧ م,2521036,,Mohandiseen,MTA,,Yes
2026-08-30,٠٨:٤٧ م,2521049,,Hadayek el qobba,Top delivery,,Yes
2026-08-30,٠٨:٤٧ م,2521216,,Mohandiseen,Apache,,Yes
2026-08-30,٠٨:٤٧ م,2521331,,Mohandiseen,el Dawlya,,No
2026-08-30,٠٨:٤٧ م,2521441,,Mohandiseen,Tanta Car,,No
2026-08-30,٠٨:٤٧ م,2521567,,Mohandiseen,el Dawlya,,Yes
2026-08-30,٠٨:٤٧ م,2521826,,Mohandiseen,el Dawlya,,No
2026-08-30,٠٨:٤٧ م,2522066,,Mohandiseen,El Abtal,,No
2026-08-30,٠٨:٤٧ م,2522176,,Mohandiseen,MTA,,Yes
2026-08-30,٠٨:٤٧ م,2523562,,Mohandiseen,Apache,,No
2026-08-30,٠٨:٤٧ م,2523971,,Hadayek el qobba,Speedo,,No
2026-08-30,٠٨:٤٧ م,2525855,,Hadayek el qobba,Team mh for Delivery,,Yes
2026-08-30,٠٨:٤٧ م,2526092,,Mohandiseen,Speedo,,No
2026-08-30,٠٨:٤٧ م,2526472,,Hadayek el qobba,MTA,,Yes
2026-08-30,٠٨:٤٧ م,2526487,,Shobra,El Abtal,,No
2026-08-30,٠٨:٤٧ م,2527709,,Mohandiseen,Ebad El rahman,,Yes
2026-08-30,٠٨:٤٧ م,2528218,,Shobra,Al Alamia,,No
2026-08-30,٠٨:٤٧ م,2529419,,Shobra,Al Alamia,,No
2026-08-30,٠٨:٤٧ م,2529460,,Hadayek el qobba,Top delivery,,No
2026-08-30,٠٨:٤٧ م,2529581,,Mohandiseen,Al Alamia,,Yes
2026-08-30,٠٨:٤٧ م,2529907,,Mohandiseen,Speedo,,Yes
2026-08-30,٠٨:٤٧ م,2530109,,Shobra,El Tohami,,Yes
2026-08-30,٠٨:٤٧ م,2531729,,Hadayek el qobba,Full Speed,,Yes
2026-08-30,٠٨:٤٧ م,2532803,,Shobra,Al Alamia,,No
2026-08-30,٠٨:٤٧ م,2533028,,Mohandiseen,Full Speed,,No
2026-08-30,٠٨:٤٧ م,2533226,,Mohandiseen,Stop Car,,Yes
2026-08-30,٠٨:٤٧ م,2533707,,Mohandiseen,Al Alamia,,Yes
2026-08-30,٠٨:٤٧ م,2533740,,Mohandiseen,El Tohami,,Yes
2026-08-30,٠٨:٤٧ م,2537110,,Mohandiseen,El Abtal,,Yes
2026-08-30,٠٨:٤٧ م,2537120,,Hadayek el qobba,MTA,,Yes
2026-08-30,٠٨:٤٧ م,2537842,,Mohandiseen,Speedo,,Yes
2026-08-30,٠٨:٤٧ م,2537892,,Hadayek el qobba,Top delivery,,No
2026-08-30,٠٨:٤٧ م,2539007,,Mohandiseen,Team mh for Delivery,,No
2026-08-30,٠٨:٤٧ م,2539412,,Shobra,Team mh for Delivery,,Yes
2026-08-30,٠٨:٤٧ م,2539514,,Mohandiseen,Tanta,,Yes
2026-08-30,٠٨:٤٧ م,2539751,,Mohandiseen,El Abtal,,Yes
2026-08-30,٠٨:٤٧ م,2542827,,Hadayek el qobba,Stop Car,,Yes
2026-08-30,٠٨:٤٧ م,2543146,,Mohandiseen,Speedo,,Yes
2026-08-30,٠٨:٤٧ م,2543708,,Mohandiseen,El Abtal,,No
2026-08-30,٠٨:٤٧ م,2543894,,Mohandiseen,Jasson,,Yes
2026-08-30,٠٨:٤٧ م,2543927,,Shobra,MTA,,No
2026-08-30,٠٨:٤٧ م,2544329,,Mohandiseen,Team mh for Delivery,,Yes
2026-08-30,٠٨:٤٧ م,2544383,,Mohandiseen,Ebad El rahman,,No
2026-08-30,٠٨:٤٧ م,2547182,,Hadayek el qobba,Speedo,,No
2026-08-30,٠٨:٤٧ م,2584864,,Mohandiseen,El Abtal,,Yes
2026-08-30,٠٨:٤٧ م,2587818,,Mohandiseen,Team mh for Delivery,,Yes
2026-08-30,٠٨:٤٧ م,2587895,,Mohandiseen,Speedo,,Yes
2026-08-30,٠٨:٤٧ م,2588128,,Mohandiseen,MTA,,Yes
2026-08-30,٠٨:٤٧ م,2588305,,Shobra,Al Alamia,,Yes
2026-08-30,٠٨:٤٧ م,2588469,,Mohandiseen,Tanta Car,,No
2026-08-30,٠٨:٤٧ م,2588540,,Hadayek el qobba,Top delivery,,Yes
2026-08-30,٠٨:٤٧ م,2588578,,Mohandiseen,el Dawlya,,Yes
2026-08-30,٠٨:٤٧ م,2589307,,Mohandiseen,Speedo,,Yes
2026-08-30,٠٨:٤٧ م,2589593,,Mohandiseen,Al Alamia,,Yes
2026-08-30,٠٨:٤٧ م,2589676,,Mohandiseen,El Ezz,,Yes
2026-08-30,٠٨:٤٧ م,2589697,,Mohandiseen,el Dawlya,,Yes
2026-08-30,٠٨:٤٧ م,2590101,,Hadayek el qobba,Full Speed,,Yes
2026-08-30,٠٨:٤٧ م,2590470,,Hadayek el qobba,Team mh for Delivery,,Yes
2026-08-30,٠٨:٤٧ م,2591825,,Mohandiseen,El Tohami,,No
2026-08-30,٠٨:٤٧ م,2592258,,Shobra,El Tohami,,Yes
2026-08-30,٠٨:٤٧ م,2592354,,Mohandiseen,Al Alamia,,No
2026-08-30,٠٨:٤٧ م,2592408,,Mohandiseen,Al Alamia,,Yes
2026-08-30,٠٨:٤٧ م,2592505,,Shobra,Al Alamia,,No
2026-08-30,٠٨:٤٧ م,2592525,,Mohandiseen,El Abtal,,Yes
2026-08-30,٠٨:٤٧ م,2594794,,Mohandiseen,Apache,,Yes
2026-08-30,٠٨:٤٧ م,2597686,,Hadayek el qobba,Ebad El rahman,,Yes
2026-08-30,٠٨:٤٧ م,2598584,,Mohandiseen,Speedo,,Yes
2026-08-30,٠٨:٤٧ م,2598748,,Mohandiseen,Team mh for Delivery,,No
2026-08-30,٠٨:٤٧ م,2598815,,Mohandiseen,Speedo,,Yes
2026-08-30,٠٨:٤٧ م,2598960,,Mohandiseen,el Dawlya,,Yes
2026-08-30,٠٨:٤٧ م,2599189,,Shobra,Team mh for Delivery,,Yes
2026-08-30,٠٨:٤٧ م,2599196,,Shobra,Al Alamia,,No
2026-08-30,٠٨:٤٧ م,2599316,,Mohandiseen,El Ezz,,Yes
2026-08-30,٠٨:٤٧ م,2599380,,Mohandiseen,El Tohami,,No
2026-08-30,٠٨:٤٧ م,2599384,,Hadayek el qobba,Ebad El rahman,,No
2026-08-30,٠٨:٤٧ م,2602187,,Mohandiseen,BeCool,,No
2026-08-30,٠٨:٤٧ م,2606940,,Mohandiseen,Al Alamia,,Yes
2026-08-30,٠٨:٤٧ م,2611569,,Hadayek el qobba,Top delivery,,No
2026-08-30,٠٨:٤٧ م,2611791,,Hadayek el qobba,El Tohami,,No
2026-08-30,٠٨:٤٧ م,2611873,,Shobra,Team mh for Delivery,,Yes
2026-08-30,٠٨:٤٧ م,2611908,,Shobra,Team mh for Delivery,,Yes
2026-08-30,٠٨:٤٧ م,2612077,,Shobra,el Dawlya,,Yes
2026-08-30,٠٨:٤٧ م,2612122,,Hadayek el qobba,MTA,,Yes
2026-08-30,٠٨:٤٧ م,2612581,,Hadayek el qobba,El Ezz,,Yes
2026-08-30,٠٨:٤٧ م,2612599,,Hadayek el qobba,Ebad El rahman,,No
2026-08-30,٠٨:٤٧ م,2612605,,Hadayek el qobba,MTA,,No
2026-08-30,٠٨:٤٧ م,2612617,,Hadayek el qobba,Al Alamia,,Yes
2026-08-30,٠٨:٤٧ م,2612641,,Shobra,MTA,,Yes
2026-08-30,٠٨:٤٧ م,2612650,,Shobra,Jasson,,No
2026-08-30,٠٨:٤٧ م,2613182,,Hadayek el qobba,Top delivery,,Yes
2026-08-30,٠٨:٤٧ م,2620678,,Shobra,Team mh for Delivery,,Yes
2026-08-30,٠٨:٤٧ م,2637607,,Mohandiseen,el Dawlya,,Yes
2026-08-30,٠٨:٤٧ م,2637627,,Shobra,Jasson,,Yes
2026-08-30,٠٨:٤٧ م,2638226,,Hadayek el qobba,Al Alamia,,Yes
2026-08-30,٠٨:٤٧ م,2638746,,Hadayek el qobba,Stop Car,,No
2026-08-30,٠٨:٤٧ م,2640734,,Mohandiseen,Speedo,,No
2026-08-30,٠٨:٤٧ م,2641499,,Mohandiseen,Top delivery,,Yes
2026-08-30,٠٨:٤٧ م,2641539,,Mohandiseen,Speedo,,Yes
2026-08-30,٠٨:٤٧ م,2641564,,Shobra,El Abtal,,No
2026-08-30,٠٨:٤٧ م,2641671,,Mohandiseen,El Abtal,,No
2026-08-30,٠٨:٤٧ م,2642693,,Hadayek el qobba,El Abtal,,Yes
2026-08-30,٠٨:٤٧ م,2642736,,Shobra,Team mh for Delivery,,Yes
2026-08-30,٠٨:٤٧ م,2642743,,Hadayek el qobba,Top delivery,,Yes
2026-08-30,٠٨:٤٧ م,2642750,,Hadayek el qobba,Jasson,,Yes
2026-08-30,٠٨:٤٧ م,2642857,,Shobra,Team mh for Delivery,,Yes
2026-08-30,٠٨:٤٧ م,2643157,,Hadayek el qobba,MTA,,No
2026-08-30,٠٨:٤٧ م,2643200,,Mohandiseen,Team mh for Delivery,,Yes
2026-08-30,٠٨:٤٧ م,2643365,,Mohandiseen,BeCool,,Yes
2026-08-30,٠٨:٤٧ م,2643437,,Mohandiseen,El Abtal,,Yes
2026-08-30,٠٨:٤٧ م,2643711,,Mohandiseen,Ebad El rahman,,No
2026-08-30,٠٨:٤٧ م,2644182,,Mohandiseen,el Dawlya,,Yes
2026-08-30,٠٨:٤٧ م,2644414,,Hadayek el qobba,Top delivery,,Yes
2026-08-30,٠٨:٤٧ م,2644551,,Shobra,El Ezz,,No
2026-08-30,٠٨:٤٧ م,2644587,,Mohandiseen,Speedo,,No
2026-08-30,٠٨:٤٧ م,2644624,,Mohandiseen,Top delivery,,Yes
2026-08-30,٠٨:٤٧ م,2644666,,Shobra,MTA,,No
2026-08-30,٠٨:٤٧ م,2644706,,Mohandiseen,El Tohami,,Yes
2026-08-30,٠٨:٤٧ م,2644710,,Mohandiseen,Ready,,Yes
2026-08-30,٠٨:٤٧ م,2644754,,Mohandiseen,Stop Car,,Yes
2026-08-30,٠٨:٤٧ م,2644775,,Mohandiseen,el Dawlya,,No
2026-08-30,٠٨:٤٧ م,2644911,,Hadayek el qobba,el Dawlya,,No
2026-08-30,٠٨:٤٧ م,2645018,,Mohandiseen,El Tohami,,No
2026-08-30,٠٨:٤٧ م,2645086,,Mohandiseen,Team mh for Delivery,,Yes
2026-08-30,٠٨:٤٧ م,2645837,,Mohandiseen,Al Alamia,,No
2026-08-30,٠٨:٤٧ م,2646008,,Mohandiseen,Jasson,,No
2026-08-30,٠٨:٤٧ م,2646283,,Mohandiseen,Tanta Car,,No
2026-08-30,٠٨:٤٧ م,2650134,,Hadayek el qobba,El Tohami,,No
2026-08-30,٠٨:٤٧ م,2653758,,Mohandiseen,Top delivery,,Yes
2026-08-30,٠٨:٤٧ م,2654042,,Mohandiseen,Full Speed,,No
2026-08-30,٠٨:٤٧ م,2654053,,Mohandiseen,MTA,,Yes
2026-08-30,٠٨:٤٧ م,2654164,,Mohandiseen,MTA,,Yes
2026-08-30,٠٨:٤٧ م,2654668,,Mohandiseen,El Tohami,,Yes
2026-08-30,٠٨:٤٧ م,2654786,,Mohandiseen,Speedo,,No
2026-08-30,٠٨:٤٧ م,2654836,,Mohandiseen,Ebad El rahman,,Yes
2026-08-30,٠٨:٤٧ م,2655337,,Mohandiseen,Speedo,,No
2026-08-30,٠٨:٤٧ م,2655496,,Mohandiseen,Jasson,,No
2026-08-30,٠٨:٤٧ م,2655515,,Hadayek el qobba,Ebad El rahman,,Yes
2026-08-30,٠٨:٤٧ م,2656093,,Mohandiseen,Al Alamia,,Yes
2026-08-30,٠٨:٤٧ م,2656203,,Shobra,Jasson,,Yes
2026-08-30,٠٨:٤٧ م,2656382,,Mohandiseen,Speedo,,Yes
2026-08-30,٠٨:٤٧ م,2658567,,Mohandiseen,Team mh for Delivery,,No
2026-08-30,٠٨:٤٧ م,2658618,,Hadayek el qobba,MTA,,Yes
2026-08-30,٠٨:٤٧ م,2659347,,Mohandiseen,el Dawlya,,Yes
2026-08-30,٠٨:٤٧ م,2659376,,Mohandiseen,el Dawlya,,No
2026-08-30,٠٨:٤٧ م,2659631,,Mohandiseen,el Dawlya,,Yes
2026-08-30,٠٨:٤٧ م,2660222,,Hadayek el qobba,El Ezz,,Yes
2026-08-30,٠٨:٤٧ م,2660836,,Shobra,MTA,,No
2026-08-30,٠٨:٤٧ م,2662133,,Mohandiseen,El Tohami,,No
2026-08-30,٠٨:٤٧ م,2662161,,Shobra,Team mh for Delivery,,Yes
2026-08-30,٠٨:٤٧ م,2662284,,Hadayek el qobba,MTA,,No
2026-08-30,٠٨:٤٧ م,2663145,,Mohandiseen,El Abtal,,No
2026-08-30,٠٨:٤٧ م,2663395,,Mohandiseen,Al Alamia,,No
2026-08-30,٠٨:٤٧ م,2663503,,Mohandiseen,Team mh for Delivery,,Yes
2026-08-30,٠٨:٤٧ م,2664328,,Mohandiseen,MTA,,Yes
2026-08-30,٠٨:٤٧ م,2808259,,Mohandiseen,Speedo,,Yes
2026-08-30,٠٨:٤٧ م,2811281,,Mohandiseen,El Abtal,,No
2026-08-30,٠٨:٤٧ م,2811323,,Mohandiseen,Ready,,Yes
2026-08-30,٠٨:٤٧ م,2811346,,Hadayek el qobba,El Ezz,,Yes
2026-08-30,٠٨:٤٧ م,2816008,,Hadayek el qobba,Ebad El rahman,,Yes
2026-08-30,٠٨:٤٧ م,2820192,,Mohandiseen,MTA,,Yes
2026-08-30,٠٨:٤٧ م,2823155,,Shobra,Jasson,,No
2026-08-30,٠٨:٤٧ م,2823452,,Hadayek el qobba,El Abtal,,Yes
2026-08-30,٠٨:٤٧ م,2823515,,Mohandiseen,El Abtal,,Yes
2026-08-30,٠٨:٤٧ م,2825014,,Mohandiseen,El Tohami,,Yes
2026-08-30,٠٨:٤٧ م,2825398,,Mohandiseen,Top delivery,,Yes
2026-08-30,٠٨:٤٧ م,2825783,,Shobra,MTA,,Yes
2026-08-30,٠٨:٤٧ م,2825838,,Mohandiseen,El Abtal,,No
2026-08-30,٠٨:٤٧ م,2825852,,Mohandiseen,el Dawlya,,Yes
2026-08-30,٠٨:٤٧ م,2826656,,Mohandiseen,Al Alamia,,No
2026-08-30,٠٨:٤٧ م,2830339,,Hadayek el qobba,El Abtal,,No
2026-08-30,٠٨:٤٧ م,2830593,,Hadayek el qobba,El Abtal,,Yes
2026-08-30,٠٨:٤٧ م,2831072,,Mohandiseen,Al Alamia,,Yes
2026-08-30,٠٨:٤٧ م,2831755,,Shobra,El Abtal,,No
2026-08-30,٠٨:٤٧ م,2831893,,Shobra,El Abtal,,Yes
2026-08-30,٠٨:٤٧ م,2832364,,Hadayek el qobba,Jasson,,No
2026-08-30,٠٨:٤٧ م,2832376,,Hadayek el qobba,MTA,,No
2026-08-30,٠٨:٤٧ م,2832621,,Mohandiseen,Jasson,,Yes
2026-08-30,٠٨:٤٧ م,2832637,,Mohandiseen,Team mh for Delivery,,No
2026-08-30,٠٨:٤٧ م,2832673,,Hadayek el qobba,Top delivery,,Yes
2026-08-30,٠٨:٤٧ م,2834528,,Mohandiseen,el Dawlya,,No
2026-08-30,٠٨:٤٧ م,2835011,,Hadayek el qobba,Top delivery,,Yes
2026-08-30,٠٨:٤٧ م,2839867,,Mohandiseen,Tanta Car,,No
2026-08-30,٠٨:٤٧ م,2840027,,Mohandiseen,El Tohami,,Yes
2026-08-30,٠٨:٤٧ م,2840430,,Mohandiseen,Jasson,,Yes
2026-08-30,٠٨:٤٧ م,2841103,,Shobra,Ebad El rahman,,Yes
2026-08-30,٠٨:٤٧ م,2842763,,Shobra,El Tohami,,No
2026-08-30,٠٨:٤٧ م,2846004,,Shobra,Team mh for Delivery,,Yes
2026-08-30,٠٨:٤٧ م,2846511,,Mohandiseen,Tanta Car,,No
2026-08-30,٠٨:٤٧ م,3027811,,Hadayek el qobba,Full Speed,,Yes
2026-08-30,٠٨:٤٧ م,3029648,,Mohandiseen,El Ezz,,Yes
2026-08-30,٠٨:٤٧ م,3142241,,Mohandiseen,Full Speed,,Yes
2026-08-30,٠٨:٤٧ م,3420236,,Hadayek el qobba,El Tohami,,Yes
2026-08-30,٠٨:٤٧ م,3420354,,Mohandiseen,Team mh for Delivery,,Yes
2026-08-30,٠٨:٤٧ م,3420751,,Mohandiseen,El Abtal,,Yes
2026-08-30,٠٨:٤٧ م,3421635,,Hadayek el qobba,BeCool,,Yes
2026-08-30,٠٨:٤٧ م,3421773,,Mohandiseen,Speedo,,No
2026-08-30,٠٨:٤٧ م,3422403,,Mohandiseen,Ebad El rahman,,Yes
2026-08-30,٠٨:٤٧ م,3425207,,Mohandiseen,el Dawlya,,Yes
2026-08-30,٠٨:٤٧ م,3425694,,Hadayek el qobba,MTA,,Yes
2026-08-30,٠٨:٤٧ م,3426095,,Hadayek el qobba,Full Speed,,No
2026-08-30,٠٨:٤٧ م,3426099,,Mohandiseen,Speedo,,No
2026-08-30,٠٨:٤٧ م,3426556,,Mohandiseen,Team mh for Delivery,,Yes
2026-08-30,٠٨:٤٧ م,3427529,,Shobra,El Abtal,,No
2026-08-30,٠٨:٤٧ م,3427958,,Hadayek el qobba,Full Speed,,Yes
2026-08-30,٠٨:٤٧ م,3428598,,Mohandiseen,Jasson,,Yes
2026-08-30,٠٨:٤٧ م,3429654,,Mohandiseen,El Tohami,,No
2026-08-30,٠٨:٤٧ م,3429844,,Mohandiseen,El Tohami,,No
2026-08-30,٠٨:٤٧ م,3429965,,Shobra,El Abtal,,Yes
2026-08-30,٠٨:٤٧ م,3430135,,Mohandiseen,MTA,,Yes
2026-08-30,٠٨:٤٧ م,3430292,,Mohandiseen,El Abtal,,Yes
2026-08-30,٠٨:٤٧ م,3430749,,Shobra,Jasson,,No
2026-08-30,٠٨:٤٧ م,3433070,,Mohandiseen,Jasson,,No
2026-08-30,٠٨:٤٧ م,3433481,,Mohandiseen,MTA,,Yes
2026-08-30,٠٨:٤٧ م,3435441,,Mohandiseen,Ebad El rahman,,Yes
2026-08-30,٠٨:٤٧ م,3435479,,Mohandiseen,Speedo,,Yes
2026-08-30,٠٨:٤٧ م,3435564,,Hadayek el qobba,Full Speed,,Yes
2026-08-30,٠٨:٤٧ م,3435584,,Shobra,el Dawlya,,No
2026-08-30,٠٨:٤٧ م,3435613,,Mohandiseen,Al Alamia,,No
2026-08-30,٠٨:٤٧ م,3435637,,Mohandiseen,MTA,,Yes
2026-08-30,٠٨:٤٧ م,3435689,,Mohandiseen,MTA,,No
2026-08-30,٠٨:٤٧ م,3435843,,Hadayek el qobba,BeCool,,Yes
2026-08-30,٠٨:٤٧ م,3436169,,Shobra,el Dawlya,,No
2026-08-30,٠٨:٤٧ م,3436190,,Mohandiseen,el Dawlya,,No
2026-08-30,٠٨:٤٧ م,3436477,,Mohandiseen,El Abtal,,Yes
2026-08-30,٠٨:٤٧ م,3436515,,Mohandiseen,Team mh for Delivery,,Yes
2026-08-30,٠٨:٤٧ م,3436666,,Mohandiseen,Speedo,,Yes
2026-08-30,٠٨:٤٧ م,3438147,,Mohandiseen,MTA,,Yes
2026-08-30,٠٨:٤٧ م,3438518,,Hadayek el qobba,Top delivery,,Yes
2026-08-30,٠٨:٤٧ م,3438553,,Mohandiseen,El Tohami,,Yes
2026-08-30,٠٨:٤٧ م,3479680,,Mohandiseen,Top delivery,,Yes
2026-08-30,٠٨:٤٧ م,3491995,,Hadayek el qobba,Team mh for Delivery,,Yes
2026-08-30,٠٨:٤٧ م,3492035,,Mohandiseen,Speedo,,Yes
2026-08-30,٠٨:٤٧ م,3492794,,Shobra,Al Alamia,,Yes
2026-08-30,٠٨:٤٧ م,3493644,,Shobra,Team mh for Delivery,,Yes
2026-08-30,٠٨:٤٧ م,3496032,,Mohandiseen,MTA,,Yes
2026-08-30,٠٨:٤٧ م,3496182,,Hadayek el qobba,El Abtal,,No
2026-08-30,٠٨:٤٧ م,3496319,,Shobra,Speedo,,No
2026-08-30,٠٨:٤٧ م,3496346,,Shobra,MTA,,Yes
2026-08-30,٠٨:٤٧ م,3496352,,Mohandiseen,Tanta Car,,Yes
2026-08-30,٠٨:٤٧ م,3496383,,Hadayek el qobba,BeCool,,No
2026-08-30,٠٨:٤٧ م,3496409,,Hadayek el qobba,El Abtal,,No
2026-08-30,٠٨:٤٧ م,3496552,,Mohandiseen,Speedo,,Yes
2026-08-30,٠٨:٤٧ م,3496556,,Mohandiseen,El Tohami,,Yes
2026-08-30,٠٨:٤٧ م,3497130,,Mohandiseen,MTA,,No
2026-08-30,٠٨:٤٧ م,3497311,,Hadayek el qobba,Jasson,,Yes
2026-08-30,٠٨:٤٧ م,3498182,,Mohandiseen,Team mh for Delivery,,Yes
2026-08-30,٠٨:٤٧ م,3498721,,Hadayek el qobba,El Abtal,,No
2026-08-30,٠٨:٤٧ م,3498834,,Hadayek el qobba,El Abtal,,Yes
2026-08-30,٠٨:٤٧ م,3498891,,Mohandiseen,Apache,,No
2026-08-30,٠٨:٤٧ م,3499053,,Hadayek el qobba,El Abtal,,No
2026-08-30,٠٨:٤٧ م,3499216,,Shobra,Al Alamia,,Yes
2026-08-30,٠٨:٤٧ م,3499967,,Mohandiseen,Speedo,,No
2026-08-30,٠٨:٤٧ م,3500537,,Mohandiseen,el Dawlya,,No
2026-08-30,٠٨:٤٧ م,3501220,,Shobra,El Tohami,,No
2026-08-30,٠٨:٤٧ م,3504237,,Shobra,El Tohami,,Yes
2026-08-30,٠٨:٤٧ م,3505264,,Hadayek el qobba,MTA,,Yes
2026-08-30,٠٨:٤٧ م,3505303,,Mohandiseen,el Dawlya,,Yes
2026-08-30,٠٨:٤٧ م,3505316,,Hadayek el qobba,MTA,,Yes
2026-08-30,٠٨:٤٧ م,3505396,,Hadayek el qobba,MTA,,No
2026-08-30,٠٨:٤٧ م,3505416,,Mohandiseen,Speedo,,No
2026-08-30,٠٨:٤٧ م,3505429,,Shobra,Team mh for Delivery,,Yes
2026-08-30,٠٨:٤٧ م,3505448,,Shobra,Ebad El rahman,,Yes
2026-08-30,٠٨:٤٧ م,3506890,,Mohandiseen,Speedo,,No
2026-08-30,٠٨:٤٧ م,3507024,,Mohandiseen,Team mh for Delivery,,Yes
2026-08-30,٠٨:٤٧ م,3507437,,Mohandiseen,Tanta Car,,Yes
2026-08-30,٠٨:٤٧ م,3508593,,Shobra,Al Alamia,,Yes
2026-08-30,٠٨:٤٧ م,3509015,,Shobra,Al Alamia,,Yes
2026-08-30,٠٨:٤٧ م,3509204,,Mohandiseen,El Ezz,,Yes
2026-08-30,٠٨:٤٧ م,3509271,,Mohandiseen,Stop Car,,No
2026-08-30,٠٨:٤٧ م,3509282,,Mohandiseen,Team mh for Delivery,,No
2026-08-30,٠٨:٤٧ م,3510798,,Hadayek el qobba,Jasson,,No
2026-08-30,٠٨:٤٧ م,3510832,,Shobra,MTA,,No
2026-08-30,٠٨:٤٧ م,3512390,,Mohandiseen,Tanta Car,,Yes
2026-08-30,٠٨:٤٧ م,3512421,,Hadayek el qobba,Full Speed,,Yes
2026-08-30,٠٨:٤٧ م,3512632,,Hadayek el qobba,Jasson,,Yes
2026-08-30,٠٨:٤٧ م,3512869,,Mohandiseen,Top delivery,,Yes
2026-08-30,٠٨:٤٧ م,3513692,,Mohandiseen,El Tohami,,Yes
2026-08-30,٠٨:٤٧ م,3516072,,Hadayek el qobba,Top delivery,,Yes
2026-08-30,٠٨:٤٧ م,3516114,,Mohandiseen,El Tohami,,Yes
2026-08-30,٠٨:٤٧ م,3518558,,Mohandiseen,Stop Car,,Yes
2026-08-30,٠٨:٤٧ م,3518999,,Mohandiseen,El Abtal,,Yes
2026-08-30,٠٨:٤٧ م,3519707,,Shobra,el Dawlya,,No
2026-08-30,٠٨:٤٧ م,3521010,,Hadayek el qobba,Top delivery,,No
2026-08-30,٠٨:٤٧ م,3521496,,Mohandiseen,el Dawlya,,No
2026-08-30,٠٨:٤٧ م,3523581,,Mohandiseen,El Abtal,,No
2026-08-30,٠٨:٤٧ م,3524494,,Hadayek el qobba,El Tohami,,Yes
2026-08-30,٠٨:٤٧ م,3524935,,Mohandiseen,el Dawlya,,Yes
2026-08-30,٠٨:٤٧ م,3526219,,Shobra,El Tohami,,Yes
2026-08-30,٠٨:٤٧ م,3526547,,Hadayek el qobba,El Abtal,,Yes
2026-08-30,٠٨:٤٧ م,3527555,,Mohandiseen,Team mh for Delivery,,Yes
2026-08-30,٠٨:٤٧ م,3528901,,Shobra,el Dawlya,,Yes
2026-08-30,٠٨:٤٧ م,3655901,,Mohandiseen,Jasson,,Yes
2026-08-30,٠٨:٤٧ م,3658888,,Mohandiseen,MTA,,Yes
2026-08-30,٠٨:٤٧ م,3658912,,Mohandiseen,Team mh for Delivery,,Yes
2026-08-30,٠٨:٤٧ م,3659219,,Mohandiseen,Full Speed,,Yes
2026-08-30,٠٨:٤٧ م,3662138,,Mohandiseen,El Abtal,,Yes
2026-08-30,٠٨:٤٧ م,3662685,,Mohandiseen,Ebad El rahman,,No
2026-08-30,٠٨:٤٧ م,3662775,,Shobra,MTA,,Yes
2026-08-30,٠٨:٤٧ م,3663561,,Mohandiseen,Team mh for Delivery,,No
2026-08-30,٠٨:٤٧ م,3663598,,Shobra,Top delivery,,No
2026-08-30,٠٨:٤٧ م,3665331,,Mohandiseen,Full Speed,,Yes
2026-08-30,٠٨:٤٧ م,3665799,,Mohandiseen,MTA,,No
2026-08-30,٠٨:٤٧ م,3665900,,Mohandiseen,El Ezz,,Yes
2026-08-30,٠٨:٤٧ م,3665998,,Mohandiseen,el Dawlya,,No
2026-08-30,٠٨:٤٧ م,3667948,,Shobra,Team mh for Delivery,,Yes
2026-08-30,٠٨:٤٧ م,3668255,,Mohandiseen,Ebad El rahman,,No
2026-08-30,٠٨:٤٧ م,3668420,,Mohandiseen,El Abtal,,No
2026-08-30,٠٨:٤٧ م,3668774,,Hadayek el qobba,Jasson,,Yes
2026-08-30,٠٨:٤٧ م,3668848,,Mohandiseen,El Abtal,,Yes
2026-08-30,٠٨:٤٧ م,3669328,,Mohandiseen,Al Alamia,,Yes
2026-08-30,٠٨:٤٧ م,3670835,,Mohandiseen,Speedo,,No
2026-08-30,٠٨:٤٧ م,3670924,,Shobra,Al Alamia,,Yes
2026-08-30,٠٨:٤٧ م,3671068,,Shobra,Al Alamia,,Yes
2026-08-30,٠٨:٤٧ م,3671185,,Shobra,El Tohami,,Yes
2026-08-30,٠٨:٤٧ م,3671997,,Mohandiseen,MTA,,No
2026-08-30,٠٨:٤٧ م,3672144,,Hadayek el qobba,Full Speed,,No
2026-08-30,٠٨:٤٧ م,3673835,,Mohandiseen,Team mh for Delivery,,Yes
2026-08-30,٠٨:٤٧ م,3674173,,Shobra,Al Alamia,,Yes
2026-08-30,٠٨:٤٧ م,3674186,,Shobra,Jasson,,No
2026-08-30,٠٨:٤٧ م,3674305,,Mohandiseen,Team mh for Delivery,,Yes
2026-08-30,٠٨:٤٧ م,3674335,,Hadayek el qobba,Jasson,,No
2026-08-30,٠٨:٤٧ م,3675597,,Mohandiseen,El Tohami,,Yes
2026-08-30,٠٨:٤٧ م,3675760,,Hadayek el qobba,Ready,,Yes
2026-08-30,٠٨:٤٧ م,3678443,,Hadayek el qobba,Speedo,,Yes
2026-08-30,٠٨:٤٧ م,3678680,,Mohandiseen,Ebad El rahman,,Yes
2026-08-30,٠٨:٤٧ م,3678726,,Mohandiseen,Speedo,,Yes
2026-08-30,٠٨:٤٧ م,3678782,,Mohandiseen,Top delivery,,No
2026-08-30,٠٨:٤٧ م,3678945,,Shobra,el Dawlya,,Yes
2026-08-30,٠٨:٤٧ م,3681270,,Mohandiseen,Full Speed,,No
2026-08-30,٠٨:٤٧ م,3681949,,Mohandiseen,Ready,,Yes
2026-08-30,٠٨:٤٧ م,3683648,,Hadayek el qobba,Al Alamia,,No
2026-08-30,٠٨:٤٧ م,3683835,,Mohandiseen,el Dawlya,,Yes
2026-08-30,٠٨:٤٧ م,3683878,,Shobra,MTA,,Yes
2026-08-30,٠٨:٤٧ م,3684418,,Hadayek el qobba,El Tohami,,No
2026-08-30,٠٨:٤٧ م,3684928,,Mohandiseen,Al Alamia,,No
2026-08-30,٠٨:٤٧ م,3686115,,Hadayek el qobba,Stop Car,,Yes
2026-08-30,٠٨:٤٧ م,3686166,,Mohandiseen,Jasson,,No
2026-08-30,٠٨:٤٧ م,3686446,,Hadayek el qobba,el Dawlya,,No
2026-08-30,٠٨:٤٧ م,3686490,,Mohandiseen,Team mh for Delivery,,No
2026-08-30,٠٨:٤٧ م,3686702,,Hadayek el qobba,Stop Car,,No
2026-08-30,٠٨:٤٧ م,3687278,,Mohandiseen,El Tohami,,Yes
2026-08-30,٠٨:٤٧ م,3688536,,Mohandiseen,MTA,,Yes
2026-08-30,٠٨:٤٧ م,3720010,,Shobra,Jasson,,No
2026-08-30,٠٨:٤٧ م,3771490,,Hadayek el qobba,El Tohami,,Yes
2026-08-30,٠٨:٤٧ م,3773005,,Mohandiseen,Ebad El rahman,,No
2026-08-30,٠٨:٤٧ م,3778229,,Mohandiseen,Ebad El rahman,,No
2026-08-30,٠٨:٤٧ م,3778378,,Mohandiseen,Team mh for Delivery,,No
2026-08-30,٠٨:٤٧ م,3778882,,Shobra,MTA,,Yes
2026-08-30,٠٨:٤٧ م,3779779,,Mohandiseen,MTA,,Yes
2026-08-30,٠٨:٤٧ م,3779845,,Hadayek el qobba,Jasson,,Yes
2026-08-30,٠٨:٤٧ م,3781536,,Shobra,Ebad El rahman,,No
2026-08-30,٠٨:٤٧ م,3785633,,Mohandiseen,el Dawlya,,No
2026-08-30,٠٨:٤٧ م,3791470,,Mohandiseen,El Abtal,,No
2026-08-30,٠٨:٤٧ م,3793315,,Mohandiseen,Ready,,Yes
2026-08-30,٠٨:٤٧ م,3794291,,Mohandiseen,El Tohami,,Yes
2026-08-30,٠٨:٤٧ م,3795362,,Shobra,Al Alamia,,Yes
2026-08-30,٠٨:٤٧ م,3795702,,Shobra,Ready,,No
2026-08-30,٠٨:٤٧ م,3795742,,Hadayek el qobba,Top delivery,,Yes
2026-08-30,٠٨:٤٧ م,3796309,,Mohandiseen,Al Alamia,,Yes
2026-08-30,٠٨:٤٧ م,3796646,,Mohandiseen,Super Speed,,No
2026-08-30,٠٨:٤٧ م,3798201,,Shobra,MTA,,Yes
2026-08-30,٠٨:٤٧ م,3798565,,Shobra,El Abtal,,No
2026-08-30,٠٨:٤٧ م,3800069,,Shobra,Al Alamia,,Yes
2026-08-30,٠٨:٤٧ م,3800084,,Mohandiseen,Ebad El rahman,,No
2026-08-30,٠٨:٤٧ م,3801492,,Mohandiseen,Speedo,,No
2026-08-30,٠٨:٤٧ م,3802017,,Hadayek el qobba,Speedo,,Yes
2026-08-30,٠٨:٤٧ م,3802022,,Mohandiseen,Ebad El rahman,,Yes
2026-08-30,٠٨:٤٧ م,3802352,,Shobra,Al Alamia,,No
2026-08-30,٠٨:٤٧ م,3809909,,Shobra,El Tohami,,No
2026-08-30,٠٨:٤٧ م,3810207,,Mohandiseen,Full Speed,,Yes
2026-08-30,٠٨:٤٧ م,3810329,,Hadayek el qobba,Jasson,,No
2026-08-30,٠٨:٤٧ م,3812340,,Mohandiseen,El Ezz,,Yes
2026-08-30,٠٨:٤٧ م,3812383,,Shobra,Full Speed,,Yes
2026-08-30,٠٨:٤٧ م,3812597,,Mohandiseen,Team mh for Delivery,,No
2026-08-30,٠٨:٤٧ م,3813103,,Mohandiseen,Ebad El rahman,,No
2026-08-30,٠٨:٤٧ م,3813967,,Shobra,Al Alamia,,Yes
2026-08-30,٠٨:٤٧ م,3814768,,Mohandiseen,Jasson,,No
2026-08-30,٠٨:٤٧ م,3815086,,Shobra,el Dawlya,,No
2026-08-30,٠٨:٤٧ م,3815260,,Hadayek el qobba,El Abtal,,Yes
2026-08-30,٠٨:٤٧ م,3815500,,Mohandiseen,El Ezz,,Yes
2026-08-30,٠٨:٤٧ م,3817404,,Mohandiseen,El Abtal,,Yes
2026-08-30,٠٨:٤٧ م,3817452,,Mohandiseen,Speedo,,Yes
2026-08-30,٠٨:٤٧ م,3817527,,Mohandiseen,Team mh for Delivery,,No
2026-08-30,٠٨:٤٧ م,3817796,,Shobra,Al Alamia,,Yes
2026-08-30,٠٨:٤٧ م,3818638,,Mohandiseen,El Abtal,,Yes
2026-08-30,٠٨:٤٧ م,3819221,,Mohandiseen,El Ezz,,Yes
2026-08-30,٠٨:٤٧ م,3819235,,Mohandiseen,Stop Car,,Yes
2026-08-30,٠٨:٤٧ م,3819666,,Hadayek el qobba,El Abtal,,No
2026-08-30,٠٨:٤٧ م,3820627,,Mohandiseen,Speedo,,Yes
2026-08-30,٠٨:٤٧ م,3821649,,Mohandiseen,El Abtal,,Yes
2026-08-30,٠٨:٤٧ م,3821650,,Mohandiseen,Ebad El rahman,,No
2026-08-30,٠٨:٤٧ م,3821683,,Shobra,MTA,,No
2026-08-30,٠٨:٤٧ م,3821995,,Mohandiseen,El Abtal,,No
2026-08-30,٠٨:٤٧ م,3822130,,Mohandiseen,Super Speed,,Yes
2026-08-30,٠٨:٤٧ م,3825136,,Mohandiseen,Speedo,,No
2026-08-30,٠٨:٤٧ م,3825680,,Hadayek el qobba,Top delivery,,Yes
2026-08-30,٠٨:٤٧ م,3825689,,Shobra,El Tohami,,Yes
2026-08-30,٠٨:٤٧ م,3825742,,Mohandiseen,El Ezz,,Yes
2026-08-30,٠٨:٤٧ م,3826544,,Mohandiseen,el Dawlya,,No
2026-08-30,٠٨:٤٧ م,3826659,,Hadayek el qobba,El Ezz,,Yes
2026-08-30,٠٨:٤٧ م,3826710,,Hadayek el qobba,Top delivery,,Yes
2026-08-30,٠٨:٤٧ م,3827020,,Mohandiseen,Full Speed,,Yes
2026-08-30,٠٨:٤٧ م,3827336,,Mohandiseen,MTA,,Yes
2026-08-30,٠٨:٤٧ م,3827344,,Mohandiseen,Full Speed,,Yes
2026-08-30,٠٨:٤٧ م,3830146,,Mohandiseen,Full Speed,,Yes
2026-08-30,٠٨:٤٧ م,3831445,,Shobra,Speedo,,Yes
2026-08-30,٠٨:٤٧ م,3831611,,Mohandiseen,Al Alamia,,Yes
2026-08-30,٠٨:٤٧ م,3831616,,Mohandiseen,MTA,,Yes
2026-08-30,٠٨:٤٧ م,3831671,,Mohandiseen,MTA,,Yes
2026-08-30,٠٨:٤٧ م,3832270,,Shobra,El Ezz,,Yes
2026-08-30,٠٨:٤٧ م,3832707,,Shobra,Team mh for Delivery,,Yes
2026-08-30,٠٨:٤٧ م,3833373,,Mohandiseen,Tanta Car,,No
2026-08-30,٠٨:٤٧ م,3833505,,Shobra,Team mh for Delivery,,Yes
2026-08-30,٠٨:٤٧ م,3833673,,Mohandiseen,el Dawlya,,No
2026-08-30,٠٨:٤٧ م,3833820,,Mohandiseen,el Dawlya,,Yes
2026-08-30,٠٨:٤٧ م,3836447,,Mohandiseen,Team mh for Delivery,,No
2026-08-30,٠٨:٤٧ م,3836512,,Shobra,Al Alamia,,No
2026-08-30,٠٨:٤٧ م,3836782,,Mohandiseen,Jasson,,Yes
2026-08-30,٠٨:٤٧ م,3836989,,Shobra,Apache,,No
2026-08-30,٠٨:٤٧ م,3837053,,Mohandiseen,El Abtal,,Yes
2026-08-30,٠٨:٤٧ م,3837297,,Hadayek el qobba,Top delivery,,No
2026-08-30,٠٨:٤٧ م,3837341,,Mohandiseen,Ebad El rahman,,No
2026-08-30,٠٨:٤٧ م,3837621,,Mohandiseen,MTA,,Yes
2026-08-30,٠٨:٤٧ م,3837739,,Mohandiseen,El Abtal,,No
2026-08-30,٠٨:٤٧ م,3838363,,Hadayek el qobba,Al Alamia,,Yes
2026-08-30,٠٨:٤٧ م,3840025,,Mohandiseen,Speedo,,No
2026-08-30,٠٨:٤٧ م,3840059,,Shobra,El Abtal,,No
2026-08-30,٠٨:٤٧ م,3840341,,Mohandiseen,el Dawlya,,Yes
2026-08-30,٠٨:٤٧ م,3840677,,Mohandiseen,Team mh for Delivery,,Yes
2026-08-30,٠٨:٤٧ م,3841019,,Hadayek el qobba,Stop Car,,Yes
2026-08-30,٠٨:٤٧ م,3842752,,Shobra,Apache,,Yes
2026-08-30,٠٨:٤٧ م,3844656,,Mohandiseen,El Tohami,,No
2026-08-30,٠٨:٤٧ م,3845783,,Mohandiseen,Al Alamia,,Yes
2026-08-30,٠٨:٤٧ م,3846068,,Mohandiseen,Speedo,,Yes
2026-08-30,٠٨:٤٧ م,3846736,,Mohandiseen,Al Alamia,,No
2026-08-30,٠٨:٤٧ م,3846870,,Mohandiseen,Speedo,,Yes
2026-08-30,٠٨:٤٧ م,3846899,,Shobra,MTA,,No
2026-08-30,٠٨:٤٧ م,3848320,,Shobra,Al Alamia,,Yes
2026-08-30,٠٨:٤٧ م,3848389,,Shobra,Ebad El rahman,,No
2026-08-30,٠٨:٤٧ م,3848395,,Shobra,El Tohami,,No
2026-08-30,٠٨:٤٧ م,3848596,,Mohandiseen,Ebad El rahman,,Yes
2026-08-30,٠٨:٤٧ م,3848754,,Mohandiseen,Ebad El rahman,,Yes
2026-08-30,٠٨:٤٧ م,3848755,,Mohandiseen,Ebad El rahman,,No
2026-08-30,٠٨:٤٧ م,3848971,,Mohandiseen,el Dawlya,,Yes
2026-08-30,٠٨:٤٧ م,3850234,,Mohandiseen,Speedo,,Yes
2026-08-30,٠٨:٤٧ م,3850252,,Mohandiseen,El Abtal,,No
2026-08-30,٠٨:٤٧ م,3850264,,Shobra,Jasson,,Yes
2026-08-30,٠٨:٤٧ م,3850294,,Mohandiseen,Speedo,,Yes
2026-08-30,٠٨:٤٧ م,3850317,,Shobra,Speedo,,Yes
2026-08-30,٠٨:٤٧ م,3850383,,Mohandiseen,Speedo,,No
2026-08-30,٠٨:٤٧ م,3850629,,Mohandiseen,Apache,,No
2026-08-30,٠٨:٤٧ م,3850736,,Mohandiseen,Speedo,,Yes
2026-08-30,٠٨:٤٧ م,3850787,,Mohandiseen,Al Alamia,,Yes
2026-08-30,٠٨:٤٧ م,3850997,,Mohandiseen,Full Speed,,Yes
2026-08-30,٠٨:٤٧ م,3851997,,Hadayek el qobba,El Tohami,,Yes
2026-08-30,٠٨:٤٧ م,3853371,,Mohandiseen,Ready,,Yes
2026-08-30,٠٨:٤٧ م,3853436,,Mohandiseen,Team mh for Delivery,,Yes
2026-08-30,٠٨:٤٧ م,3853714,,Mohandiseen,Al Alamia,,Yes
2026-08-30,٠٨:٤٧ م,3853765,,Mohandiseen,El Tohami,,No
2026-08-30,٠٨:٤٧ م,3854112,,Mohandiseen,Speedo,,Yes
2026-08-30,٠٨:٤٧ م,3854185,,Mohandiseen,El Abtal,,No
2026-08-30,٠٨:٤٧ م,3854218,,Mohandiseen,MTA,,Yes
2026-08-30,٠٨:٤٧ م,3854243,,Mohandiseen,Stop Car,,Yes
2026-08-30,٠٨:٤٧ م,3856471,,Shobra,El Abtal,,No
2026-08-30,٠٨:٤٧ م,3856628,,Shobra,El Tohami,,No
2026-08-30,٠٨:٤٧ م,3856776,,Mohandiseen,El Tohami,,Yes
2026-08-30,٠٨:٤٧ م,3857010,,Shobra,Apache,,Yes
2026-08-30,٠٨:٤٧ م,3857928,,Shobra,Jasson,,No
2026-08-30,٠٨:٤٧ م,3858023,,Mohandiseen,Speedo,,No
2026-08-30,٠٨:٤٧ م,3858035,,Mohandiseen,MTA,,Yes
2026-08-30,٠٨:٤٧ م,3858229,,Shobra,El Ezz,,Yes
2026-08-30,٠٨:٤٧ م,3858478,,Mohandiseen,Tanta Car,,Yes
2026-08-30,٠٨:٤٧ م,3858625,,Mohandiseen,MTA,,No
2026-08-30,٠٨:٤٧ م,3859482,,Mohandiseen,Speedo,,No
2026-08-30,٠٨:٤٧ م,3860882,,Mohandiseen,Ready,,Yes
2026-08-30,٠٨:٤٧ م,3862092,,Mohandiseen,Ebad El rahman,,Yes
2026-08-30,٠٨:٤٧ م,3862285,,Mohandiseen,El Abtal,,Yes
2026-08-30,٠٨:٤٧ م,3862937,,Mohandiseen,Speedo,,Yes
2026-08-30,٠٨:٤٧ م,3863278,,Shobra,Jasson,,No
2026-08-30,٠٨:٤٧ م,3864864,,Mohandiseen,el Dawlya,,Yes
2026-08-30,٠٨:٤٧ م,3865385,,Hadayek el qobba,MTA,,Yes
2026-08-30,٠٨:٤٧ م,3865809,,Hadayek el qobba,Jasson,,Yes
2026-08-30,٠٨:٤٧ م,3868668,,Hadayek el qobba,MTA,,No
2026-08-30,٠٨:٤٧ م,3868682,,Shobra,Al Alamia,,Yes
2026-08-30,٠٨:٤٧ م,3868717,,Shobra,Team mh for Delivery,,Yes
2026-08-30,٠٨:٤٧ م,3868883,,Mohandiseen,Speedo,,Yes
2026-08-30,٠٨:٤٧ م,3869172,,Hadayek el qobba,MTA,,Yes
2026-08-30,٠٨:٤٧ م,3873448,,Mohandiseen,El Abtal,,Yes
2026-08-30,٠٨:٤٧ م,3877223,,Shobra,Jasson,,No
2026-08-30,٠٨:٤٧ م,3877930,,Mohandiseen,Team mh for Delivery,,Yes
2026-08-30,٠٨:٤٧ م,3878238,,Mohandiseen,Top delivery,,Yes
2026-08-30,٠٨:٤٧ م,3878256,,Hadayek el qobba,Team mh for Delivery,,Yes
2026-08-30,٠٨:٤٧ م,3879467,,Mohandiseen,Al Alamia,,Yes
2026-08-30,٠٨:٤٧ م,3879506,,Hadayek el qobba,El Abtal,,No
2026-08-30,٠٨:٤٧ م,3880719,,Mohandiseen,Team mh for Delivery,,Yes
2026-08-30,٠٨:٤٧ م,3883904,,Mohandiseen,Team mh for Delivery,,No
2026-08-30,٠٨:٤٧ م,3884019,,Mohandiseen,el Dawlya,,Yes
2026-08-30,٠٨:٤٧ م,3884058,,Mohandiseen,Speedo,,Yes
2026-08-30,٠٨:٤٧ م,3884175,,Hadayek el qobba,Top delivery,,Yes
2026-08-30,٠٨:٤٧ م,3884219,,Mohandiseen,Ebad El rahman,,No
2026-08-30,٠٨:٤٧ م,3884306,,Shobra,el Dawlya,,No
2026-08-30,٠٨:٤٧ م,3884340,,Mohandiseen,Jasson,,Yes
2026-08-30,٠٨:٤٧ م,3884446,,Shobra,El Abtal,,Yes
2026-08-30,٠٨:٤٧ م,3884555,,Mohandiseen,el Dawlya,,Yes
2026-08-30,٠٨:٤٧ م,3886877,,Hadayek el qobba,Jasson,,No
2026-08-30,٠٨:٤٧ م,3886980,,Mohandiseen,Al Alamia,,Yes
2026-08-30,٠٨:٤٧ م,3887065,,Shobra,El Tohami,,No
2026-08-30,٠٨:٤٧ م,3887259,,Shobra,MTA,,No
2026-08-30,٠٨:٤٧ م,3887453,,Mohandiseen,El Abtal,,No
2026-08-30,٠٨:٤٧ م,3887459,,Mohandiseen,El Abtal,,Yes
2026-08-30,٠٨:٤٧ م,3887794,,Mohandiseen,Ebad El rahman,,No
2026-08-30,٠٨:٤٧ م,3888826,,Mohandiseen,Tanta Car,,Yes
2026-08-30,٠٨:٤٧ م,3888837,,Hadayek el qobba,Jasson,,No
2026-08-30,٠٨:٤٧ م,3890164,,Mohandiseen,el Dawlya,,Yes
2026-08-30,٠٨:٤٧ م,3890411,,Mohandiseen,el Dawlya,,Yes
2026-08-30,٠٨:٤٧ م,3893098,,Hadayek el qobba,Top delivery,,Yes
2026-08-30,٠٨:٤٧ م,3895866,,Mohandiseen,El Tohami,,Yes
2026-08-30,٠٨:٤٧ م,3897634,,Mohandiseen,El Abtal,,Yes
2026-08-30,٠٨:٤٧ م,3897837,,Mohandiseen,Team mh for Delivery,,Yes
2026-08-30,٠٨:٤٧ م,3897947,,Mohandiseen,Speedo,,Yes
2026-08-30,٠٨:٤٧ م,3899969,,Hadayek el qobba,MTA,,Yes
2026-08-30,٠٨:٤٧ م,3900053,,Mohandiseen,Tanta Car,,Yes
2026-08-30,٠٨:٤٧ م,3900239,,Mohandiseen,Team mh for Delivery,,Yes
2026-08-30,٠٨:٤٧ م,3900543,,Mohandiseen,el Dawlya,,Yes
2026-08-30,٠٨:٤٧ م,3900629,,Shobra,Ebad El rahman,,Yes
2026-08-30,٠٨:٤٧ م,3900674,,Mohandiseen,Ready,,No
2026-08-30,٠٨:٤٧ م,3900685,,Shobra,Team mh for Delivery,,Yes
2026-08-30,٠٨:٤٧ م,3901709,,Mohandiseen,Ebad El rahman,,Yes
2026-08-30,٠٨:٤٧ م,3901864,,Mohandiseen,Ready,,Yes
2026-08-30,٠٨:٤٧ م,3901886,,Shobra,El Abtal,,Yes
2026-08-30,٠٨:٤٧ م,3902049,,Mohandiseen,Super Speed,,Yes
2026-08-30,٠٨:٤٧ م,3902219,,Hadayek el qobba,Jasson,,No
2026-08-30,٠٨:٤٧ م,3902266,,Mohandiseen,Team mh for Delivery,,Yes
2026-08-30,٠٨:٤٧ م,3902331,,Mohandiseen,Stop Car,,Yes
2026-08-30,٠٨:٤٧ م,3902596,,Shobra,Al Alamia,,No
2026-08-30,٠٨:٤٧ م,3904126,,Shobra,Team mh for Delivery,,No
2026-08-30,٠٨:٤٧ م,3904135,,Mohandiseen,Team mh for Delivery,,Yes
2026-08-30,٠٨:٤٧ م,3905369,,Shobra,Al Alamia,,Yes
2026-08-30,٠٨:٤٧ م,3905488,,Hadayek el qobba,Jasson,,No
2026-08-30,٠٨:٤٧ م,3906297,,Shobra,Al Alamia,,No
2026-08-30,٠٨:٤٧ م,3906442,,Hadayek el qobba,Full Speed,,Yes
2026-08-30,٠٨:٤٧ م,3908291,,Mohandiseen,Team mh for Delivery,,No
2026-08-30,٠٨:٤٧ م,3908667,,Mohandiseen,Jasson,,Yes
2026-08-30,٠٨:٤٧ م,3908840,,Mohandiseen,Full Speed,,Yes
2026-08-30,٠٨:٤٧ م,3909601,,Mohandiseen,Team mh for Delivery,,Yes
2026-08-30,٠٨:٤٧ م,3909698,,Mohandiseen,el Dawlya,,No
2026-08-30,٠٨:٤٧ م,3911114,,Mohandiseen,El Abtal,,No
2026-08-30,٠٨:٤٧ م,3911297,,Mohandiseen,El Ezz,,Yes
2026-08-30,٠٨:٤٧ م,3911909,,Hadayek el qobba,El Abtal,,Yes
2026-08-30,٠٨:٤٧ م,3912313,,Mohandiseen,El Abtal,,Yes
2026-08-30,٠٨:٤٧ م,3913014,,Mohandiseen,Top delivery,,Yes
2026-08-30,٠٨:٤٧ م,3913989,,Mohandiseen,MTA,,Yes
2026-08-30,٠٨:٤٧ م,3914208,,Mohandiseen,Team mh for Delivery,,Yes
2026-08-30,٠٨:٤٧ م,3914278,,Mohandiseen,Team mh for Delivery,,Yes
2026-08-30,٠٨:٤٧ م,3914484,,Mohandiseen,Tanta Car,,Yes
2026-08-30,٠٨:٤٧ م,3914944,,Mohandiseen,El Ezz,,Yes
2026-08-30,٠٨:٤٧ م,3915172,,Mohandiseen,MTA,,No
2026-08-30,٠٨:٤٧ م,3915212,,Mohandiseen,El Abtal,,Yes
2026-08-30,٠٨:٤٧ م,3915379,,Shobra,Ready,,No
2026-08-30,٠٨:٤٧ م,3915735,,Mohandiseen,Ebad El rahman,,Yes
2026-08-30,٠٨:٤٧ م,3916981,,Mohandiseen,Jasson,,Yes
2026-08-30,٠٨:٤٧ م,3917352,,Hadayek el qobba,El Tohami,,No
2026-08-30,٠٨:٤٧ م,3917398,,Shobra,Team mh for Delivery,,No
2026-08-30,٠٨:٤٧ م,3920783,,Mohandiseen,Team mh for Delivery,,Yes
2026-08-30,٠٨:٤٧ م,3920802,,Shobra,Al Alamia,,No
2026-08-30,٠٨:٤٧ م,3920873,,Shobra,Team mh for Delivery,,No
2026-08-30,٠٨:٤٧ م,3921029,,Hadayek el qobba,Speedo,,Yes
2026-08-30,٠٨:٤٧ م,3921062,,Mohandiseen,Jasson,,No
2026-08-30,٠٨:٤٧ م,3921315,,Mohandiseen,Tanta Car,,No
2026-08-30,٠٨:٤٧ م,3921406,,Shobra,Speedo,,Yes
2026-08-30,٠٨:٤٧ م,3921547,,Shobra,Ebad El rahman,,No
2026-08-30,٠٨:٤٧ م,3921646,,Mohandiseen,BeCool,,Yes
2026-08-30,٠٨:٤٧ م,3921890,,Mohandiseen,MTA,,Yes
2026-08-30,٠٨:٤٧ م,3922390,,Hadayek el qobba,Full Speed,,No
2026-08-30,٠٨:٤٧ م,3923607,,Mohandiseen,El Abtal,,Yes
2026-08-30,٠٨:٤٧ م,3925060,,Mohandiseen,El Abtal,,Yes
2026-08-30,٠٨:٤٧ م,3925139,,Hadayek el qobba,MTA,,Yes
2026-08-30,٠٨:٤٧ م,3925212,,Hadayek el qobba,Top delivery,,Yes
2026-08-30,٠٨:٤٧ م,3925258,,Mohandiseen,el Dawlya,,Yes
2026-08-30,٠٨:٤٧ م,3925271,,Mohandiseen,el Dawlya,,Yes
2026-08-30,٠٨:٤٧ م,3925295,,Shobra,Jasson,,Yes
2026-08-30,٠٨:٤٧ م,3925988,,Hadayek el qobba,Al Alamia,,Yes
2026-08-30,٠٨:٤٧ م,3925990,,Hadayek el qobba,Top delivery,,No
2026-08-30,٠٨:٤٧ م,3926078,,Shobra,El Tohami,,No
2026-08-30,٠٨:٤٧ م,3926242,,Shobra,Full Speed,,No
2026-08-30,٠٨:٤٧ م,3926379,,Shobra,Speedo,,Yes
2026-08-30,٠٨:٤٧ م,3926409,,Hadayek el qobba,El Tohami,,Yes
2026-08-30,٠٨:٤٧ م,3930266,,Hadayek el qobba,Jasson,,No
2026-08-30,٠٨:٤٧ م,3930514,,Mohandiseen,el Dawlya,,Yes
2026-08-30,٠٨:٤٧ م,3930608,,Shobra,Top delivery,,Yes
2026-08-30,٠٨:٤٧ م,3930704,,Shobra,el Dawlya,,Yes
2026-08-30,٠٨:٤٧ م,3968115,,Shobra,Apache,,Yes
2026-08-30,٠٨:٤٧ م,3986442,,Shobra,Team mh for Delivery,,Yes
2026-08-30,٠٨:٤٧ م,3988854,,Mohandiseen,El Abtal,,Yes
2026-08-30,٠٨:٤٧ م,3991156,,Mohandiseen,MTA,,No
2026-08-30,٠٨:٤٧ م,3991238,,Mohandiseen,MTA,,Yes
2026-08-30,٠٨:٤٧ م,3991275,,Mohandiseen,Ebad El rahman,,Yes
2026-08-30,٠٨:٤٧ م,3991497,,Mohandiseen,el Dawlya,,Yes
2026-08-30,٠٨:٤٧ م,3991604,,Mohandiseen,El Ezz,,Yes
2026-08-30,٠٨:٤٧ م,3991684,,Mohandiseen,Al Alamia,,Yes
2026-08-30,٠٨:٤٧ م,3991807,,Mohandiseen,Speedo,,Yes
2026-08-30,٠٨:٤٧ م,3991880,,Mohandiseen,Speedo,,Yes
2026-08-30,٠٨:٤٧ م,3992004,,Hadayek el qobba,MTA,,Yes
2026-08-30,٠٨:٤٧ م,3992067,,Hadayek el qobba,BeCool,,Yes
2026-08-30,٠٨:٤٧ م,3993525,,Hadayek el qobba,Jasson,,Yes
2026-08-30,٠٨:٤٧ م,3993607,,Mohandiseen,Team mh for Delivery,,No
2026-08-30,٠٨:٤٧ م,3993617,,Hadayek el qobba,el Dawlya,,No
2026-08-30,٠٨:٤٧ م,3994214,,Mohandiseen,Al Alamia,,No
2026-08-30,٠٨:٤٧ م,3994568,,Hadayek el qobba,MTA,,Yes
2026-08-30,٠٨:٤٧ م,3994629,,Mohandiseen,Al Alamia,,Yes
2026-08-30,٠٨:٤٧ م,3994646,,Shobra,Team mh for Delivery,,No
2026-08-30,٠٨:٤٧ م,3996657,,Mohandiseen,El Abtal,,No
2026-08-30,٠٨:٤٧ م,3996768,,Mohandiseen,MTA,,Yes
2026-08-30,٠٨:٤٧ م,3997069,,Shobra,El Abtal,,No
2026-08-30,٠٨:٤٧ م,3997192,,Mohandiseen,MTA,,Yes
2026-08-30,٠٨:٤٧ م,3997194,,Hadayek el qobba,Speedo,,Yes
2026-08-30,٠٨:٤٧ م,3998754,,Mohandiseen,El Ezz,,No
2026-08-30,٠٨:٤٧ م,4001082,,Mohandiseen,Speedo,,Yes
2026-08-30,٠٨:٤٧ م,4001134,,Mohandiseen,MTA,,No
2026-08-30,٠٨:٤٧ م,4001306,,Mohandiseen,Apache,,No
2026-08-30,٠٨:٤٧ م,4001538,,Hadayek el qobba,Jasson,,No
2026-08-30,٠٨:٤٧ م,4002418,,Mohandiseen,Team mh for Delivery,,No
2026-08-30,٠٨:٤٧ م,4002447,,Mohandiseen,Team mh for Delivery,,Yes
2026-08-30,٠٨:٤٧ م,4002510,,Hadayek el qobba,El Abtal,,Yes
2026-08-30,٠٨:٤٧ م,4002541,,Shobra,El Ezz,,Yes
2026-08-30,٠٨:٤٧ م,4002572,,Mohandiseen,MTA,,Yes
2026-08-30,٠٨:٤٧ م,4002624,,Mohandiseen,Team mh for Delivery,,Yes
2026-08-30,٠٨:٤٧ م,4003344,,Mohandiseen,Al Alamia,,Yes
2026-08-30,٠٨:٤٧ م,4003356,,Mohandiseen,Tanta Car,,Yes
2026-08-30,٠٨:٤٧ م,4003694,,Mohandiseen,Al Alamia,,Yes
2026-08-30,٠٨:٤٧ م,4003761,,Mohandiseen,Al Alamia,,Yes
2026-08-30,٠٨:٤٧ م,4004198,,Mohandiseen,Al Alamia,,Yes
2026-08-30,٠٨:٤٧ م,4005350,,Hadayek el qobba,El Tohami,,No
2026-08-30,٠٨:٤٧ م,4005719,,Mohandiseen,MTA,,No
2026-08-30,٠٨:٤٧ م,4006371,,Mohandiseen,Full Speed,,No
2026-08-30,٠٨:٤٧ م,4006727,,Shobra,Ebad El rahman,,No
2026-08-30,٠٨:٤٧ م,4007981,,Mohandiseen,El Abtal,,Yes
2026-08-30,٠٨:٤٧ م,4008328,,Hadayek el qobba,Jasson,,Yes
2026-08-30,٠٨:٤٧ م,4008335,,Mohandiseen,el Dawlya,,Yes
2026-08-30,٠٨:٤٧ م,4008704,,Mohandiseen,Team mh for Delivery,,Yes
2026-08-30,٠٨:٤٧ م,4008821,,Mohandiseen,Ebad El rahman,,No
2026-08-30,٠٨:٤٧ م,4008892,,Shobra,Jasson,,Yes
2026-08-30,٠٨:٤٧ م,4008928,,Mohandiseen,El Abtal,,Yes
2026-08-30,٠٨:٤٧ م,4008934,,Mohandiseen,el Dawlya,,No
2026-08-30,٠٨:٤٧ م,4010936,,Hadayek el qobba,El Tohami,,Yes
2026-08-30,٠٨:٤٧ م,4011775,,Mohandiseen,El Tohami,,Yes
2026-08-30,٠٨:٤٧ م,4011783,,Hadayek el qobba,MTA,,Yes
2026-08-30,٠٨:٤٧ م,4011819,,Mohandiseen,El Abtal,,Yes
2026-08-30,٠٨:٤٧ م,4011928,,Shobra,MTA,,Yes
2026-08-30,٠٨:٤٧ م,4012054,,Shobra,El Tohami,,No
2026-08-30,٠٨:٤٧ م,4012056,,Mohandiseen,Ebad El rahman,,Yes
2026-08-30,٠٨:٤٧ م,4012117,,Hadayek el qobba,Full Speed,,Yes
2026-08-30,٠٨:٤٧ م,4012427,,Mohandiseen,Speedo,,No
2026-08-30,٠٨:٤٧ م,4012492,,Mohandiseen,Al Alamia,,Yes
2026-08-30,٠٨:٤٧ م,4013069,,Mohandiseen,Apache,,No
2026-08-30,٠٨:٤٧ م,4013145,,Mohandiseen,Jasson,,No
2026-08-30,٠٨:٤٧ م,4015230,,Shobra,Team mh for Delivery,,Yes
2026-08-30,٠٨:٤٧ م,4015315,,Mohandiseen,Speedo,,Yes
2026-08-30,٠٨:٤٧ م,4016375,,Shobra,Al Alamia,,No
2026-08-30,٠٨:٤٧ م,4016796,,Mohandiseen,el Dawlya,,No
2026-08-30,٠٨:٤٧ م,4016883,,Mohandiseen,Ebad El rahman,,No
2026-08-30,٠٨:٤٧ م,4016891,,Mohandiseen,Al Alamia,,Yes
2026-08-30,٠٨:٤٧ م,4017980,,Hadayek el qobba,Al Alamia,,Yes
2026-08-30,٠٨:٤٧ م,4018283,,Hadayek el qobba,Ebad El rahman,,Yes
2026-08-30,٠٨:٤٧ م,4018311,,Hadayek el qobba,MTA,,Yes
2026-08-30,٠٨:٤٧ م,4019766,,Hadayek el qobba,Top delivery,,Yes
2026-08-30,٠٨:٤٧ م,4020347,,Hadayek el qobba,El Abtal,,No
2026-08-30,٠٨:٤٧ م,4020363,,Shobra,Ebad El rahman,,No
2026-08-30,٠٨:٤٧ م,4020443,,Mohandiseen,Al Alamia,,Yes
2026-08-30,٠٨:٤٧ م,4023117,,Mohandiseen,MTA,,Yes
2026-08-30,٠٨:٤٧ م,4024118,,Shobra,El Abtal,,Yes
2026-08-30,٠٨:٤٧ م,4025003,,Hadayek el qobba,Full Speed,,No
2026-08-30,٠٨:٤٧ م,4026961,,Hadayek el qobba,MTA,,Yes
2026-08-30,٠٨:٤٧ م,4027126,,Shobra,Al Alamia,,No
2026-08-30,٠٨:٤٧ م,4028078,,Hadayek el qobba,El Abtal,,No
2026-08-30,٠٨:٤٧ م,4029734,,Shobra,Ebad El rahman,,No
2026-08-30,٠٨:٤٧ م,4031475,,Hadayek el qobba,Top delivery,,Yes
2026-08-30,٠٨:٤٧ م,4032081,,Mohandiseen,Ebad El rahman,,Yes
2026-08-30,٠٨:٤٧ م,4033062,,Mohandiseen,Speedo,,Yes
2026-08-30,٠٨:٤٧ م,4033323,,Mohandiseen,Tanta Car,,No
2026-08-30,٠٨:٤٧ م,4033803,,Hadayek el qobba,Top delivery,,No
2026-08-30,٠٨:٤٧ م,4035592,,Mohandiseen,Team mh for Delivery,,Yes
2026-08-30,٠٨:٤٧ م,4036413,,Shobra,Team mh for Delivery,,Yes
2026-08-30,٠٨:٤٧ م,4036673,,Mohandiseen,MTA,,Yes
2026-08-30,٠٨:٤٧ م,4036808,,Shobra,Team mh for Delivery,,Yes
2026-08-30,٠٨:٤٧ م,4037960,,Mohandiseen,MTA,,Yes
2026-08-30,٠٨:٤٧ م,4037978,,Mohandiseen,el Dawlya,,Yes
2026-08-30,٠٨:٤٧ م,4038032,,Shobra,MTA,,No
2026-08-30,٠٨:٤٧ م,4038041,,Shobra,El Abtal,,Yes
2026-08-30,٠٨:٤٧ م,4038240,,Mohandiseen,el Dawlya,,Yes
2026-08-30,٠٨:٤٧ م,4038856,,Mohandiseen,Ebad El rahman,,Yes
2026-08-30,٠٨:٤٧ م,4038895,,Mohandiseen,Ebad El rahman,,No
2026-08-30,٠٨:٤٧ م,4038945,,Mohandiseen,Ebad El rahman,,No
2026-08-30,٠٨:٤٧ م,4038998,,Shobra,El Abtal,,Yes
2026-08-30,٠٨:٤٧ م,4040861,,Mohandiseen,Speedo,,Yes
2026-08-30,٠٨:٤٧ م,4040997,,Mohandiseen,El Abtal,,Yes
2026-08-30,٠٨:٤٧ م,4041116,,Hadayek el qobba,MTA,,Yes
2026-08-30,٠٨:٤٧ م,4041568,,Shobra,Jasson,,Yes
2026-08-30,٠٨:٤٧ م,4041569,,Mohandiseen,BeCool,,Yes
2026-08-30,٠٨:٤٧ م,4041695,,Shobra,MTA,,No
2026-08-30,٠٨:٤٧ م,4041977,,Mohandiseen,Tanta,,No
2026-08-30,٠٨:٤٧ م,4042002,,Shobra,Al Alamia,,No
2026-08-30,٠٨:٤٧ م,4043334,,Hadayek el qobba,Full Speed,,Yes
2026-08-30,٠٨:٤٧ م,4043473,,Mohandiseen,el Dawlya,,Yes
2026-08-30,٠٨:٤٧ م,4043522,,Mohandiseen,Team mh for Delivery,,Yes
2026-08-30,٠٨:٤٧ م,4043670,,Mohandiseen,El Abtal,,No
2026-08-30,٠٨:٤٧ م,4044828,,Mohandiseen,Team mh for Delivery,,Yes
2026-08-30,٠٨:٤٧ م,4046213,,Mohandiseen,MTA,,No
2026-08-30,٠٨:٤٧ م,4046397,,Mohandiseen,El Tohami,,Yes
2026-08-30,٠٨:٤٧ م,4046433,,Mohandiseen,El Abtal,,Yes
2026-08-30,٠٨:٤٧ م,4046741,,Mohandiseen,El Ezz,,No
2026-08-30,٠٨:٤٧ م,4047004,,Mohandiseen,MTA,,Yes
2026-08-30,٠٨:٤٧ م,4047065,,Mohandiseen,BeCool,,No
2026-08-30,٠٨:٤٧ م,4048725,,Mohandiseen,Jasson,,No
2026-08-30,٠٨:٤٧ م,4048937,,Mohandiseen,Speedo,,Yes
2026-08-30,٠٨:٤٧ م,4049477,,Shobra,MTA,,No
2026-08-30,٠٨:٤٧ م,4050889,,Mohandiseen,Team mh for Delivery,,Yes
2026-08-30,٠٨:٤٧ م,4050967,,Hadayek el qobba,el Dawlya,,No
2026-08-30,٠٨:٤٧ م,4051049,,Shobra,Al Alamia,,No
2026-08-30,٠٨:٤٧ م,4051173,,Shobra,Speedo,,Yes
2026-08-30,٠٨:٤٧ م,4052203,,Mohandiseen,El Abtal,,Yes
2026-08-30,٠٨:٤٧ م,4055600,,Mohandiseen,el Dawlya,,No
2026-08-30,٠٨:٤٧ م,4055604,,Shobra,el Dawlya,,Yes
2026-08-30,٠٨:٤٧ م,4056014,,Hadayek el qobba,Top delivery,,Yes
2026-08-30,٠٨:٤٧ م,4056427,,Hadayek el qobba,El Abtal,,Yes
2026-08-30,٠٨:٤٧ م,4056904,,Hadayek el qobba,Speedo,,Yes
2026-08-30,٠٨:٤٧ م,4058108,,Shobra,Apache,,No
2026-08-30,٠٨:٤٧ م,4058109,,Mohandiseen,Full Speed,,Yes
2026-08-30,٠٨:٤٧ م,4058510,,Hadayek el qobba,Top delivery,,Yes
2026-08-30,٠٨:٤٧ م,4058653,,Mohandiseen,MTA,,No
2026-08-30,٠٨:٤٧ م,4059273,,Mohandiseen,Full Speed,,Yes
2026-08-30,٠٨:٤٧ م,4061325,,Hadayek el qobba,Stop Car,,No
2026-08-30,٠٨:٤٧ م,4061326,,Mohandiseen,Super Speed,,No
2026-08-30,٠٨:٤٧ م,4063439,,Hadayek el qobba,El Tohami,,No
2026-08-30,٠٨:٤٧ م,4063534,,Hadayek el qobba,MTA,,Yes
2026-08-30,٠٨:٤٧ م,4063884,,Mohandiseen,Top delivery,,No
2026-08-30,٠٨:٤٧ م,4064139,,Mohandiseen,MTA,,Yes
2026-08-30,٠٨:٤٧ م,4064184,,Mohandiseen,Team mh for Delivery,,Yes
2026-08-30,٠٨:٤٧ م,4064250,,Mohandiseen,El Abtal,,Yes
2026-08-30,٠٨:٤٧ م,4064271,,Shobra,MTA,,Yes
2026-08-30,٠٨:٤٧ م,4065042,,Mohandiseen,el Dawlya,,Yes
2026-08-30,٠٨:٤٧ م,4066403,,Mohandiseen,El Abtal,,No
2026-08-30,٠٨:٤٧ م,4120185,,Hadayek el qobba,Team mh for Delivery,,Yes
2026-08-30,٠٨:٤٧ م,4133080,,Mohandiseen,Team mh for Delivery,,Yes
2026-08-30,٠٨:٤٧ م,4133699,,Mohandiseen,Al Alamia,,Yes
2026-08-30,٠٨:٤٧ م,4134132,,Hadayek el qobba,Ebad El rahman,,Yes
2026-08-30,٠٨:٤٧ م,4134289,,Mohandiseen,El Abtal,,No
2026-08-30,٠٨:٤٧ م,4136471,,Shobra,Al Alamia,,No
2026-08-30,٠٨:٤٧ م,4136966,,Shobra,Ebad El rahman,,Yes
2026-08-30,٠٨:٤٧ م,4137090,,Mohandiseen,Jasson,,No
2026-08-30,٠٨:٤٧ م,4137092,,Hadayek el qobba,El Tohami,,No
2026-08-30,٠٨:٤٧ م,4137239,,Mohandiseen,el Dawlya,,Yes
2026-08-30,٠٨:٤٧ م,4137309,,Hadayek el qobba,Al Alamia,,No
2026-08-30,٠٨:٤٧ م,4137939,,Hadayek el qobba,el Dawlya,,Yes
2026-08-30,٠٨:٤٧ م,4139429,,Shobra,Al Alamia,,Yes
2026-08-30,٠٨:٤٧ م,4139511,,Mohandiseen,Al Alamia,,No
2026-08-30,٠٨:٤٧ م,4139634,,Hadayek el qobba,el Dawlya,,Yes
2026-08-30,٠٨:٤٧ م,4139898,,Mohandiseen,Jasson,,Yes
2026-08-30,٠٨:٤٧ م,4139945,,Mohandiseen,el Dawlya,,Yes
2026-08-30,٠٨:٤٧ م,4139973,,Mohandiseen,El Abtal,,Yes
2026-08-30,٠٨:٤٧ م,4140107,,Hadayek el qobba,MTA,,No
2026-08-30,٠٨:٤٧ م,4141208,,Mohandiseen,Full Speed,,Yes
2026-08-30,٠٨:٤٧ م,4141638,,Mohandiseen,Apache,,Yes
2026-08-30,٠٨:٤٧ م,4141759,,Mohandiseen,El Ezz,,Yes
2026-08-30,٠٨:٤٧ م,4144042,,Mohandiseen,Tanta Car,,No
2026-08-30,٠٨:٤٧ م,4144135,,Hadayek el qobba,Al Alamia,,Yes
2026-08-30,٠٨:٤٧ م,4144676,,Hadayek el qobba,el Dawlya,,No
2026-08-30,٠٨:٤٧ م,4146933,,Mohandiseen,Apache,,No
2026-08-30,٠٨:٤٧ م,4147545,,Mohandiseen,El Tohami,,No
2026-08-30,٠٨:٤٧ م,4147815,,Hadayek el qobba,Team mh for Delivery,,No
2026-08-30,٠٨:٤٧ م,4147891,,Mohandiseen,Tanta Car,,Yes
2026-08-30,٠٨:٤٧ م,4148211,,Mohandiseen,Al Alamia,,Yes
2026-08-30,٠٨:٤٧ م,4148728,,Hadayek el qobba,Jasson,,No
2026-08-30,٠٨:٤٧ م,4150565,,Hadayek el qobba,MTA,,Yes
2026-08-30,٠٨:٤٧ م,4150628,,Mohandiseen,Top delivery,,Yes
2026-08-30,٠٨:٤٧ م,4153462,,Mohandiseen,Team mh for Delivery,,Yes
2026-08-30,٠٨:٤٧ م,4153594,,Mohandiseen,el Dawlya,,Yes
2026-08-30,٠٨:٤٧ م,4153910,,Mohandiseen,Al Alamia,,Yes
2026-08-30,٠٨:٤٧ م,4154494,,Shobra,Speedo,,Yes
2026-08-30,٠٨:٤٧ م,4155277,,Mohandiseen,El Abtal,,No
2026-08-30,٠٨:٤٧ م,4157265,,Mohandiseen,Speedo,,No
2026-08-30,٠٨:٤٧ م,4158273,,Shobra,Speedo,,Yes
2026-08-30,٠٨:٤٧ م,4158311,,Hadayek el qobba,Team mh for Delivery,,Yes
2026-08-30,٠٨:٤٧ م,4158325,,Mohandiseen,El Abtal,,No
2026-08-30,٠٨:٤٧ م,4158346,,Hadayek el qobba,Top delivery,,Yes
2026-08-30,٠٨:٤٧ م,4158388,,Mohandiseen,MTA,,Yes
2026-08-30,٠٨:٤٧ م,4158684,,Mohandiseen,el Dawlya,,Yes
2026-08-30,٠٨:٤٧ م,4158895,,Hadayek el qobba,MTA,,No
2026-08-30,٠٨:٤٧ م,4158937,,Mohandiseen,El Abtal,,No
2026-08-30,٠٨:٤٧ م,4159330,,Hadayek el qobba,Al Alamia,,No
2026-08-30,٠٨:٤٧ م,4160962,,Mohandiseen,Al Alamia,,No
2026-08-30,٠٨:٤٧ م,4162436,,Hadayek el qobba,Jasson,,No
2026-08-30,٠٨:٤٧ م,4162546,,Mohandiseen,Stop Car,,No
2026-08-30,٠٨:٤٧ م,4162570,,Mohandiseen,Tanta Car,,Yes
2026-08-30,٠٨:٤٧ م,4163396,,Mohandiseen,Ebad El rahman,,No
2026-08-30,٠٨:٤٧ م,4163568,,Hadayek el qobba,El Abtal,,Yes
2026-08-30,٠٨:٤٧ م,4164848,,Shobra,Al Alamia,,Yes
2026-08-30,٠٨:٤٧ م,4164856,,Mohandiseen,Al Alamia,,Yes
2026-08-30,٠٨:٤٧ م,4165051,,Mohandiseen,Team mh for Delivery,,Yes
2026-08-30,٠٨:٤٧ م,4165149,,Shobra,El Ezz,,No
2026-08-30,٠٨:٤٧ م,4165211,,Shobra,Al Alamia,,Yes
2026-08-30,٠٨:٤٧ م,4165460,,Shobra,Full Speed,,Yes
2026-08-30,٠٨:٤٧ م,4166068,,Shobra,El Abtal,,No
2026-08-30,٠٨:٤٧ م,4166365,,Hadayek el qobba,El Tohami,,No
2026-08-30,٠٨:٤٧ م,4167517,,Mohandiseen,El Ezz,,Yes
2026-08-30,٠٨:٤٧ م,4167524,,Mohandiseen,Tanta Car,,Yes
2026-08-30,٠٨:٤٧ م,4168239,,Hadayek el qobba,Jasson,,Yes
2026-08-30,٠٨:٤٧ م,4169884,,Hadayek el qobba,MTA,,Yes
2026-08-30,٠٨:٤٧ م,4172313,,Hadayek el qobba,Jasson,,Yes
2026-08-30,٠٨:٤٧ م,4172441,,Hadayek el qobba,MTA,,No
2026-08-30,٠٨:٤٧ م,4172810,,Mohandiseen,el Dawlya,,Yes
2026-08-30,٠٨:٤٧ م,4172857,,Mohandiseen,Al Alamia,,No
2026-08-30,٠٨:٤٧ م,4172996,,Hadayek el qobba,El Tohami,,No
2026-08-30,٠٨:٤٧ م,4173010,,Mohandiseen,El Abtal,,No
2026-08-30,٠٨:٤٧ م,4173090,,Shobra,el Dawlya,,No
2026-08-30,٠٨:٤٧ م,4176780,,Mohandiseen,MTA,,No
2026-08-30,٠٨:٤٧ م,4176905,,Mohandiseen,Ebad El rahman,,No
2026-08-30,٠٨:٤٧ م,4177182,,Mohandiseen,Al Alamia,,No
2026-08-30,٠٨:٤٧ م,4177288,,Shobra,el Dawlya,,No
2026-08-30,٠٨:٤٧ م,4179378,,Hadayek el qobba,MTA,,Yes
2026-08-30,٠٨:٤٧ م,4179483,,Shobra,El Abtal,,Yes
2026-08-30,٠٨:٤٧ م,4179500,,Hadayek el qobba,El Abtal,,Yes
2026-08-30,٠٨:٤٧ م,4179875,,Mohandiseen,Full Speed,,Yes
2026-08-30,٠٨:٤٧ م,4179924,,Mohandiseen,Apache,,No
2026-08-30,٠٨:٤٧ م,4180026,,Hadayek el qobba,Al Alamia,,Yes
2026-08-30,٠٨:٤٧ م,4180635,,Hadayek el qobba,MTA,,Yes
2026-08-30,٠٨:٤٧ م,4180833,,Mohandiseen,Speedo,,Yes
2026-08-30,٠٨:٤٧ م,4181679,,Mohandiseen,MTA,,Yes
2026-08-30,٠٨:٤٧ م,4182847,,Mohandiseen,Apache,,Yes
2026-08-30,٠٨:٤٧ م,4182888,,Shobra,Al Alamia,,Yes
2026-08-30,٠٨:٤٧ م,4183246,,Mohandiseen,el Dawlya,,No
2026-08-30,٠٨:٤٧ م,4183923,,Mohandiseen,Team mh for Delivery,,No
2026-08-30,٠٨:٤٧ م,4185482,,Shobra,MTA,,Yes
2026-08-30,٠٨:٤٧ م,4185622,,Shobra,Team mh for Delivery,,Yes
2026-08-30,٠٨:٤٧ م,4185684,,Mohandiseen,MTA,,No
2026-08-30,٠٨:٤٧ م,4185713,,Hadayek el qobba,Full Speed,,No
2026-08-30,٠٨:٤٧ م,4186814,,Mohandiseen,Top delivery,,No
2026-08-30,٠٨:٤٧ م,4187751,,Mohandiseen,Team mh for Delivery,,No
2026-08-30,٠٨:٤٧ م,4187894,,Hadayek el qobba,BeCool,,No
2026-08-30,٠٨:٤٧ م,4188055,,Hadayek el qobba,El Tohami,,No
2026-08-30,٠٨:٤٧ م,4188221,,Hadayek el qobba,BeCool,,No
2026-08-30,٠٨:٤٧ م,4188225,,Mohandiseen,Al Alamia,,Yes
2026-08-30,٠٨:٤٧ م,4188291,,Hadayek el qobba,Jasson,,No
2026-08-30,٠٨:٤٧ م,4189157,,Hadayek el qobba,El Abtal,,Yes
2026-08-30,٠٨:٤٧ م,4190289,,Shobra,MTA,,Yes
2026-08-30,٠٨:٤٧ م,4190297,,Mohandiseen,el Dawlya,,Yes
2026-08-30,٠٨:٤٧ م,4190360,,Shobra,El Tohami,,Yes
2026-08-30,٠٨:٤٧ م,4190371,,Mohandiseen,Speedo,,Yes
2026-08-30,٠٨:٤٧ م,4191435,,Shobra,Team mh for Delivery,,No
2026-08-30,٠٨:٤٧ م,4191455,,Mohandiseen,Noot,,No
2026-08-30,٠٨:٤٧ م,4191533,,Mohandiseen,MTA,,Yes
2026-08-30,٠٨:٤٧ م,4191536,,Mohandiseen,El Tohami,,Yes
2026-08-30,٠٨:٤٧ م,4192420,,Hadayek el qobba,el Dawlya,,Yes
2026-08-30,٠٨:٤٧ م,4192661,,Hadayek el qobba,el Dawlya,,Yes
2026-08-30,٠٨:٤٧ م,4193591,,Mohandiseen,BeCool,,Yes
2026-08-30,٠٨:٤٧ م,4193623,,Mohandiseen,Speedo,,No
2026-08-30,٠٨:٤٧ م,4194847,,Mohandiseen,el Dawlya,,Yes
2026-08-30,٠٨:٤٧ م,4195034,,Mohandiseen,El Tohami,,Yes
2026-08-30,٠٨:٤٧ م,4195144,,Mohandiseen,Stop Car,,Yes
2026-08-30,٠٨:٤٧ م,4195330,,Mohandiseen,Al Alamia,,Yes
2026-08-30,٠٨:٤٧ م,4196653,,Mohandiseen,El Tohami,,No
2026-08-30,٠٨:٤٧ م,4197804,,Mohandiseen,Speedo,,Yes
2026-08-30,٠٨:٤٧ م,4198159,,Shobra,Full Speed,,Yes
2026-08-30,٠٨:٤٧ م,4198739,,Mohandiseen,el Dawlya,,No
2026-08-30,٠٨:٤٧ م,4198806,,Mohandiseen,MTA,,No
2026-08-30,٠٨:٤٧ م,4198907,,Shobra,El Abtal,,Yes
2026-08-30,٠٨:٤٧ م,4199452,,Shobra,El Tohami,,No
2026-08-30,٠٨:٤٧ م,4201347,,Shobra,El Abtal,,Yes
2026-08-30,٠٨:٤٧ م,4201624,,Mohandiseen,Full Speed,,No
2026-08-30,٠٨:٤٧ م,4202706,,Mohandiseen,Stop Car,,No
2026-08-30,٠٨:٤٧ م,4202829,,Mohandiseen,Team mh for Delivery,,Yes
2026-08-30,٠٨:٤٧ م,4202845,,Mohandiseen,MTA,,Yes
2026-08-30,٠٨:٤٧ م,4202876,,Hadayek el qobba,MTA,,Yes
2026-08-30,٠٨:٤٧ م,4202885,,Mohandiseen,Speedo,,Yes
2026-08-30,٠٨:٤٧ م,4202930,,Hadayek el qobba,MTA,,No
2026-08-30,٠٨:٤٧ م,4203008,,Mohandiseen,Team mh for Delivery,,Yes
2026-08-30,٠٨:٤٧ م,4203870,,Mohandiseen,Top delivery,,Yes
2026-08-30,٠٨:٤٧ م,4204831,,Mohandiseen,Ebad El rahman,,Yes
2026-08-30,٠٨:٤٧ م,4204978,,Mohandiseen,Noot,,No
2026-08-30,٠٨:٤٧ م,4204984,,Shobra,Ebad El rahman,,No
2026-08-30,٠٨:٤٧ م,4206025,,Mohandiseen,MTA,,Yes
2026-08-30,٠٨:٤٧ م,4206043,,Shobra,Speedo,,No
2026-08-30,٠٨:٤٧ م,4206230,,Shobra,Speedo,,No
2026-08-30,٠٨:٤٧ م,4208083,,Mohandiseen,Al Alamia,,Yes
2026-08-30,٠٨:٤٧ م,4208145,,Mohandiseen,el Dawlya,,No
2026-08-30,٠٨:٤٧ م,4208149,,Hadayek el qobba,Top delivery,,Yes
2026-08-30,٠٨:٤٧ م,4208263,,Mohandiseen,Speedo,,No
2026-08-30,٠٨:٤٧ م,4209899,,Mohandiseen,Ebad El rahman,,Yes
2026-08-30,٠٨:٤٧ م,4210010,,Mohandiseen,Speedo,,No
2026-08-30,٠٨:٤٧ م,4210949,,Hadayek el qobba,Stop Car,,Yes
2026-08-30,٠٨:٤٧ م,4212710,,Hadayek el qobba,El Tohami,,Yes
2026-08-30,٠٨:٤٧ م,4212807,,Shobra,Speedo,,Yes
2026-08-30,٠٨:٤٧ م,4212898,,Mohandiseen,El Tohami,,Yes
2026-08-30,٠٨:٤٧ م,4213667,,Mohandiseen,Speedo,,No
2026-08-30,٠٨:٤٧ م,4214658,,Hadayek el qobba,Stop Car,,No
2026-08-30,٠٨:٤٧ م,4215425,,Shobra,Team mh for Delivery,,No
2026-08-30,٠٨:٤٧ م,4215588,,Mohandiseen,Ebad El rahman,,Yes
2026-08-30,٠٨:٤٧ م,4215663,,Hadayek el qobba,MTA,,Yes
2026-08-30,٠٨:٤٧ م,4216031,,Shobra,Team mh for Delivery,,Yes
2026-08-30,٠٨:٤٧ م,4216745,,Mohandiseen,El Abtal,,Yes
2026-08-30,٠٨:٤٧ م,4216794,,Shobra,El Abtal,,Yes
2026-08-30,٠٨:٤٧ م,4218032,,Shobra,Ebad El rahman,,Yes
2026-08-30,٠٨:٤٧ م,4218174,,Mohandiseen,Speedo,,No
2026-08-30,٠٨:٤٧ م,4218236,,Mohandiseen,Team mh for Delivery,,Yes
2026-08-30,٠٨:٤٧ م,4218589,,Hadayek el qobba,Top delivery,,Yes
2026-08-30,٠٨:٤٧ م,4218904,,Hadayek el qobba,Ebad El rahman,,No
2026-08-30,٠٨:٤٧ م,4220919,,Mohandiseen,El Tohami,,Yes
2026-08-30,٠٨:٤٧ م,4221149,,Shobra,Full Speed,,Yes
2026-08-30,٠٨:٤٧ م,4221203,,Mohandiseen,el Dawlya,,Yes
2026-08-30,٠٨:٤٧ م,4221253,,Mohandiseen,MTA,,Yes
2026-08-30,٠٨:٤٧ م,4221264,,Hadayek el qobba,Top delivery,,No
2026-08-30,٠٨:٤٧ م,4221330,,Mohandiseen,Team mh for Delivery,,Yes
2026-08-30,٠٨:٤٧ م,4221562,,Mohandiseen,Team mh for Delivery,,Yes
2026-08-30,٠٨:٤٧ م,4222323,,Mohandiseen,BeCool,,No
2026-08-30,٠٨:٤٧ م,4222460,,Hadayek el qobba,el Dawlya,,No
2026-08-30,٠٨:٤٧ م,4222568,,Hadayek el qobba,El Tohami,,Yes
2026-08-30,٠٨:٤٧ م,4223752,,Shobra,El Ezz,,Yes
2026-08-30,٠٨:٤٧ م,4224806,,Hadayek el qobba,El Abtal,,No
2026-08-30,٠٨:٤٧ م,4224924,,Mohandiseen,Team mh for Delivery,,No
2026-08-30,٠٨:٤٧ م,4225176,,Hadayek el qobba,El Tohami,,No
2026-08-30,٠٨:٤٧ م,4226238,,Mohandiseen,Jasson,,No
2026-08-30,٠٨:٤٧ م,4226747,,Mohandiseen,Speedo,,No
2026-08-30,٠٨:٤٧ م,4228752,,Mohandiseen,Team mh for Delivery,,Yes
2026-08-30,٠٨:٤٧ م,4229930,,Mohandiseen,Jasson,,Yes
2026-08-30,٠٨:٤٧ م,4230524,,Mohandiseen,El Abtal,,Yes
2026-08-30,٠٨:٤٧ م,4231535,,Mohandiseen,Speedo,,Yes
2026-08-30,٠٨:٤٧ م,4232197,,Hadayek el qobba,Full Speed,,Yes
2026-08-30,٠٨:٤٧ م,4232701,,Mohandiseen,Speedo,,Yes
2026-08-30,٠٨:٤٧ م,4236252,,Hadayek el qobba,MTA,,No
2026-08-30,٠٨:٤٧ م,4236259,,Mohandiseen,Speedo,,Yes
2026-08-30,٠٨:٤٧ م,4236403,,Mohandiseen,Speedo,,No
2026-08-30,٠٨:٤٧ م,4236420,,Mohandiseen,Stop Car,,No
2026-08-30,٠٨:٤٧ م,4236620,,Mohandiseen,Speedo,,No
2026-08-30,٠٨:٤٧ م,4236641,,Mohandiseen,Tanta Car,,No
2026-08-30,٠٨:٤٧ م,4236660,,Mohandiseen,Team mh for Delivery,,No
2026-08-30,٠٨:٤٧ م,4236702,,Mohandiseen,Speedo,,No
2026-08-30,٠٨:٤٧ م,4236914,,Hadayek el qobba,Jasson,,Yes
2026-08-30,٠٨:٤٧ م,4238578,,Mohandiseen,El Tohami,,Yes
2026-08-30,٠٨:٤٧ م,4239141,,Mohandiseen,el Dawlya,,Yes
2026-08-30,٠٨:٤٧ م,4241133,,Shobra,Speedo,,Yes
2026-08-30,٠٨:٤٧ م,4241229,,Shobra,Full Speed,,No
2026-08-30,٠٨:٤٧ م,4241259,,Mohandiseen,El Abtal,,Yes
2026-08-30,٠٨:٤٧ م,4241610,,Hadayek el qobba,MTA,,Yes
2026-08-30,٠٨:٤٧ م,4241992,,Hadayek el qobba,MTA,,Yes
2026-08-30,٠٨:٤٧ م,4242065,,Hadayek el qobba,Full Speed,,Yes
2026-08-30,٠٨:٤٧ م,4242483,,Mohandiseen,MTA,,Yes
2026-08-30,٠٨:٤٧ م,4243815,,Shobra,Al Alamia,,Yes
2026-08-30,٠٨:٤٧ م,4243836,,Shobra,Al Alamia,,No
2026-08-30,٠٨:٤٧ م,4243959,,Mohandiseen,Ebad El rahman,,No
2026-08-30,٠٨:٤٧ م,4244701,,Hadayek el qobba,MTA,,Yes
2026-08-30,٠٨:٤٧ م,4245145,,Mohandiseen,MR Delivery,,No
2026-08-30,٠٨:٤٧ م,4245206,,Shobra,El Abtal,,Yes
2026-08-30,٠٨:٤٧ م,4245361,,Mohandiseen,El Abtal,,Yes
2026-08-30,٠٨:٤٧ م,4245397,,Shobra,Speedo,,Yes
2026-08-30,٠٨:٤٧ م,4245763,,Shobra,MTA,,Yes
2026-08-30,٠٨:٤٧ م,4246419,,Mohandiseen,Apache,,Yes
2026-08-30,٠٨:٤٧ م,4246431,,Mohandiseen,Apache,,No
2026-08-30,٠٨:٤٧ م,4246515,,Mohandiseen,MTA,,Yes
2026-08-30,٠٨:٤٧ م,4248769,,Mohandiseen,MTA,,No
2026-08-30,٠٨:٤٧ م,4248789,,Mohandiseen,MTA,,Yes
2026-08-30,٠٨:٤٧ م,4248833,,Shobra,Team mh for Delivery,,Yes
2026-08-30,٠٨:٤٧ م,4248922,,Mohandiseen,El Abtal,,No
2026-08-30,٠٨:٤٧ م,4250682,,Hadayek el qobba,Stop Car,,No
2026-08-30,٠٨:٤٧ م,4250748,,Hadayek el qobba,el Dawlya,,No
2026-08-30,٠٨:٤٧ م,4250861,,Mohandiseen,Apache,,Yes
2026-08-30,٠٨:٤٧ م,4251137,,Mohandiseen,Jasson,,Yes
2026-08-30,٠٨:٤٧ م,4251308,,Shobra,Al Alamia,,No
2026-08-30,٠٨:٤٧ م,4251567,,Hadayek el qobba,Jasson,,Yes
2026-08-30,٠٨:٤٧ م,4251704,,Mohandiseen,Tanta Car,,Yes
2026-08-30,٠٨:٤٧ م,4253027,,Hadayek el qobba,MTA,,No
2026-08-30,٠٨:٤٧ م,4254288,,Mohandiseen,Team mh for Delivery,,No
2026-08-30,٠٨:٤٧ م,4254660,,Mohandiseen,Al Alamia,,No
2026-08-30,٠٨:٤٧ م,4254723,,Shobra,Team mh for Delivery,,No
2026-08-30,٠٨:٤٧ م,4255500,,Shobra,Full Speed,,Yes
2026-08-30,٠٨:٤٧ م,4255579,,Shobra,Speedo,,No
2026-08-30,٠٨:٤٧ م,4255917,,Mohandiseen,Al Alamia,,No
2026-08-30,٠٨:٤٧ م,4255957,,Shobra,El Abtal,,No
2026-08-30,٠٨:٤٧ م,4255970,,Mohandiseen,Team mh for Delivery,,Yes
2026-08-30,٠٨:٤٧ م,4256022,,Mohandiseen,Super Speed,,Yes
2026-08-30,٠٨:٤٧ م,4256759,,Mohandiseen,MTA,,No
2026-08-30,٠٨:٤٧ م,4258183,,Shobra,Team mh for Delivery,,Yes
2026-08-30,٠٨:٤٧ م,4258196,,Hadayek el qobba,El Abtal,,No
2026-08-30,٠٨:٤٧ م,4258266,,Shobra,Top delivery,,No
2026-08-30,٠٨:٤٧ م,4258313,,Mohandiseen,Tanta Car,,Yes
2026-08-30,٠٨:٤٧ م,4258339,,Mohandiseen,Team mh for Delivery,,Yes
2026-08-30,٠٨:٤٧ م,4258468,,Hadayek el qobba,Stop Car,,Yes
2026-08-30,٠٨:٤٧ م,4258639,,Mohandiseen,MTA,,Yes
2026-08-30,٠٨:٤٧ م,4258733,,Hadayek el qobba,Top delivery,,No
2026-08-30,٠٨:٤٧ م,4259010,,Mohandiseen,MTA,,Yes
2026-08-30,٠٨:٤٧ م,4259716,,Hadayek el qobba,El Tohami,,Yes
2026-08-30,٠٨:٤٧ م,4259866,,Mohandiseen,El Abtal,,Yes
2026-08-30,٠٨:٤٧ م,4260109,,Shobra,Al Alamia,,No
2026-08-30,٠٨:٤٧ م,4260738,,Mohandiseen,el Dawlya,,No
2026-08-30,٠٨:٤٧ م,4260770,,Mohandiseen,Team mh for Delivery,,Yes
2026-08-30,٠٨:٤٧ م,4260775,,Hadayek el qobba,el Dawlya,,Yes
2026-08-30,٠٨:٤٧ م,4260804,,Mohandiseen,Al Alamia,,No
2026-08-30,٠٨:٤٧ م,4261022,,Mohandiseen,Apache,,Yes
2026-08-30,٠٨:٤٧ م,4264099,,Shobra,Team mh for Delivery,,Yes
2026-08-30,٠٨:٤٧ م,4264104,,Shobra,Speedo,,Yes
2026-08-30,٠٨:٤٧ م,4264132,,Mohandiseen,El Tohami,,Yes
2026-08-30,٠٨:٤٧ م,4264152,,Hadayek el qobba,BeCool,,No
2026-08-30,٠٨:٤٧ م,4264273,,Shobra,Apache,,Yes
2026-08-30,٠٨:٤٧ م,4264274,,Mohandiseen,Speedo,,Yes
2026-08-30,٠٨:٤٧ م,4264342,,Hadayek el qobba,Team mh for Delivery,,No
2026-08-30,٠٨:٤٧ م,4265842,,Mohandiseen,Tanta Car,,Yes
2026-08-30,٠٨:٤٧ م,4267051,,Mohandiseen,Al Alamia,,No
2026-08-30,٠٨:٤٧ م,4268297,,Mohandiseen,MTA,,No
2026-08-30,٠٨:٤٧ م,4268715,,Mohandiseen,el Dawlya,,No
2026-08-30,٠٨:٤٧ م,4269369,,Mohandiseen,Team mh for Delivery,,Yes
2026-08-30,٠٨:٤٧ م,4269604,,Mohandiseen,El Tohami,,Yes
2026-08-30,٠٨:٤٧ م,4269671,,Hadayek el qobba,Team mh for Delivery,,Yes
2026-08-30,٠٨:٤٧ م,4270284,,Hadayek el qobba,Stop Car,,Yes
2026-08-30,٠٨:٤٧ م,4271327,,Shobra,MTA,,Yes
2026-08-30,٠٨:٤٧ م,4271608,,Hadayek el qobba,Full Speed,,Yes
2026-08-30,٠٨:٤٧ م,4271961,,Shobra,Team mh for Delivery,,Yes
2026-08-30,٠٨:٤٧ م,4272169,,Mohandiseen,Al Alamia,,Yes
2026-08-30,٠٨:٤٧ م,4273637,,Hadayek el qobba,MTA,,Yes
2026-08-30,٠٨:٤٧ م,4273974,,Hadayek el qobba,El Abtal,,Yes
2026-08-30,٠٨:٤٧ م,4273985,,Shobra,Speedo,,Yes
2026-08-30,٠٨:٤٧ م,4274019,,Mohandiseen,MTA,,Yes
2026-08-30,٠٨:٤٧ م,4274402,,Hadayek el qobba,Jasson,,Yes
2026-08-30,٠٨:٤٧ م,4274859,,Shobra,Team mh for Delivery,,Yes
2026-08-30,٠٨:٤٧ م,4274903,,Mohandiseen,Team mh for Delivery,,Yes
2026-08-30,٠٨:٤٧ م,4275238,,Mohandiseen,Team mh for Delivery,,Yes
2026-08-30,٠٨:٤٧ م,4276243,,Mohandiseen,El Tohami,,Yes
2026-08-30,٠٨:٤٧ م,4276674,,Hadayek el qobba,Team mh for Delivery,,Yes
2026-08-30,٠٨:٤٧ م,4277060,,Mohandiseen,El Ezz,,No
2026-08-30,٠٨:٤٧ م,4277889,,Shobra,Team mh for Delivery,,Yes
2026-08-30,٠٨:٤٧ م,4278218,,Shobra,El Abtal,,Yes
2026-08-30,٠٨:٤٧ م,4278228,,Mohandiseen,El Abtal,,Yes
2026-08-30,٠٨:٤٧ م,4278255,,Hadayek el qobba,Top delivery,,Yes
2026-08-30,٠٨:٤٧ م,4278835,,Mohandiseen,el Dawlya,,No
2026-08-30,٠٨:٤٧ م,4278878,,Mohandiseen,El Ezz,,Yes
2026-08-30,٠٨:٤٧ م,4279198,,Mohandiseen,El Ezz,,Yes
2026-08-30,٠٨:٤٧ م,4279389,,Mohandiseen,Apache,,Yes
2026-08-30,٠٨:٤٧ م,4279486,,Mohandiseen,El Abtal,,Yes
2026-08-30,٠٨:٤٧ م,4279511,,Mohandiseen,Al Alamia,,Yes
2026-08-30,٠٨:٤٧ م,4280596,,Mohandiseen,Al Alamia,,Yes
2026-08-30,٠٨:٤٧ م,4281048,,Hadayek el qobba,MTA,,No
2026-08-30,٠٨:٤٧ م,4281092,,Hadayek el qobba,MTA,,Yes
2026-08-30,٠٨:٤٧ م,4281158,,Mohandiseen,Ebad El rahman,,Yes
2026-08-30,٠٨:٤٧ م,4281313,,Hadayek el qobba,El Tohami,,Yes
2026-08-30,٠٨:٤٧ م,4281363,,Mohandiseen,Speedo,,Yes
2026-08-30,٠٨:٤٧ م,4282494,,Shobra,Noot,,No
2026-08-30,٠٨:٤٧ م,4282516,,Mohandiseen,Top delivery,,Yes
2026-08-30,٠٨:٤٧ م,4282520,,Hadayek el qobba,Jasson,,Yes
2026-08-30,٠٨:٤٧ م,4282865,,Shobra,MTA,,Yes
2026-08-30,٠٨:٤٧ م,4283536,,Shobra,Speedo,,No
2026-08-30,٠٨:٤٧ م,4283580,,Shobra,Full Speed,,No
2026-08-30,٠٨:٤٧ م,4284442,,Mohandiseen,El Abtal,,Yes
2026-08-30,٠٨:٤٧ م,4285789,,Mohandiseen,Team mh for Delivery,,No
2026-08-30,٠٨:٤٧ م,4286275,,Mohandiseen,Tanta,,Yes
2026-08-30,٠٨:٤٧ م,4287036,,Mohandiseen,BeCool,,No
2026-08-30,٠٨:٤٧ م,4287499,,Shobra,Jasson,,No
2026-08-30,٠٨:٤٧ م,4288161,,Shobra,Speedo,,No
2026-08-30,٠٨:٤٧ م,4288382,,Mohandiseen,Speedo,,Yes
2026-08-30,٠٨:٤٧ م,4288476,,Hadayek el qobba,Full Speed,,No
2026-08-30,٠٨:٤٧ م,4291916,,Shobra,El Tohami,,No
2026-08-30,٠٨:٤٧ م,4292654,,Shobra,Al Alamia,,Yes
2026-08-30,٠٨:٤٧ م,4292665,,Mohandiseen,Full Speed,,Yes
2026-08-30,٠٨:٤٧ م,4292721,,Mohandiseen,Al Alamia,,No
2026-08-30,٠٨:٤٧ م,4292798,,Mohandiseen,Al Alamia,,Yes
2026-08-30,٠٨:٤٧ م,4292907,,Mohandiseen,El Ezz,,Yes
2026-08-30,٠٨:٤٧ م,4293029,,Mohandiseen,Team mh for Delivery,,Yes
2026-08-30,٠٨:٤٧ م,4293878,,Shobra,Al Alamia,,Yes
2026-08-30,٠٨:٤٧ م,4293925,,Shobra,Al Alamia,,Yes
2026-08-30,٠٨:٤٧ م,4293956,,Mohandiseen,Ebad El rahman,,No
2026-08-30,٠٨:٤٧ م,4293961,,Hadayek el qobba,Al Alamia,,No
2026-08-30,٠٨:٤٧ م,4293978,,Hadayek el qobba,Al Alamia,,Yes
2026-08-30,٠٨:٤٧ م,4295142,,Shobra,Team mh for Delivery,,Yes
2026-08-30,٠٨:٤٧ م,4296042,,Mohandiseen,el Dawlya,,Yes
2026-08-30,٠٨:٤٧ م,4298432,,Mohandiseen,El Tohami,,Yes
2026-08-30,٠٨:٤٧ م,4298440,,Mohandiseen,Team mh for Delivery,,Yes
2026-08-30,٠٨:٤٧ م,4298441,,Hadayek el qobba,El Abtal,,No
2026-08-30,٠٨:٤٧ م,4298530,,Hadayek el qobba,El Abtal,,Yes
2026-08-30,٠٨:٤٧ م,4298543,,Mohandiseen,Al Alamia,,Yes
2026-08-30,٠٨:٤٧ م,4298804,,Hadayek el qobba,Top delivery,,Yes
2026-08-30,٠٨:٤٧ م,4298858,,Hadayek el qobba,MTA,,No
2026-08-30,٠٨:٤٧ م,4299079,,Mohandiseen,Al Alamia,,Yes
2026-08-30,٠٨:٤٧ م,4299559,,Hadayek el qobba,MTA,,No
2026-08-30,٠٨:٤٧ م,4300117,,Mohandiseen,Speedo,,No
2026-08-30,٠٨:٤٧ م,4301588,,Mohandiseen,Apache,,Yes
2026-08-30,٠٨:٤٧ م,4301803,,Mohandiseen,el Dawlya,,Yes
2026-08-30,٠٨:٤٧ م,4302720,,Hadayek el qobba,Top delivery,,No
2026-08-30,٠٨:٤٧ م,4302769,,Mohandiseen,Tanta Car,,No
2026-08-30,٠٨:٤٧ م,4304371,,Mohandiseen,Speedo,,Yes
2026-08-30,٠٨:٤٧ م,4304465,,Mohandiseen,Al Alamia,,No
2026-08-30,٠٨:٤٧ م,4304517,,Shobra,Jasson,,No
2026-08-30,٠٨:٤٧ م,4304545,,Mohandiseen,Al Alamia,,Yes
2026-08-30,٠٨:٤٧ م,4305375,,Mohandiseen,el Dawlya,,Yes
2026-08-30,٠٨:٤٧ م,4307009,,Mohandiseen,Apache,,Yes
2026-08-30,٠٨:٤٧ م,4307207,,Hadayek el qobba,Top delivery,,No
2026-08-30,٠٨:٤٧ م,4307232,,Hadayek el qobba,Top delivery,,No
2026-08-30,٠٨:٤٧ م,4307503,,Mohandiseen,Top delivery,,Yes
2026-08-30,٠٨:٤٧ م,4307568,,Hadayek el qobba,Top delivery,,No
2026-08-30,٠٨:٤٧ م,4307576,,Shobra,El Abtal,,Yes
2026-08-30,٠٨:٤٧ م,4307999,,Mohandiseen,Ebad El rahman,,Yes
2026-08-30,٠٨:٤٧ م,4308017,,Mohandiseen,Al Alamia,,Yes
2026-08-30,٠٨:٤٧ م,4308127,,Mohandiseen,Team mh for Delivery,,Yes
2026-08-30,٠٨:٤٧ م,4309878,,Hadayek el qobba,Top delivery,,Yes
2026-08-30,٠٨:٤٧ م,4310028,,Mohandiseen,Team mh for Delivery,,Yes
2026-08-30,٠٨:٤٧ م,4310291,,Shobra,Team mh for Delivery,,Yes
2026-08-30,٠٨:٤٧ م,4310483,,Mohandiseen,MTA,,Yes
2026-08-30,٠٨:٤٧ م,4310585,,Shobra,Ebad El rahman,,No
2026-08-30,٠٨:٤٧ م,4311174,,Mohandiseen,el Dawlya,,No
2026-08-30,٠٨:٤٧ م,4311182,,Mohandiseen,Apache,,Yes
2026-08-30,٠٨:٤٧ م,4311965,,Hadayek el qobba,El Abtal,,No
2026-08-30,٠٨:٤٧ م,4312042,,Shobra,MTA,,Yes
2026-08-30,٠٨:٤٧ م,4312113,,Hadayek el qobba,El Abtal,,Yes
2026-08-30,٠٨:٤٧ م,4312193,,Hadayek el qobba,Full Speed,,Yes
2026-08-30,٠٨:٤٧ م,4313147,,Hadayek el qobba,MTA,,Yes
2026-08-30,٠٨:٤٧ م,4313298,,Mohandiseen,Ebad El rahman,,Yes
2026-08-30,٠٨:٤٧ م,4313308,,Mohandiseen,El Tohami,,Yes
2026-08-30,٠٨:٤٧ م,4314446,,Mohandiseen,Speedo,,Yes
2026-08-30,٠٨:٤٧ م,4314468,,Mohandiseen,Tanta Car,,No
2026-08-30,٠٨:٤٧ م,4314990,,Mohandiseen,Team mh for Delivery,,Yes
2026-08-30,٠٨:٤٧ م,4315269,,Hadayek el qobba,MTA,,No
2026-08-30,٠٨:٤٧ م,4317564,,Mohandiseen,MTA,,No
2026-08-30,٠٨:٤٧ م,4317936,,Shobra,MTA,,Yes
2026-08-30,٠٨:٤٧ م,4318780,,Mohandiseen,El Ezz,,No
2026-08-30,٠٨:٤٧ م,4319081,,Mohandiseen,el Dawlya,,No
2026-08-30,٠٨:٤٧ م,4321448,,Shobra,MTA,,No
2026-08-30,٠٨:٤٧ م,4321466,,Mohandiseen,Speedo,,Yes
2026-08-30,٠٨:٤٧ م,4321634,,Mohandiseen,Team mh for Delivery,,Yes
2026-08-30,٠٨:٤٧ م,4322459,,Shobra,Al Alamia,,No
2026-08-30,٠٨:٤٧ م,4322490,,Mohandiseen,Full Speed,,Yes
2026-08-30,٠٨:٤٧ م,4323624,,Mohandiseen,Speedo,,No
2026-08-30,٠٨:٤٧ م,4323626,,Mohandiseen,El Tohami,,Yes
2026-08-30,٠٨:٤٧ م,4325060,,Mohandiseen,Al Alamia,,No
2026-08-30,٠٨:٤٧ م,4325599,,Mohandiseen,Full Speed,,Yes
2026-08-30,٠٨:٤٧ م,4326905,,Mohandiseen,Tanta Car,,No
2026-08-30,٠٨:٤٧ م,4328157,,Shobra,Apache,,Yes
2026-08-30,٠٨:٤٧ م,4328318,,Mohandiseen,el Dawlya,,Yes
2026-08-30,٠٨:٤٧ م,4328622,,Shobra,Full Speed,,Yes
2026-08-30,٠٨:٤٧ م,4332093,,Shobra,MTA,,Yes
2026-08-30,٠٨:٤٧ م,4333195,,Hadayek el qobba,Speedo,,No
2026-08-30,٠٨:٤٧ م,4333271,,Mohandiseen,MTA,,Yes
2026-08-30,٠٨:٤٧ م,4333294,,Mohandiseen,Al Alamia,,Yes
2026-08-30,٠٨:٤٧ م,4333581,,Mohandiseen,Speedo,,No
2026-08-30,٠٨:٤٧ م,4333739,,Hadayek el qobba,MTA,,Yes
2026-08-30,٠٨:٤٧ م,4333778,,Mohandiseen,Full Speed,,No
2026-08-30,٠٨:٤٧ م,4333854,,Mohandiseen,Tanta Car,,Yes
2026-08-30,٠٨:٤٧ م,4333894,,Shobra,Al Alamia,,No
2026-08-30,٠٨:٤٧ م,4333994,,Mohandiseen,Ebad El rahman,,No
2026-08-30,٠٨:٤٧ م,4335209,,Hadayek el qobba,Stop Car,,No
2026-08-30,٠٨:٤٧ م,4335287,,Mohandiseen,Speedo,,Yes
2026-08-30,٠٨:٤٧ م,4335870,,Mohandiseen,Ebad El rahman,,No
2026-08-30,٠٨:٤٧ م,4335877,,Mohandiseen,El Ezz,,Yes
2026-08-30,٠٨:٤٧ م,4337035,,Mohandiseen,Ebad El rahman,,Yes
2026-08-30,٠٨:٤٧ م,4338166,,Mohandiseen,El Abtal,,Yes
2026-08-30,٠٨:٤٧ م,4338193,,Mohandiseen,MTA,,Yes
2026-08-30,٠٨:٤٧ م,4339211,,Mohandiseen,Jasson,,Yes
2026-08-30,٠٨:٤٧ م,4339333,,Mohandiseen,Speedo,,Yes
2026-08-30,٠٨:٤٧ م,4339334,,Shobra,Al Alamia,,Yes
2026-08-30,٠٨:٤٧ م,4339503,,Shobra,Al Alamia,,Yes
2026-08-30,٠٨:٤٧ م,4339573,,Hadayek el qobba,Top delivery,,No
2026-08-30,٠٨:٤٧ م,4339575,,Mohandiseen,el Dawlya,,Yes
2026-08-30,٠٨:٤٧ م,4339645,,Mohandiseen,Speedo,,Yes
2026-08-30,٠٨:٤٧ م,4339748,,Mohandiseen,MTA,,Yes
2026-08-30,٠٨:٤٧ م,4340739,,Hadayek el qobba,Stop Car,,Yes
2026-08-30,٠٨:٤٧ م,4341245,,Hadayek el qobba,Speedo,,Yes
2026-08-30,٠٨:٤٧ م,4343259,,Mohandiseen,El Tohami,,Yes
2026-08-30,٠٨:٤٧ م,4343291,,Mohandiseen,Team mh for Delivery,,No
2026-08-30,٠٨:٤٧ م,4343854,,Hadayek el qobba,Jasson,,Yes
2026-08-30,٠٨:٤٧ م,4344876,,Mohandiseen,MTA,,Yes
2026-08-30,٠٨:٤٧ م,4345299,,Shobra,Al Alamia,,Yes
2026-08-30,٠٨:٤٧ م,4345403,,Hadayek el qobba,BeCool,,Yes
2026-08-30,٠٨:٤٧ م,4345501,,Mohandiseen,Al Alamia,,No
2026-08-30,٠٨:٤٧ م,4345613,,Mohandiseen,Al Alamia,,Yes
2026-08-30,٠٨:٤٧ م,4347773,,Hadayek el qobba,Top delivery,,Yes
2026-08-30,٠٨:٤٧ م,4347777,,Mohandiseen,Speedo,,Yes
2026-08-30,٠٨:٤٧ م,4347939,,Mohandiseen,Tanta Car,,Yes
2026-08-30,٠٨:٤٧ م,4347989,,Hadayek el qobba,el Dawlya,,No
2026-08-30,٠٨:٤٧ م,4348519,,Mohandiseen,Jasson,,Yes
2026-08-30,٠٨:٤٧ م,4348742,,Mohandiseen,Jasson,,Yes
2026-08-30,٠٨:٤٧ م,4349602,,Shobra,El Abtal,,No
2026-08-30,٠٨:٤٧ م,4349716,,Mohandiseen,MTA,,No
2026-08-30,٠٨:٤٧ م,4350434,,Mohandiseen,MTA,,No
2026-08-30,٠٨:٤٧ م,4351000,,Mohandiseen,Full Speed,,No
2026-08-30,٠٨:٤٧ م,4351988,,Shobra,Speedo,,Yes
2026-08-30,٠٨:٤٧ م,4352022,,Mohandiseen,Speedo,,Yes
2026-08-30,٠٨:٤٧ م,4354018,,Mohandiseen,Team mh for Delivery,,Yes
2026-08-30,٠٨:٤٧ م,4355127,,Shobra,el Dawlya,,Yes
2026-08-30,٠٨:٤٧ م,4356108,,Shobra,Al Alamia,,No
2026-08-30,٠٨:٤٧ م,4359524,,Mohandiseen,El Tohami,,No
2026-08-30,٠٨:٤٧ م,4359573,,Mohandiseen,El Tohami,,Yes
2026-08-30,٠٨:٤٧ م,4359610,,Mohandiseen,Team mh for Delivery,,Yes
2026-08-30,٠٨:٤٧ م,4359697,,Mohandiseen,El Ezz,,Yes
2026-08-30,٠٨:٤٧ م,4360222,,Mohandiseen,Speedo,,No
2026-08-30,٠٨:٤٧ م,4360694,,Mohandiseen,Ebad El rahman,,No
2026-08-30,٠٨:٤٧ م,4361781,,Shobra,MTA,,Yes
2026-08-30,٠٨:٤٧ م,4361791,,Mohandiseen,MTA,,Yes
2026-08-30,٠٨:٤٧ م,4361832,,Mohandiseen,MTA,,Yes
2026-08-30,٠٨:٤٧ م,4362051,,Shobra,MTA,,Yes
2026-08-30,٠٨:٤٧ م,4362939,,Mohandiseen,Jasson,,Yes
2026-08-30,٠٨:٤٧ م,4362988,,Shobra,el Dawlya,,No
2026-08-30,٠٨:٤٧ م,4364067,,Mohandiseen,Apache,,No
2026-08-30,٠٨:٤٧ م,4364069,,Mohandiseen,Apache,,Yes
2026-08-30,٠٨:٤٧ م,4364131,,Hadayek el qobba,Full Speed,,Yes
2026-08-30,٠٨:٤٧ م,4365191,,Mohandiseen,Al Alamia,,No
2026-08-30,٠٨:٤٧ م,4365982,,Hadayek el qobba,El Abtal,,No
2026-08-30,٠٨:٤٧ م,4366474,,Shobra,Full Speed,,Yes
2026-08-30,٠٨:٤٧ م,4366481,,Hadayek el qobba,Team mh for Delivery,,Yes
2026-08-30,٠٨:٤٧ م,4368049,,Mohandiseen,Speedo,,Yes
2026-08-30,٠٨:٤٧ م,4368095,,Mohandiseen,el Dawlya,,Yes
2026-08-30,٠٨:٤٧ م,4368933,,Mohandiseen,el Dawlya,,Yes
2026-08-30,٠٨:٤٧ م,4368953,,Hadayek el qobba,MTA,,Yes
2026-08-30,٠٨:٤٧ م,4368976,,Mohandiseen,MTA,,Yes
2026-08-30,٠٨:٤٧ م,4369079,,Mohandiseen,Super Speed,,Yes
2026-08-30,٠٨:٤٧ م,4369156,,Mohandiseen,MTA,,Yes
2026-08-30,٠٨:٤٧ م,4369256,,Mohandiseen,MTA,,No
2026-08-30,٠٨:٤٧ م,4369587,,Mohandiseen,Stop Car,,Yes
2026-08-30,٠٨:٤٧ م,4370382,,Mohandiseen,Speedo,,No
2026-08-30,٠٨:٤٧ م,4370399,,Mohandiseen,Al Alamia,,Yes
2026-08-30,٠٨:٤٧ م,4370411,,Mohandiseen,Team mh for Delivery,,Yes
2026-08-30,٠٨:٤٧ م,4370499,,Mohandiseen,El Abtal,,Yes
2026-08-30,٠٨:٤٧ م,4370668,,Mohandiseen,El Abtal,,Yes
2026-08-30,٠٨:٤٧ م,4370891,,Mohandiseen,Speedo,,Yes
2026-08-30,٠٨:٤٧ م,4371225,,Shobra,Jasson,,Yes
2026-08-30,٠٨:٤٧ م,4372568,,Hadayek el qobba,El Abtal,,No
2026-08-30,٠٨:٤٧ م,4372697,,Mohandiseen,Apache,,Yes
2026-08-30,٠٨:٤٧ م,4372840,,Shobra,Full Speed,,No
2026-08-30,٠٨:٤٧ م,4372861,,Hadayek el qobba,Stop Car,,No
2026-08-30,٠٨:٤٧ م,4372914,,Mohandiseen,Jasson,,No
2026-08-30,٠٨:٤٧ م,4372937,,Mohandiseen,Full Speed,,Yes
2026-08-30,٠٨:٤٧ م,4372948,,Mohandiseen,Team mh for Delivery,,Yes
2026-08-30,٠٨:٤٧ م,4373028,,Hadayek el qobba,Top delivery,,No
2026-08-30,٠٨:٤٧ م,4373044,,Mohandiseen,Top delivery,,Yes
2026-08-30,٠٨:٤٧ م,4374422,,Shobra,MTA,,Yes
2026-08-30,٠٨:٤٧ م,4375616,,Mohandiseen,Al Alamia,,No
2026-08-30,٠٨:٤٧ م,4375637,,Mohandiseen,Speedo,,Yes
2026-08-30,٠٨:٤٧ م,4376659,,Hadayek el qobba,MTA,,No
2026-08-30,٠٨:٤٧ م,4378531,,Mohandiseen,Ebad El rahman,,Yes
2026-08-30,٠٨:٤٧ م,4380254,,Mohandiseen,El Tohami,,Yes
2026-08-30,٠٨:٤٧ م,4380382,,Hadayek el qobba,Top delivery,,Yes
2026-08-30,٠٨:٤٧ م,4380821,,Hadayek el qobba,Top delivery,,No
2026-08-30,٠٨:٤٧ م,4382187,,Mohandiseen,Ebad El rahman,,Yes
2026-08-30,٠٨:٤٧ م,4382332,,Mohandiseen,Ebad El rahman,,No
2026-08-30,٠٨:٤٧ م,4383069,,Mohandiseen,El Abtal,,Yes
2026-08-30,٠٨:٤٧ م,4385076,,Shobra,Speedo,,Yes
2026-08-30,٠٨:٤٧ م,4385478,,Mohandiseen,Speedo,,No
2026-08-30,٠٨:٤٧ م,4385646,,Hadayek el qobba,Jasson,,Yes
2026-08-30,٠٨:٤٧ م,4385799,,Mohandiseen,El Abtal,,No
2026-08-30,٠٨:٤٧ م,4385849,,Mohandiseen,Al Alamia,,Yes
2026-08-30,٠٨:٤٧ م,4386273,,Mohandiseen,Ready,,Yes
2026-08-30,٠٨:٤٧ م,4386484,,Mohandiseen,Team mh for Delivery,,Yes
2026-08-30,٠٨:٤٧ م,4386592,,Mohandiseen,MR Delivery,,No
2026-08-30,٠٨:٤٧ م,4387665,,Mohandiseen,Al Alamia,,Yes
2026-08-30,٠٨:٤٧ م,4387708,,Hadayek el qobba,Al Alamia,,Yes
2026-08-30,٠٨:٤٧ م,4387891,,Mohandiseen,Speedo,,No
2026-08-30,٠٨:٤٧ م,4387999,,Mohandiseen,el Dawlya,,Yes
2026-08-30,٠٨:٤٧ م,4390629,,Shobra,El Tohami,,No
2026-08-30,٠٨:٤٧ م,4391664,,Mohandiseen,Team mh for Delivery,,Yes
2026-08-30,٠٨:٤٧ م,4392036,,Mohandiseen,Team mh for Delivery,,No
2026-08-30,٠٨:٤٧ م,4392122,,Shobra,MTA,,Yes
2026-08-30,٠٨:٤٧ م,4393147,,Shobra,Al Alamia,,Yes
2026-08-30,٠٨:٤٧ م,4393169,,Mohandiseen,Speedo,,Yes
2026-08-30,٠٨:٤٧ م,4393176,,Mohandiseen,Al Alamia,,No
2026-08-30,٠٨:٤٧ م,4393187,,Shobra,Al Alamia,,No
2026-08-30,٠٨:٤٧ م,4393254,,Mohandiseen,Speedo,,No
2026-08-30,٠٨:٤٧ م,4393317,,Hadayek el qobba,BeCool,,Yes
2026-08-30,٠٨:٤٧ م,4393478,,Hadayek el qobba,Al Alamia,,Yes
2026-08-30,٠٨:٤٧ م,4393563,,Shobra,Team mh for Delivery,,No
2026-08-30,٠٨:٤٧ م,4393564,,Mohandiseen,Jasson,,Yes
2026-08-30,٠٨:٤٧ م,4393910,,Mohandiseen,MR Delivery,,Yes
2026-08-30,٠٨:٤٧ م,4394092,,Shobra,El Tohami,,Yes
2026-08-30,٠٨:٤٧ م,4394595,,Mohandiseen,Al Alamia,,No
2026-08-30,٠٨:٤٧ م,4396122,,Hadayek el qobba,Top delivery,,No
2026-08-30,٠٨:٤٧ م,4396899,,Mohandiseen,el Dawlya,,Yes
2026-08-30,٠٨:٤٧ م,4397543,,Mohandiseen,MTA,,No
2026-08-30,٠٨:٤٧ م,4397671,,Mohandiseen,Team mh for Delivery,,No
2026-08-30,٠٨:٤٧ م,4399647,,Hadayek el qobba,MTA,,Yes
2026-08-30,٠٨:٤٧ م,4399667,,Mohandiseen,Top delivery,,No
2026-08-30,٠٨:٤٧ م,4399746,,Mohandiseen,Ready,,Yes
2026-08-30,٠٨:٤٧ م,4399753,,Hadayek el qobba,BeCool,,Yes
2026-08-30,٠٨:٤٧ م,4399861,,Hadayek el qobba,MTA,,No
2026-08-30,٠٨:٤٧ م,4400215,,Mohandiseen,el Dawlya,,Yes
2026-08-30,٠٨:٤٧ م,4400306,,Hadayek el qobba,Al Alamia,,Yes
2026-08-30,٠٨:٤٧ م,4400647,,Shobra,Al Alamia,,No
2026-08-30,٠٨:٤٧ م,4401004,,Shobra,MTA,,Yes
2026-08-30,٠٨:٤٧ م,4401913,,Mohandiseen,Al Alamia,,Yes
2026-08-30,٠٨:٤٧ م,4402023,,Mohandiseen,El Abtal,,Yes
2026-08-30,٠٨:٤٧ م,4402953,,Hadayek el qobba,MTA,,Yes
2026-08-30,٠٨:٤٧ م,4403054,,Mohandiseen,El Abtal,,Yes
2026-08-30,٠٨:٤٧ م,4403694,,Hadayek el qobba,Full Speed,,No
2026-08-30,٠٨:٤٧ م,4404319,,Hadayek el qobba,el Dawlya,,No
2026-08-30,٠٨:٤٧ م,4404333,,Mohandiseen,el Dawlya,,No
2026-08-30,٠٨:٤٧ م,4404839,,Mohandiseen,Al Alamia,,Yes
2026-08-30,٠٨:٤٧ م,4405869,,Mohandiseen,Team mh for Delivery,,No
2026-08-30,٠٨:٤٧ م,4405941,,Hadayek el qobba,Team mh for Delivery,,Yes
2026-08-30,٠٨:٤٧ م,4406116,,Mohandiseen,Full Speed,,Yes
2026-08-30,٠٨:٤٧ م,4406306,,Shobra,El Abtal,,No
2026-08-30,٠٨:٤٧ م,4406327,,Hadayek el qobba,el Dawlya,,Yes
2026-08-30,٠٨:٤٧ م,4406359,,Mohandiseen,Ebad El rahman,,Yes
2026-08-30,٠٨:٤٧ م,4406408,,Mohandiseen,El Tohami,,No
2026-08-30,٠٨:٤٧ م,4406635,,Shobra,Speedo,,No
2026-08-30,٠٨:٤٧ م,4406676,,Hadayek el qobba,el Dawlya,,No
2026-08-30,٠٨:٤٧ م,4406830,,Mohandiseen,Ready,,No
2026-08-30,٠٨:٤٧ م,4407138,,Hadayek el qobba,BeCool,,Yes
2026-08-30,٠٨:٤٧ م,4407144,,Mohandiseen,BeCool,,Yes
2026-08-30,٠٨:٤٧ م,4407208,,Mohandiseen,Speedo,,No
2026-08-30,٠٨:٤٧ م,4407366,,Mohandiseen,Speedo,,No
2026-08-30,٠٨:٤٧ م,4407716,,Hadayek el qobba,el Dawlya,,No
2026-08-30,٠٨:٤٧ م,4408697,,Mohandiseen,El Ezz,,Yes
2026-08-30,٠٨:٤٧ م,4408772,,Hadayek el qobba,Top delivery,,Yes
2026-08-30,٠٨:٤٧ م,4408788,,Hadayek el qobba,Full Speed,,Yes
2026-08-30,٠٨:٤٧ م,4408871,,Mohandiseen,Ready,,Yes
2026-08-30,٠٨:٤٧ م,4409674,,Mohandiseen,Ebad El rahman,,Yes
2026-08-30,٠٨:٤٧ م,4409821,,Shobra,Speedo,,No
2026-08-30,٠٨:٤٧ م,4410344,,Shobra,MTA,,No
2026-08-30,٠٨:٤٧ م,4410479,,Hadayek el qobba,Top delivery,,No
2026-08-30,٠٨:٤٧ م,4410580,,Hadayek el qobba,Top delivery,,Yes
2026-08-30,٠٨:٤٧ م,4411779,,Shobra,El Abtal,,No
2026-08-30,٠٨:٤٧ م,4411811,,Hadayek el qobba,Jasson,,Yes
2026-08-30,٠٨:٤٧ م,4411856,,Mohandiseen,Al Alamia,,No
2026-08-30,٠٨:٤٧ م,4411892,,Mohandiseen,El Abtal,,Yes
2026-08-30,٠٨:٤٧ م,4412179,,Hadayek el qobba,Al Alamia,,Yes
2026-08-30,٠٨:٤٧ م,4412239,,Mohandiseen,el Dawlya,,Yes
2026-08-30,٠٨:٤٧ م,4412536,,Hadayek el qobba,el Dawlya,,No
2026-08-30,٠٨:٤٧ م,4414614,,Hadayek el qobba,MTA,,Yes
2026-08-30,٠٨:٤٧ م,4414926,,Mohandiseen,El Abtal,,Yes
2026-08-30,٠٨:٤٧ م,4415491,,Mohandiseen,Ready,,No
2026-08-30,٠٨:٤٧ م,4416230,,Mohandiseen,Ready,,Yes
2026-08-30,٠٨:٤٧ م,4417249,,Shobra,el Dawlya,,Yes
2026-08-30,٠٨:٤٧ م,4417437,,Mohandiseen,Ebad El rahman,,Yes
2026-08-30,٠٨:٤٧ م,4417507,,Mohandiseen,Ebad El rahman,,Yes
2026-08-30,٠٨:٤٧ م,4417554,,Mohandiseen,Tanta Car,,No
2026-08-30,٠٨:٤٧ م,4418564,,Hadayek el qobba,Stop Car,,No
2026-08-30,٠٨:٤٧ م,4420032,,Mohandiseen,MTA,,Yes
2026-08-30,٠٨:٤٧ م,4420130,,Mohandiseen,El Tohami,,Yes
2026-08-30,٠٨:٤٧ م,4420288,,Mohandiseen,Speedo,,No
2026-08-30,٠٨:٤٧ م,4420597,,Shobra,El Tohami,,No
2026-08-30,٠٨:٤٧ م,4420635,,Mohandiseen,El Abtal,,No
2026-08-30,٠٨:٤٧ م,4420647,,Hadayek el qobba,Top delivery,,Yes
2026-08-30,٠٨:٤٧ م,4426374,,Mohandiseen,El Ezz,,Yes
2026-08-30,٠٨:٤٧ م,4426452,,Mohandiseen,Team mh for Delivery,,Yes
2026-08-30,٠٨:٤٧ م,4426553,,Hadayek el qobba,Full Speed,,No
2026-08-30,٠٨:٤٧ م,4427380,,Hadayek el qobba,Team mh for Delivery,,No
2026-08-30,٠٨:٤٧ م,4427437,,Shobra,Al Alamia,,No
2026-08-30,٠٨:٤٧ م,4427492,,Shobra,Al Alamia,,No
2026-08-30,٠٨:٤٧ م,4427569,,Shobra,Al Alamia,,Yes
2026-08-30,٠٨:٤٧ م,4427753,,Hadayek el qobba,MTA,,Yes
2026-08-30,٠٨:٤٧ م,4428054,,Mohandiseen,Speedo,,No
2026-08-30,٠٨:٤٧ م,4428091,,Hadayek el qobba,Top delivery,,No
2026-08-30,٠٨:٤٧ م,4428117,,Mohandiseen,Ready,,Yes
2026-08-30,٠٨:٤٧ م,4428339,,Mohandiseen,Ebad El rahman,,No
2026-08-30,٠٨:٤٧ م,4428374,,Shobra,Al Alamia,,Yes
2026-08-30,٠٨:٤٧ م,4428889,,Hadayek el qobba,BeCool,,No
2026-08-30,٠٨:٤٧ م,4429373,,Shobra,MTA,,Yes
2026-08-30,٠٨:٤٧ م,4429619,,Mohandiseen,Speedo,,No
2026-08-30,٠٨:٤٧ م,4429875,,Mohandiseen,Super Speed,,No
2026-08-30,٠٨:٤٧ م,4431275,,Mohandiseen,el Dawlya,,Yes
2026-08-30,٠٨:٤٧ م,4431432,,Mohandiseen,Full Speed,,Yes
2026-08-30,٠٨:٤٧ م,4431868,,Mohandiseen,El Tohami,,No
2026-08-30,٠٨:٤٧ م,4432546,,Hadayek el qobba,Ebad El rahman,,Yes
2026-08-30,٠٨:٤٧ م,4434675,,Mohandiseen,Stop Car,,Yes
2026-08-30,٠٨:٤٧ م,4434801,,Mohandiseen,El Abtal,,Yes
2026-08-30,٠٨:٤٧ م,4436445,,Mohandiseen,Speedo,,No
2026-08-30,٠٨:٤٧ م,4436538,,Shobra,MTA,,No
2026-08-30,٠٨:٤٧ م,4437018,,Mohandiseen,Team mh for Delivery,,No
2026-08-30,٠٨:٤٧ م,4440972,,Mohandiseen,El Abtal,,Yes
2026-08-30,٠٨:٤٧ م,4441325,,Mohandiseen,Team mh for Delivery,,Yes
2026-08-30,٠٨:٤٧ م,4442042,,Hadayek el qobba,El Abtal,,Yes
2026-08-30,٠٨:٤٧ م,4443203,,Hadayek el qobba,Top delivery,,Yes
2026-08-30,٠٨:٤٧ م,4443274,,Mohandiseen,Team mh for Delivery,,No
2026-08-30,٠٨:٤٧ م,4443693,,Mohandiseen,Jasson,,Yes
2026-08-30,٠٨:٤٧ م,4445578,,Mohandiseen,Full Speed,,Yes
2026-08-30,٠٨:٤٧ م,4445656,,Mohandiseen,Team mh for Delivery,,Yes
2026-08-30,٠٨:٤٧ م,4445795,,Mohandiseen,Team mh for Delivery,,Yes
2026-08-30,٠٨:٤٧ م,4445989,,Shobra,Team mh for Delivery,,No
2026-08-30,٠٨:٤٧ م,4447149,,Hadayek el qobba,Speedo,,Yes
2026-08-30,٠٨:٤٧ م,4450292,,Shobra,Al Alamia,,Yes
2026-08-30,٠٨:٤٧ م,4450710,,Shobra,El Abtal,,Yes
2026-08-30,٠٨:٤٧ م,4450873,,Mohandiseen,Ebad El rahman,,No
2026-08-30,٠٨:٤٧ م,4452348,,Mohandiseen,El Abtal,,No
2026-08-30,٠٨:٤٧ م,4453739,,Shobra,Apache,,No
2026-08-30,٠٨:٤٧ م,4453745,,Hadayek el qobba,MTA,,No
2026-08-30,٠٨:٤٧ م,4453762,,Shobra,Ebad El rahman,,Yes
2026-08-30,٠٨:٤٧ م,4454218,,Hadayek el qobba,Stop Car,,No
2026-08-30,٠٨:٤٧ م,4454280,,Mohandiseen,Full Speed,,Yes
2026-08-30,٠٨:٤٧ م,4454523,,Mohandiseen,MTA,,No
2026-08-30,٠٨:٤٧ م,4455313,,Mohandiseen,El Tohami,,Yes
2026-08-30,٠٨:٤٧ م,4457254,,Mohandiseen,Apache,,Yes
2026-08-30,٠٨:٤٧ م,4457362,,Mohandiseen,MTA,,Yes
2026-08-30,٠٨:٤٧ م,4457614,,Hadayek el qobba,MTA,,Yes
2026-08-30,٠٨:٤٧ م,4457778,,Hadayek el qobba,Top delivery,,Yes
2026-08-30,٠٨:٤٧ م,4458012,,Hadayek el qobba,Top delivery,,No
2026-08-30,٠٨:٤٧ م,4459849,,Mohandiseen,BeCool,,Yes
2026-08-30,٠٨:٤٧ م,4459858,,Hadayek el qobba,Full Speed,,Yes
2026-08-30,٠٨:٤٧ م,4460117,,Shobra,Al Alamia,,No
2026-08-30,٠٨:٤٧ م,4460243,,Mohandiseen,Apache,,Yes
2026-08-30,٠٨:٤٧ م,4463382,,Mohandiseen,Speedo,,Yes
2026-08-30,٠٨:٤٧ م,4463514,,Mohandiseen,Team mh for Delivery,,Yes
2026-08-30,٠٨:٤٧ م,4463623,,Shobra,Speedo,,No
2026-08-30,٠٨:٤٧ م,4463980,,Mohandiseen,Apache,,No
2026-08-30,٠٨:٤٧ م,4463993,,Hadayek el qobba,Ready,,Yes
2026-08-30,٠٨:٤٧ م,4464062,,Shobra,Team mh for Delivery,,Yes
2026-08-30,٠٨:٤٧ م,4464309,,Shobra,Team mh for Delivery,,No
2026-08-30,٠٨:٤٧ م,4464955,,Shobra,Al Alamia,,Yes
2026-08-30,٠٨:٤٧ م,4465910,,Mohandiseen,Speedo,,Yes
2026-08-30,٠٨:٤٧ م,4467863,,Mohandiseen,Team mh for Delivery,,Yes
2026-08-30,٠٨:٤٧ م,4468010,,Mohandiseen,MTA,,Yes
2026-08-30,٠٨:٤٧ م,4468286,,Mohandiseen,El Abtal,,Yes
2026-08-30,٠٨:٤٧ م,4468841,,Mohandiseen,El Tohami,,Yes
2026-08-30,٠٨:٤٧ م,4469354,,Mohandiseen,Apache,,Yes
2026-08-30,٠٨:٤٧ م,4470226,,Hadayek el qobba,Team mh for Delivery,,Yes
2026-08-30,٠٨:٤٧ م,4471058,,Mohandiseen,Team mh for Delivery,,Yes
2026-08-30,٠٨:٤٧ م,4471502,,Hadayek el qobba,MTA,,Yes
2026-08-30,٠٨:٤٧ م,4471837,,Shobra,MTA,,Yes
2026-08-30,٠٨:٤٧ م,4471951,,Mohandiseen,Team mh for Delivery,,Yes
2026-08-30,٠٨:٤٧ م,4472202,,Shobra,Al Alamia,,No
2026-08-30,٠٨:٤٧ م,4472588,,Hadayek el qobba,MTA,,Yes
2026-08-30,٠٨:٤٧ م,4473638,,Shobra,Al Alamia,,No
2026-08-30,٠٨:٤٧ م,4473825,,Mohandiseen,Ebad El rahman,,No
2026-08-30,٠٨:٤٧ م,4474646,,Mohandiseen,Speedo,,Yes
2026-08-30,٠٨:٤٧ م,4474695,,Mohandiseen,El Abtal,,No
2026-08-30,٠٨:٤٧ م,4474716,,Hadayek el qobba,Al Alamia,,No
2026-08-30,٠٨:٤٧ م,4478842,,Hadayek el qobba,El Tohami,,No
2026-08-30,٠٨:٤٧ م,4478853,,Mohandiseen,Team mh for Delivery,,Yes
2026-08-30,٠٨:٤٧ م,4478873,,Hadayek el qobba,MTA,,No
2026-08-30,٠٨:٤٧ م,4478895,,Shobra,MTA,,Yes
2026-08-30,٠٨:٤٧ م,4478906,,Shobra,MTA,,Yes
2026-08-30,٠٨:٤٧ م,4479711,,Mohandiseen,Ready,,Yes
2026-08-30,٠٨:٤٧ م,4479758,,Mohandiseen,El Abtal,,Yes
2026-08-30,٠٨:٤٧ م,4479779,,Mohandiseen,Top delivery,,No
2026-08-30,٠٨:٤٧ م,4479832,,Mohandiseen,Speedo,,No
2026-08-30,٠٨:٤٧ م,4479850,,Mohandiseen,Al Alamia,,No
2026-08-30,٠٨:٤٧ م,4480770,,Mohandiseen,Speedo,,No
2026-08-30,٠٨:٤٧ م,4480987,,Shobra,Speedo,,No
2026-08-30,٠٨:٤٧ م,4481308,,Hadayek el qobba,MTA,,Yes
2026-08-30,٠٨:٤٧ م,4481594,,Shobra,El Tohami,,Yes
2026-08-30,٠٨:٤٧ م,4481888,,Shobra,Top delivery,,No
2026-08-30,٠٨:٤٧ م,4481894,,Mohandiseen,Speedo,,Yes
2026-08-30,٠٨:٤٧ م,4481900,,Mohandiseen,Speedo,,Yes
2026-08-30,٠٨:٤٧ م,4483153,,Hadayek el qobba,Al Alamia,,No
2026-08-30,٠٨:٤٧ م,4483260,,Shobra,el Dawlya,,Yes
2026-08-30,٠٨:٤٧ م,4483583,,Hadayek el qobba,MTA,,Yes
2026-08-30,٠٨:٤٧ م,4483673,,Hadayek el qobba,El Tohami,,No
2026-08-30,٠٨:٤٧ م,4483717,,Mohandiseen,Al Alamia,,Yes
2026-08-30,٠٨:٤٧ م,4483791,,Mohandiseen,El Abtal,,No
2026-08-30,٠٨:٤٧ م,4484380,,Mohandiseen,El Abtal,,Yes
2026-08-30,٠٨:٤٧ م,4486584,,Shobra,Speedo,,Yes
2026-08-30,٠٨:٤٧ م,4486804,,Mohandiseen,el Dawlya,,Yes
2026-08-30,٠٨:٤٧ م,4486974,,Hadayek el qobba,El Abtal,,No
2026-08-30,٠٨:٤٧ م,4487746,,Mohandiseen,Tanta Car,,Yes
2026-08-30,٠٨:٤٧ م,4488806,,Mohandiseen,Team mh for Delivery,,Yes
2026-08-30,٠٨:٤٧ م,4488851,,Shobra,Team mh for Delivery,,Yes
2026-08-30,٠٨:٤٧ م,4488853,,Mohandiseen,Speedo,,No
2026-08-30,٠٨:٤٧ م,4489352,,Shobra,Al Alamia,,Yes
2026-08-30,٠٨:٤٧ م,4491586,,Mohandiseen,Apache,,No
2026-08-30,٠٨:٤٧ م,4492305,,Shobra,Team mh for Delivery,,Yes
2026-08-30,٠٨:٤٧ م,4492323,,Mohandiseen,Speedo,,No
2026-08-30,٠٨:٤٧ م,4492400,,Mohandiseen,Speedo,,Yes
2026-08-30,٠٨:٤٧ م,4492434,,Mohandiseen,Al Alamia,,Yes
2026-08-30,٠٨:٤٧ م,4492449,,Mohandiseen,Speedo,,No
2026-08-30,٠٨:٤٧ م,4492569,,Mohandiseen,Al Alamia,,Yes
2026-08-30,٠٨:٤٧ م,4492601,,Mohandiseen,el Dawlya,,Yes
2026-08-30,٠٨:٤٧ م,4492783,,Hadayek el qobba,Top delivery,,Yes
2026-08-30,٠٨:٤٧ م,4493285,,Mohandiseen,Speedo,,No
2026-08-30,٠٨:٤٧ م,4494391,,Shobra,Jasson,,Yes
2026-08-30,٠٨:٤٧ م,4494411,,Mohandiseen,Team mh for Delivery,,No
2026-08-30,٠٨:٤٧ م,4494584,,Hadayek el qobba,Stop Car,,Yes
2026-08-30,٠٨:٤٧ م,4494650,,Mohandiseen,Ebad El rahman,,Yes
2026-08-30,٠٨:٤٧ م,4494860,,Mohandiseen,Super Speed,,Yes
2026-08-30,٠٨:٤٧ م,4495575,,Mohandiseen,Top delivery,,Yes
2026-08-30,٠٨:٤٧ م,4495577,,Hadayek el qobba,Jasson,,Yes
2026-08-30,٠٨:٤٧ م,4496969,,Shobra,Al Alamia,,Yes
2026-08-30,٠٨:٤٧ م,4497273,,Hadayek el qobba,Full Speed,,Yes
2026-08-30,٠٨:٤٧ م,4497367,,Mohandiseen,Speedo,,No
2026-08-30,٠٨:٤٧ م,4498197,,Mohandiseen,el Dawlya,,Yes
2026-08-30,٠٨:٤٧ م,4498208,,Shobra,El Abtal,,No
2026-08-30,٠٨:٤٧ م,4499176,,Hadayek el qobba,Top delivery,,No
2026-08-30,٠٨:٤٧ م,4499224,,Mohandiseen,Full Speed,,No
2026-08-30,٠٨:٤٧ م,4499462,,Shobra,MTA,,No
2026-08-30,٠٨:٤٧ م,4500234,,Mohandiseen,Full Speed,,No
2026-08-30,٠٨:٤٧ م,4501403,,Hadayek el qobba,Speedo,,Yes
2026-08-30,٠٨:٤٧ م,4501471,,Mohandiseen,Al Alamia,,Yes
2026-08-30,٠٨:٤٧ م,4501489,,Hadayek el qobba,el Dawlya,,No
2026-08-30,٠٨:٤٧ م,4502120,,Mohandiseen,Ebad El rahman,,Yes
2026-08-30,٠٨:٤٧ م,4503839,,Mohandiseen,Speedo,,Yes
2026-08-30,٠٨:٤٧ م,4504141,,Mohandiseen,Full Speed,,Yes
2026-08-30,٠٨:٤٧ م,4504889,,Mohandiseen,Jasson,,No
2026-08-30,٠٨:٤٧ م,4504895,,Shobra,Team mh for Delivery,,Yes
2026-08-30,٠٨:٤٧ م,4504910,,Mohandiseen,MTA,,Yes
2026-08-30,٠٨:٤٧ م,4504922,,Mohandiseen,Team mh for Delivery,,Yes
2026-08-30,٠٨:٤٧ م,4505081,,Hadayek el qobba,Speedo,,Yes
2026-08-30,٠٨:٤٧ م,4505232,,Mohandiseen,Ebad El rahman,,Yes
2026-08-30,٠٨:٤٧ م,4505237,,Shobra,MTA,,Yes
2026-08-30,٠٨:٤٧ م,4505405,,Hadayek el qobba,Jasson,,No
2026-08-30,٠٨:٤٧ م,4505861,,Mohandiseen,Team mh for Delivery,,Yes
2026-08-30,٠٨:٤٧ م,4506049,,Shobra,MTA,,No
2026-08-30,٠٨:٤٧ م,4507335,,Hadayek el qobba,Jasson,,Yes
2026-08-30,٠٨:٤٧ م,4507485,,Mohandiseen,El Tohami,,Yes
2026-08-30,٠٨:٤٧ م,4507951,,Shobra,Al Alamia,,No
2026-08-30,٠٨:٤٧ م,4508267,,Mohandiseen,Full Speed,,No
2026-08-30,٠٨:٤٧ م,4508810,,Shobra,El Ezz,,No
2026-08-30,٠٨:٤٧ م,4510634,,Mohandiseen,Full Speed,,No
2026-08-30,٠٨:٤٧ م,4511857,,Hadayek el qobba,Al Alamia,,Yes
2026-08-30,٠٨:٤٧ م,4512005,,Hadayek el qobba,el Dawlya,,No
2026-08-30,٠٨:٤٧ م,4512023,,Mohandiseen,Speedo,,Yes
2026-08-30,٠٨:٤٧ م,4513197,,Mohandiseen,El Tohami,,No
2026-08-30,٠٨:٤٧ م,4513419,,Mohandiseen,Apache,,Yes
2026-08-30,٠٨:٤٧ م,4517127,,Mohandiseen,El Ezz,,No
2026-08-30,٠٨:٤٧ م,4517871,,Mohandiseen,Al Alamia,,Yes
2026-08-30,٠٨:٤٧ م,4517934,,Hadayek el qobba,Al Alamia,,Yes
2026-08-30,٠٨:٤٧ م,4518192,,Shobra,MTA,,No
2026-08-30,٠٨:٤٧ م,4518204,,Shobra,Al Alamia,,No
2026-08-30,٠٨:٤٧ م,4518852,,Hadayek el qobba,MTA,,No
2026-08-30,٠٨:٤٧ م,4518993,,Mohandiseen,El Tohami,,No
2026-08-30,٠٨:٤٧ م,4519059,,Mohandiseen,Team mh for Delivery,,Yes
2026-08-30,٠٨:٤٧ م,4520492,,Mohandiseen,Speedo,,No
2026-08-30,٠٨:٤٧ م,4520564,,Mohandiseen,Speedo,,No
2026-08-30,٠٨:٤٧ م,4521795,,Shobra,Team mh for Delivery,,Yes
2026-08-30,٠٨:٤٧ م,4523383,,Mohandiseen,Ebad El rahman,,Yes
2026-08-30,٠٨:٤٧ م,4526075,,Shobra,El Abtal,,No
2026-08-30,٠٨:٤٧ م,4526076,,Mohandiseen,Tanta Car,,Yes
2026-08-30,٠٨:٤٧ م,4526080,,Mohandiseen,Al Alamia,,Yes
2026-08-30,٠٨:٤٧ م,4526235,,Mohandiseen,MTA,,No
2026-08-30,٠٨:٤٧ م,4526302,,Mohandiseen,Super Speed,,Yes
2026-08-30,٠٨:٤٧ م,4530193,,Mohandiseen,Ready,,Yes
2026-08-30,٠٨:٤٧ م,4530331,,Mohandiseen,Ready,,Yes
2026-08-30,٠٨:٤٧ م,4530659,,Mohandiseen,Full Speed,,No
2026-08-30,٠٨:٤٧ م,4530725,,Hadayek el qobba,Full Speed,,Yes
2026-08-30,٠٨:٤٧ م,4530732,,Mohandiseen,El Abtal,,No
2026-08-30,٠٨:٤٧ م,4531832,,Mohandiseen,Apache,,Yes
2026-08-30,٠٨:٤٧ م,4532061,,Mohandiseen,Speedo,,No
2026-08-30,٠٨:٤٧ م,4532433,,Mohandiseen,Team mh for Delivery,,No
2026-08-30,٠٨:٤٧ م,4532706,,Mohandiseen,Team mh for Delivery,,Yes
2026-08-30,٠٨:٤٧ م,4533777,,Shobra,El Abtal,,Yes
2026-08-30,٠٨:٤٧ م,4533817,,Hadayek el qobba,BeCool,,Yes
2026-08-30,٠٨:٤٧ م,4537845,,Mohandiseen,Apache,,No
2026-08-30,٠٨:٤٧ م,4537854,,Mohandiseen,el Dawlya,,No
2026-08-30,٠٨:٤٧ م,4537859,,Mohandiseen,Team mh for Delivery,,No
2026-08-30,٠٨:٤٧ م,4538302,,Mohandiseen,Speedo,,Yes
2026-08-30,٠٨:٤٧ م,4540125,,Mohandiseen,Apache,,Yes
2026-08-30,٠٨:٤٧ م,4540175,,Mohandiseen,El Ezz,,No
2026-08-30,٠٨:٤٧ م,4540300,,Hadayek el qobba,MTA,,No
2026-08-30,٠٨:٤٧ م,4541026,,Mohandiseen,Tanta Car,,Yes
2026-08-30,٠٨:٤٧ م,4541136,,Mohandiseen,el Dawlya,,Yes
2026-08-30,٠٨:٤٧ م,4541512,,Hadayek el qobba,Stop Car,,No
2026-08-30,٠٨:٤٧ م,4541634,,Mohandiseen,Speedo,,Yes
2026-08-30,٠٨:٤٧ م,4541669,,Shobra,Team mh for Delivery,,Yes
2026-08-30,٠٨:٤٧ م,4541800,,Hadayek el qobba,Stop Car,,Yes
2026-08-30,٠٨:٤٧ م,4541817,,Hadayek el qobba,Stop Car,,Yes
2026-08-30,٠٨:٤٧ م,4541832,,Hadayek el qobba,Team mh for Delivery,,Yes
2026-08-30,٠٨:٤٧ م,4541883,,Mohandiseen,Full Speed,,Yes
2026-08-30,٠٨:٤٧ م,4542042,,Hadayek el qobba,Top delivery,,No
2026-08-30,٠٨:٤٧ م,4542775,,Mohandiseen,El Abtal,,Yes
2026-08-30,٠٨:٤٧ م,4542935,,Mohandiseen,El Abtal,,Yes
2026-08-30,٠٨:٤٧ م,4544122,,Hadayek el qobba,MTA,,Yes
2026-08-30,٠٨:٤٧ م,4544361,,Hadayek el qobba,MTA,,Yes
2026-08-30,٠٨:٤٧ م,4545703,,Hadayek el qobba,Al Alamia,,Yes
2026-08-30,٠٨:٤٧ م,4547060,,Mohandiseen,Team mh for Delivery,,Yes
2026-08-30,٠٨:٤٧ م,4548500,,Shobra,MTA,,Yes
2026-08-30,٠٨:٤٧ م,4548521,,Hadayek el qobba,Top delivery,,No
2026-08-30,٠٨:٤٧ م,4548564,,Mohandiseen,BeCool,,No
2026-08-30,٠٨:٤٧ م,4548609,,Mohandiseen,Al Alamia,,Yes
2026-08-30,٠٨:٤٧ م,4548918,,Hadayek el qobba,Team mh for Delivery,,No
2026-08-30,٠٨:٤٧ م,4551009,,Hadayek el qobba,El Abtal,,Yes
2026-08-30,٠٨:٤٧ م,4551326,,Mohandiseen,MR Delivery,,Yes
2026-08-30,٠٨:٤٧ م,4551391,,Mohandiseen,Ebad El rahman,,Yes
2026-08-30,٠٨:٤٧ م,4551438,,Shobra,Speedo,,No
2026-08-30,٠٨:٤٧ م,4551910,,Mohandiseen,Apache,,Yes
2026-08-30,٠٨:٤٧ م,4552546,,Mohandiseen,Team mh for Delivery,,Yes
2026-08-30,٠٨:٤٧ م,4553280,,Shobra,El Abtal,,Yes
2026-08-30,٠٨:٤٧ م,4553799,,Mohandiseen,El Abtal,,Yes
2026-08-30,٠٨:٤٧ م,4553902,,Mohandiseen,El Abtal,,No
2026-08-30,٠٨:٤٧ م,4553909,,Mohandiseen,Jasson,,Yes
2026-08-30,٠٨:٤٧ م,4555460,,Mohandiseen,Tanta Car,,Yes
2026-08-30,٠٨:٤٧ م,4555626,,Mohandiseen,Top delivery,,Yes
2026-08-30,٠٨:٤٧ م,4555644,,Hadayek el qobba,El Tohami,,No
2026-08-30,٠٨:٤٧ م,4556120,,Mohandiseen,Ready,,Yes
2026-08-30,٠٨:٤٧ م,4556126,,Mohandiseen,El Abtal,,No
2026-08-30,٠٨:٤٧ م,4556154,,Shobra,Al Alamia,,No
2026-08-30,٠٨:٤٧ م,4556171,,Mohandiseen,Jasson,,No
2026-08-30,٠٨:٤٧ م,4556174,,Mohandiseen,el Dawlya,,Yes
2026-08-30,٠٨:٤٧ م,4556217,,Mohandiseen,Speedo,,No
2026-08-30,٠٨:٤٧ م,4556287,,Mohandiseen,Speedo,,No
2026-08-30,٠٨:٤٧ م,4556526,,Shobra,Al Alamia,,No
2026-08-30,٠٨:٤٧ م,4558652,,Mohandiseen,Team mh for Delivery,,Yes
2026-08-30,٠٨:٤٧ م,4559188,,Mohandiseen,MTA,,Yes
2026-08-30,٠٨:٤٧ م,4559402,,Mohandiseen,Speedo,,Yes
2026-08-30,٠٨:٤٧ م,4559724,,Mohandiseen,Tanta Car,,Yes
2026-08-30,٠٨:٤٧ م,4559897,,Mohandiseen,Ebad El rahman,,Yes
2026-08-30,٠٨:٤٧ م,4559915,,Mohandiseen,El Abtal,,Yes
2026-08-30,٠٨:٤٧ م,4560012,,Shobra,Al Alamia,,Yes
2026-08-30,٠٨:٤٧ م,4562521,,Mohandiseen,MTA,,No
2026-08-30,٠٨:٤٧ م,4562861,,Hadayek el qobba,El Abtal,,Yes
2026-08-30,٠٨:٤٧ م,4563979,,Mohandiseen,Top delivery,,Yes
2026-08-30,٠٨:٤٧ م,4564796,,Hadayek el qobba,Full Speed,,Yes
2026-08-30,٠٨:٤٧ م,4565021,,Mohandiseen,Ready,,No
2026-08-30,٠٨:٤٧ م,4565025,,Mohandiseen,Super Speed,,No
2026-08-30,٠٨:٤٧ م,4565122,,Mohandiseen,Speedo,,No
2026-08-30,٠٨:٤٧ م,4565136,,Hadayek el qobba,MTA,,No
2026-08-30,٠٨:٤٧ م,4565149,,Mohandiseen,Tanta Car,,No
2026-08-30,٠٨:٤٧ م,4565185,,Shobra,Team mh for Delivery,,Yes
2026-08-30,٠٨:٤٧ م,4565334,,Mohandiseen,Tanta Car,,No
2026-08-30,٠٨:٤٧ م,4565350,,Mohandiseen,Speedo,,Yes
2026-08-30,٠٨:٤٧ م,4565671,,Mohandiseen,Speedo,,Yes
2026-08-30,٠٨:٤٧ م,4565689,,Mohandiseen,El Tohami,,Yes
2026-08-30,٠٨:٤٧ م,4567379,,Mohandiseen,Speedo,,No
2026-08-30,٠٨:٤٧ م,4567472,,Mohandiseen,Al Alamia,,No
2026-08-30,٠٨:٤٧ م,4567476,,Mohandiseen,Team mh for Delivery,,Yes
2026-08-30,٠٨:٤٧ م,4567486,,Mohandiseen,Al Alamia,,Yes
2026-08-30,٠٨:٤٧ م,4567664,,Mohandiseen,Speedo,,Yes
2026-08-30,٠٨:٤٧ م,4567756,,Mohandiseen,el Dawlya,,No
2026-08-30,٠٨:٤٧ م,4567773,,Mohandiseen,El Abtal,,Yes
2026-08-30,٠٨:٤٧ م,4567821,,Hadayek el qobba,Al Alamia,,No
2026-08-30,٠٨:٤٧ م,4567868,,Mohandiseen,el Dawlya,,Yes
2026-08-30,٠٨:٤٧ م,4567992,,Mohandiseen,Full Speed,,Yes
2026-08-30,٠٨:٤٧ م,4568059,,Mohandiseen,Team mh for Delivery,,Yes
2026-08-30,٠٨:٤٧ م,4568172,,Mohandiseen,Apache,,Yes
2026-08-30,٠٨:٤٧ م,4568258,,Mohandiseen,El Abtal,,Yes
2026-08-30,٠٨:٤٧ م,4568308,,Mohandiseen,Full Speed,,Yes
2026-08-30,٠٨:٤٧ م,4568617,,Mohandiseen,Ebad El rahman,,Yes
2026-08-30,٠٨:٤٧ م,4569208,,Mohandiseen,MTA,,No
2026-08-30,٠٨:٤٧ م,4569255,,Mohandiseen,Speedo,,No
2026-08-30,٠٨:٤٧ م,4569709,,Mohandiseen,MTA,,Yes
2026-08-30,٠٨:٤٧ م,4569743,,Mohandiseen,Speedo,,No
2026-08-30,٠٨:٤٧ م,4569849,,Mohandiseen,Speedo,,Yes
2026-08-30,٠٨:٤٧ م,4569879,,Mohandiseen,Ebad El rahman,,No
2026-08-30,٠٨:٤٧ م,4569889,,Mohandiseen,Ebad El rahman,,No
2026-08-30,٠٨:٤٧ م,4573002,,Mohandiseen,Al Alamia,,No
2026-08-30,٠٨:٤٧ م,4573503,,Mohandiseen,Team mh for Delivery,,Yes
2026-08-30,٠٨:٤٧ م,4573566,,Shobra,Apache,,No
2026-08-30,٠٨:٤٧ م,4573719,,Hadayek el qobba,Al Alamia,,No
2026-08-30,٠٨:٤٧ م,4573775,,Mohandiseen,MTA,,Yes
2026-08-30,٠٨:٤٧ م,4573860,,Mohandiseen,El Tohami,,No
2026-08-30,٠٨:٤٧ م,4574857,,Mohandiseen,Speedo,,Yes
2026-08-30,٠٨:٤٧ م,4575042,,Mohandiseen,Tanta Car,,Yes
2026-08-30,٠٨:٤٧ م,4576051,,Mohandiseen,MTA,,Yes
2026-08-30,٠٨:٤٧ م,4576069,,Hadayek el qobba,MTA,,Yes
2026-08-30,٠٨:٤٧ م,4576127,,Mohandiseen,MTA,,Yes
2026-08-30,٠٨:٤٧ م,4576248,,Mohandiseen,MTA,,Yes
2026-08-30,٠٨:٤٧ م,4576269,,Mohandiseen,Full Speed,,Yes
2026-08-30,٠٨:٤٧ م,4576372,,Mohandiseen,Apache,,Yes
2026-08-30,٠٨:٤٧ م,4576376,,Mohandiseen,Team mh for Delivery,,No
2026-08-30,٠٨:٤٧ م,4576435,,Mohandiseen,MTA,,Yes
2026-08-30,٠٨:٤٧ م,4577144,,Mohandiseen,Speedo,,Yes
2026-08-30,٠٨:٤٧ م,4577362,,Mohandiseen,Tanta Car,,No
2026-08-30,٠٨:٤٧ م,4577478,,Mohandiseen,El Abtal,,No
2026-08-30,٠٨:٤٧ م,4577835,,Mohandiseen,MTA,,Yes
2026-08-30,٠٨:٤٧ م,4578354,,Mohandiseen,Apache,,No
2026-08-30,٠٨:٤٧ م,4578576,,Shobra,Al Alamia,,Yes
2026-08-30,٠٨:٤٧ م,4578617,,Mohandiseen,Team mh for Delivery,,Yes
2026-08-30,٠٨:٤٧ م,4578661,,Mohandiseen,Team mh for Delivery,,Yes
2026-08-30,٠٨:٤٧ م,4578723,,Hadayek el qobba,Al Alamia,,Yes
2026-08-30,٠٨:٤٧ م,4578730,,Shobra,Al Alamia,,Yes
2026-08-30,٠٨:٤٧ م,4578785,,Mohandiseen,Top delivery,,Yes
2026-08-30,٠٨:٤٧ م,4578791,,Mohandiseen,Ebad El rahman,,Yes
2026-08-30,٠٨:٤٧ م,4578809,,Shobra,Al Alamia,,Yes
2026-08-30,٠٨:٤٧ م,4578835,,Hadayek el qobba,Top delivery,,Yes
2026-08-30,٠٨:٤٧ م,4579091,,Mohandiseen,El Abtal,,No
2026-08-30,٠٨:٤٧ م,4579886,,Mohandiseen,El Abtal,,No
2026-08-30,٠٨:٤٧ م,4579956,,Shobra,Team mh for Delivery,,Yes
2026-08-30,٠٨:٤٧ م,4580985,,Hadayek el qobba,Al Alamia,,Yes
2026-08-30,٠٨:٤٧ م,4581016,,Hadayek el qobba,Full Speed,,No
2026-08-30,٠٨:٤٧ م,4581021,,Mohandiseen,MTA,,No
2026-08-30,٠٨:٤٧ م,4581056,,Mohandiseen,El Abtal,,Yes
2026-08-30,٠٨:٤٧ م,4581058,,Shobra,El Tohami,,No
2026-08-30,٠٨:٤٧ م,4581075,,Mohandiseen,Speedo,,No
2026-08-30,٠٨:٤٧ م,4581324,,Mohandiseen,el Dawlya,,No
2026-08-30,٠٨:٤٧ م,4581440,,Mohandiseen,Full Speed,,Yes
2026-08-30,٠٨:٤٧ م,4584087,,Hadayek el qobba,El Tohami,,Yes
2026-08-30,٠٨:٤٧ م,4584180,,Hadayek el qobba,El Tohami,,Yes
2026-08-30,٠٨:٤٧ م,4584255,,Mohandiseen,Speedo,,Yes
2026-08-30,٠٨:٤٧ م,4584313,,Hadayek el qobba,El Tohami,,Yes
2026-08-30,٠٨:٤٧ م,4584326,,Mohandiseen,Speedo,,No
2026-08-30,٠٨:٤٧ م,4584367,,Hadayek el qobba,MTA,,Yes
2026-08-30,٠٨:٤٧ م,4584960,,Shobra,el Dawlya,,Yes
2026-08-30,٠٨:٤٧ م,4584993,,Shobra,Al Alamia,,No
2026-08-30,٠٨:٤٧ م,4585561,,Shobra,Speedo,,No
2026-08-30,٠٨:٤٧ م,4587818,,Mohandiseen,El Tohami,,No
2026-08-30,٠٨:٤٧ م,4587838,,Mohandiseen,El Tohami,,Yes
2026-08-30,٠٨:٤٧ م,4587858,,Mohandiseen,El Ezz,,Yes
2026-08-30,٠٨:٤٧ م,4588036,,Mohandiseen,MTA,,Yes
2026-08-30,٠٨:٤٧ م,4588679,,Mohandiseen,Top delivery,,Yes
2026-08-30,٠٨:٤٧ م,4588690,,Mohandiseen,Speedo,,Yes
2026-08-30,٠٨:٤٧ م,4588757,,Hadayek el qobba,Al Alamia,,No
2026-08-30,٠٨:٤٧ م,4588758,,Mohandiseen,Speedo,,Yes
2026-08-30,٠٨:٤٧ م,4588790,,Hadayek el qobba,Al Alamia,,Yes
2026-08-30,٠٨:٤٧ م,4588969,,Mohandiseen,Speedo,,Yes
2026-08-30,٠٨:٤٧ م,4590108,,Shobra,Top delivery,,Yes
2026-08-30,٠٨:٤٧ م,4590134,,Mohandiseen,Super Speed,,Yes
2026-08-30,٠٨:٤٧ م,4591538,,Mohandiseen,El Abtal,,No
2026-08-30,٠٨:٤٧ م,4591620,,Mohandiseen,Speedo,,No
2026-08-30,٠٨:٤٧ م,4591787,,Hadayek el qobba,Jasson,,No
2026-08-30,٠٨:٤٧ م,4592315,,Mohandiseen,Speedo,,Yes
2026-08-30,٠٨:٤٧ م,4592513,,Mohandiseen,El Abtal,,No
2026-08-30,٠٨:٤٧ م,4593380,,Mohandiseen,El Abtal,,No
2026-08-30,٠٨:٤٧ م,4594500,,Hadayek el qobba,Top delivery,,Yes
2026-08-30,٠٨:٤٧ م,4594633,,Mohandiseen,Al Alamia,,Yes
2026-08-30,٠٨:٤٧ م,4595329,,Mohandiseen,El Ezz,,No
2026-08-30,٠٨:٤٧ م,4595734,,Mohandiseen,Al Alamia,,Yes
2026-08-30,٠٨:٤٧ م,4595748,,Mohandiseen,Speedo,,Yes
2026-08-30,٠٨:٤٧ م,4595983,,Shobra,MTA,,Yes
2026-08-30,٠٨:٤٧ م,4598629,,Hadayek el qobba,Top delivery,,Yes
2026-08-30,٠٨:٤٧ م,4598704,,Mohandiseen,Team mh for Delivery,,No
2026-08-30,٠٨:٤٧ م,4598842,,Hadayek el qobba,MTA,,Yes
2026-08-30,٠٨:٤٧ م,4598893,,Hadayek el qobba,Team mh for Delivery,,No
2026-08-30,٠٨:٤٧ م,4599040,,Mohandiseen,MTA,,Yes
2026-08-30,٠٨:٤٧ م,4599600,,Mohandiseen,Ebad El rahman,,Yes
2026-08-30,٠٨:٤٧ م,4599630,,Hadayek el qobba,Speedo,,Yes
2026-08-30,٠٨:٤٧ م,4599690,,Mohandiseen,Al Alamia,,No
2026-08-30,٠٨:٤٧ م,4599727,,Hadayek el qobba,Team mh for Delivery,,Yes
2026-08-30,٠٨:٤٧ م,4599753,,Mohandiseen,Speedo,,Yes
2026-08-30,٠٨:٤٧ م,4599942,,Shobra,Al Alamia,,Yes
2026-08-30,٠٨:٤٧ م,4600020,,Mohandiseen,Al Alamia,,No
2026-08-30,٠٨:٤٧ م,4600034,,Shobra,Ebad El rahman,,No
2026-08-30,٠٨:٤٧ م,4600671,,Mohandiseen,Ebad El rahman,,Yes
2026-08-30,٠٨:٤٧ م,4601465,,Hadayek el qobba,Top delivery,,No
2026-08-30,٠٨:٤٧ م,4601547,,Mohandiseen,Tanta Car,,Yes
2026-08-30,٠٨:٤٧ م,4601873,,Mohandiseen,MTA,,Yes
2026-08-30,٠٨:٤٧ م,4602542,,Mohandiseen,Speedo,,No
2026-08-30,٠٨:٤٧ م,4602597,,Mohandiseen,Full Speed,,No
2026-08-30,٠٨:٤٧ م,4602615,,Mohandiseen,el Dawlya,,Yes
2026-08-30,٠٨:٤٧ م,4602643,,Shobra,el Dawlya,,Yes
2026-08-30,٠٨:٤٧ م,4602890,,Mohandiseen,El Abtal,,Yes
2026-08-30,٠٨:٤٧ م,4602914,,Mohandiseen,Speedo,,Yes
2026-08-30,٠٨:٤٧ م,4603785,,Mohandiseen,Speedo,,No
2026-08-30,٠٨:٤٧ م,4604019,,Mohandiseen,Speedo,,Yes
2026-08-30,٠٨:٤٧ م,4604022,,Mohandiseen,Al Alamia,,No
2026-08-30,٠٨:٤٧ م,4604078,,Mohandiseen,Tanta Car,,No
2026-08-30,٠٨:٤٧ م,4604138,,Shobra,MTA,,Yes
2026-08-30,٠٨:٤٧ م,4604217,,Mohandiseen,Ebad El rahman,,Yes
2026-08-30,٠٨:٤٧ م,4605139,,Shobra,Ebad El rahman,,Yes
2026-08-30,٠٨:٤٧ م,4606073,,Hadayek el qobba,Full Speed,,No
2026-08-30,٠٨:٤٧ م,4606096,,Hadayek el qobba,Top delivery,,Yes
2026-08-30,٠٨:٤٧ م,4606129,,Hadayek el qobba,Top delivery,,No
2026-08-30,٠٨:٤٧ م,4606186,,Shobra,MTA,,No
2026-08-30,٠٨:٤٧ م,4606287,,Shobra,Ebad El rahman,,Yes
2026-08-30,٠٨:٤٧ م,4606386,,Mohandiseen,BeCool,,Yes
2026-08-30,٠٨:٤٧ م,4606703,,Mohandiseen,Ebad El rahman,,Yes
2026-08-30,٠٨:٤٧ م,4608606,,Mohandiseen,Tanta Car,,Yes
2026-08-30,٠٨:٤٧ م,4608655,,Mohandiseen,Tanta Car,,Yes
2026-08-30,٠٨:٤٧ م,4609519,,Mohandiseen,Al Alamia,,Yes
2026-08-30,٠٨:٤٧ م,4609554,,Shobra,Al Alamia,,No
2026-08-30,٠٨:٤٧ م,4610790,,Mohandiseen,Team mh for Delivery,,Yes
2026-08-30,٠٨:٤٧ م,4610957,,Hadayek el qobba,El Abtal,,Yes
2026-08-30,٠٨:٤٧ م,4611030,,Mohandiseen,Ebad El rahman,,Yes
2026-08-30,٠٨:٤٧ م,4611512,,Mohandiseen,Speedo,,No
2026-08-30,٠٨:٤٧ م,4611573,,Hadayek el qobba,Jasson,,No
2026-08-30,٠٨:٤٧ م,4611745,,Hadayek el qobba,El Tohami,,No
2026-08-30,٠٨:٤٧ م,4612753,,Shobra,Speedo,,No
2026-08-30,٠٨:٤٧ م,4612922,,Mohandiseen,El Ezz,,Yes
2026-08-30,٠٨:٤٧ م,4612961,,Shobra,Full Speed,,Yes
2026-08-30,٠٨:٤٧ م,4613002,,Mohandiseen,El Ezz,,Yes
2026-08-30,٠٨:٤٧ م,4613569,,Mohandiseen,MTA,,Yes
2026-08-30,٠٨:٤٧ م,4613692,,Mohandiseen,Top delivery,,Yes
2026-08-30,٠٨:٤٧ م,4613743,,Shobra,Team mh for Delivery,,Yes
2026-08-30,٠٨:٤٧ م,4613765,,Hadayek el qobba,MTA,,No
2026-08-30,٠٨:٤٧ م,4613773,,Mohandiseen,Noot,,No
2026-08-30,٠٨:٤٧ م,4613789,,Mohandiseen,Team mh for Delivery,,Yes
2026-08-30,٠٨:٤٧ م,4613793,,Hadayek el qobba,MTA,,No
2026-08-30,٠٨:٤٧ م,4614616,,Hadayek el qobba,Stop Car,,No
2026-08-30,٠٨:٤٧ م,4614628,,Mohandiseen,Al Alamia,,Yes
2026-08-30,٠٨:٤٧ م,4615233,,Shobra,El Tohami,,Yes
2026-08-30,٠٨:٤٧ م,4615363,,Shobra,El Tohami,,No
2026-08-30,٠٨:٤٧ م,4615908,,Hadayek el qobba,Al Alamia,,Yes
2026-08-30,٠٨:٤٧ م,4616252,,Mohandiseen,El Abtal,,No
2026-08-30,٠٨:٤٧ م,4616304,,Mohandiseen,Speedo,,Yes
2026-08-30,٠٨:٤٧ م,4617109,,Shobra,Team mh for Delivery,,No
2026-08-30,٠٨:٤٧ م,4617486,,Shobra,Ebad El rahman,,No
2026-08-30,٠٨:٤٧ م,4617707,,Mohandiseen,El Tohami,,Yes
2026-08-30,٠٨:٤٧ م,4618441,,Mohandiseen,Ready,,Yes
2026-08-30,٠٨:٤٧ م,4618502,,Hadayek el qobba,MTA,,Yes
2026-08-30,٠٨:٤٧ م,4618561,,Hadayek el qobba,Stop Car,,Yes
2026-08-30,٠٨:٤٧ م,4618588,,Hadayek el qobba,Al Alamia,,No
2026-08-30,٠٨:٤٧ م,4618676,,Mohandiseen,El Abtal,,Yes
2026-08-30,٠٨:٤٧ م,4619528,,Mohandiseen,Jasson,,Yes
2026-08-30,٠٨:٤٧ م,4619647,,Hadayek el qobba,Jasson,,No
2026-08-30,٠٨:٤٧ م,4619784,,Hadayek el qobba,Ebad El rahman,,No
2026-08-30,٠٨:٤٧ م,4620471,,Shobra,Team mh for Delivery,,Yes
2026-08-30,٠٨:٤٧ م,4620599,,Mohandiseen,MTA,,Yes
2026-08-30,٠٨:٤٧ م,4620609,,Shobra,Al Alamia,,Yes
2026-08-30,٠٨:٤٧ م,4620911,,Mohandiseen,MTA,,Yes
2026-08-30,٠٨:٤٧ م,4620952,,Shobra,El Abtal,,No
2026-08-30,٠٨:٤٧ م,4620960,,Mohandiseen,Team mh for Delivery,,Yes
2026-08-30,٠٨:٤٧ م,4621023,,Mohandiseen,Super Speed,,Yes
2026-08-30,٠٨:٤٧ م,4621042,,Hadayek el qobba,MTA,,No
2026-08-30,٠٨:٤٧ م,4621046,,Hadayek el qobba,el Dawlya,,No
2026-08-30,٠٨:٤٧ م,4621121,,Mohandiseen,Speedo,,No
2026-08-30,٠٨:٤٧ م,4621149,,Shobra,Al Alamia,,No
2026-08-30,٠٨:٤٧ م,4623615,,Shobra,el Dawlya,,Yes
2026-08-30,٠٨:٤٧ م,4623625,,Mohandiseen,el Dawlya,,Yes
2026-08-30,٠٨:٤٧ م,4623659,,Mohandiseen,Al Alamia,,Yes
2026-08-30,٠٨:٤٧ م,4623842,,Hadayek el qobba,MTA,,Yes
2026-08-30,٠٨:٤٧ م,4623851,,Hadayek el qobba,Team mh for Delivery,,Yes
2026-08-30,٠٨:٤٧ م,4623890,,Hadayek el qobba,MTA,,Yes
2026-08-30,٠٨:٤٧ م,4623895,,Mohandiseen,Ready,,No
2026-08-30,٠٨:٤٧ م,4624536,,Hadayek el qobba,Al Alamia,,No
2026-08-30,٠٨:٤٧ م,4624542,,Mohandiseen,Speedo,,Yes
2026-08-30,٠٨:٤٧ م,4624595,,Hadayek el qobba,Speedo,,Yes
2026-08-30,٠٨:٤٧ م,4624674,,Mohandiseen,Speedo,,No
2026-08-30,٠٨:٤٧ م,4624842,,Mohandiseen,Speedo,,No
2026-08-30,٠٨:٤٧ م,4626501,,Hadayek el qobba,Full Speed,,Yes
2026-08-30,٠٨:٤٧ م,4626526,,Mohandiseen,El Tohami,,No
2026-08-30,٠٨:٤٧ م,4626548,,Hadayek el qobba,Full Speed,,No
2026-08-30,٠٨:٤٧ م,4626600,,Mohandiseen,Team mh for Delivery,,No
2026-08-30,٠٨:٤٧ م,4626607,,Mohandiseen,Team mh for Delivery,,Yes
2026-08-30,٠٨:٤٧ م,4626646,,Hadayek el qobba,Team mh for Delivery,,Yes
2026-08-30,٠٨:٤٧ م,4626681,,Mohandiseen,MTA,,No
2026-08-30,٠٨:٤٧ م,4626952,,Mohandiseen,MTA,,Yes
2026-08-30,٠٨:٤٧ م,4627951,,Mohandiseen,el Dawlya,,Yes
2026-08-30,٠٨:٤٧ م,4627987,,Mohandiseen,el Dawlya,,Yes
2026-08-30,٠٨:٤٧ م,4628155,,Shobra,El Abtal,,Yes
2026-08-30,٠٨:٤٧ م,4628237,,Mohandiseen,el Dawlya,,Yes
2026-08-30,٠٨:٤٧ م,4628277,,Mohandiseen,Speedo,,No
2026-08-30,٠٨:٤٧ م,4628291,,Mohandiseen,el Dawlya,,No
2026-08-30,٠٨:٤٧ م,4628310,,Hadayek el qobba,Top delivery,,No
2026-08-30,٠٨:٤٧ م,4628548,,Hadayek el qobba,Top delivery,,No
2026-08-30,٠٨:٤٧ م,4628750,,Mohandiseen,el Dawlya,,Yes
2026-08-30,٠٨:٤٧ م,4628810,,Shobra,Top delivery,,Yes
2026-08-30,٠٨:٤٧ م,4629202,,Mohandiseen,Team mh for Delivery,,No
2026-08-30,٠٨:٤٧ م,4629218,,Hadayek el qobba,El Tohami,,Yes
2026-08-30,٠٨:٤٧ م,4629468,,Hadayek el qobba,Ebad El rahman,,No
2026-08-30,٠٨:٤٧ م,4629929,,Mohandiseen,Speedo,,No
2026-08-30,٠٨:٤٧ م,4631039,,Mohandiseen,el Dawlya,,Yes
2026-08-30,٠٨:٤٧ م,4631054,,Mohandiseen,El Abtal,,Yes
2026-08-30,٠٨:٤٧ م,4631223,,Mohandiseen,Speedo,,Yes
2026-08-30,٠٨:٤٧ م,4631316,,Mohandiseen,Team mh for Delivery,,Yes
2026-08-30,٠٨:٤٧ م,4631495,,Hadayek el qobba,el Dawlya,,Yes
2026-08-30,٠٨:٤٧ م,4631723,,Mohandiseen,el Dawlya,,No
2026-08-30,٠٨:٤٧ م,4632340,,Mohandiseen,Apache,,Yes
2026-08-30,٠٨:٤٧ م,4632409,,Shobra,MTA,,No
2026-08-30,٠٨:٤٧ م,4632534,,Hadayek el qobba,MTA,,Yes
2026-08-30,٠٨:٤٧ م,4632538,,Mohandiseen,Stop Car,,Yes
2026-08-30,٠٨:٤٧ م,4632568,,Mohandiseen,Team mh for Delivery,,Yes
2026-08-30,٠٨:٤٧ م,4632584,,Mohandiseen,El Tohami,,Yes
2026-08-30,٠٨:٤٧ م,4632631,,Mohandiseen,Stop Car,,Yes
2026-08-30,٠٨:٤٧ م,4632780,,Hadayek el qobba,Top delivery,,No
2026-08-30,٠٨:٤٧ م,4633784,,Hadayek el qobba,Al Alamia,,Yes
2026-08-30,٠٨:٤٧ م,4633837,,Shobra,Top delivery,,No
2026-08-30,٠٨:٤٧ م,4633920,,Shobra,Full Speed,,No
2026-08-30,٠٨:٤٧ م,4633944,,Mohandiseen,Jasson,,Yes
2026-08-30,٠٨:٤٧ م,4634111,,Mohandiseen,Top delivery,,No
2026-08-30,٠٨:٤٧ م,4634422,,Shobra,Team mh for Delivery,,Yes
2026-08-30,٠٨:٤٧ م,4636415,,Shobra,el Dawlya,,No
2026-08-30,٠٨:٤٧ م,4637936,,Mohandiseen,Team mh for Delivery,,Yes
2026-08-30,٠٨:٤٧ م,4637948,,Hadayek el qobba,Full Speed,,Yes
2026-08-30,٠٨:٤٧ م,4638014,,Mohandiseen,Noot,,No
2026-08-30,٠٨:٤٧ م,4638023,,Hadayek el qobba,Top delivery,,Yes
2026-08-30,٠٨:٤٧ م,4638101,,Mohandiseen,Speedo,,Yes
2026-08-30,٠٨:٤٧ م,4638174,,Mohandiseen,Speedo,,No
2026-08-30,٠٨:٤٧ م,4640515,,Mohandiseen,Team mh for Delivery,,No
2026-08-30,٠٨:٤٧ م,4640561,,Hadayek el qobba,MTA,,Yes
2026-08-30,٠٨:٤٧ م,4640892,,Mohandiseen,el Dawlya,,No
2026-08-30,٠٨:٤٧ م,4640987,,Shobra,Al Alamia,,Yes
2026-08-30,٠٨:٤٧ م,4641637,,Mohandiseen,Al Alamia,,Yes
2026-08-30,٠٨:٤٧ م,4642544,,Mohandiseen,Tanta Car,,No
2026-08-30,٠٨:٤٧ م,4642583,,Shobra,Ebad El rahman,,Yes
2026-08-30,٠٨:٤٧ م,4642708,,Mohandiseen,El Abtal,,No
2026-08-30,٠٨:٤٧ م,4643912,,Mohandiseen,MTA,,Yes
2026-08-30,٠٨:٤٧ م,4644066,,Hadayek el qobba,Stop Car,,Yes
2026-08-30,٠٨:٤٧ م,4644109,,Hadayek el qobba,Jasson,,No
2026-08-30,٠٨:٤٧ م,4644359,,Hadayek el qobba,El Abtal,,No
2026-08-30,٠٨:٤٧ م,4645758,,Mohandiseen,El Abtal,,No
2026-08-30,٠٨:٤٧ م,4646953,,Mohandiseen,Stop Car,,Yes
2026-08-30,٠٨:٤٧ م,4647039,,Mohandiseen,Team mh for Delivery,,Yes
2026-08-30,٠٨:٤٧ م,4647117,,Mohandiseen,MTA,,Yes
2026-08-30,٠٨:٤٧ م,4647427,,Mohandiseen,Full Speed,,No
2026-08-30,٠٨:٤٧ م,4647764,,Mohandiseen,Al Alamia,,Yes
2026-08-30,٠٨:٤٧ م,4647813,,Mohandiseen,Super Speed,,Yes
2026-08-30,٠٨:٤٧ م,4649879,,Mohandiseen,Top delivery,,No
2026-08-30,٠٨:٤٧ م,4649931,,Mohandiseen,Ebad El rahman,,Yes
2026-08-30,٠٨:٤٧ م,4649981,,Shobra,Full Speed,,Yes
2026-08-30,٠٨:٤٧ م,4650037,,Mohandiseen,Speedo,,Yes
2026-08-30,٠٨:٤٧ م,4650050,,Mohandiseen,Tanta Car,,Yes
2026-08-30,٠٨:٤٧ م,4652953,,Shobra,El Tohami,,Yes
2026-08-30,٠٨:٤٧ م,4653071,,Mohandiseen,Full Speed,,No
2026-08-30,٠٨:٤٧ م,4653100,,Shobra,Team mh for Delivery,,Yes
2026-08-30,٠٨:٤٧ م,4653266,,Mohandiseen,Tanta Car,,Yes
2026-08-30,٠٨:٤٧ م,4653357,,Hadayek el qobba,Al Alamia,,Yes
2026-08-30,٠٨:٤٧ م,4653411,,Hadayek el qobba,Speedo,,Yes
2026-08-30,٠٨:٤٧ م,4653426,,Mohandiseen,Ebad El rahman,,No
2026-08-30,٠٨:٤٧ م,4653886,,Mohandiseen,Full Speed,,Yes
2026-08-30,٠٨:٤٧ م,4654035,,Mohandiseen,Noot,,Yes
2026-08-30,٠٨:٤٧ م,4655516,,Hadayek el qobba,Full Speed,,Yes
2026-08-30,٠٨:٤٧ م,4655534,,Shobra,Team mh for Delivery,,No
2026-08-30,٠٨:٤٧ م,4655554,,Shobra,MTA,,Yes
2026-08-30,٠٨:٤٧ م,4655567,,Hadayek el qobba,Top delivery,,Yes
2026-08-30,٠٨:٤٧ م,4655573,,Mohandiseen,Top delivery,,No
2026-08-30,٠٨:٤٧ م,4655575,,Mohandiseen,Noot,,No
2026-08-30,٠٨:٤٧ م,4655581,,Mohandiseen,MR Delivery,,No
2026-08-30,٠٨:٤٧ م,4655589,,Mohandiseen,El Ezz,,Yes
2026-08-30,٠٨:٤٧ م,4655662,,Mohandiseen,Ready,,No
2026-08-30,٠٨:٤٧ م,4655814,,Shobra,El Abtal,,No
2026-08-30,٠٨:٤٧ م,4655828,,Mohandiseen,Al Alamia,,Yes
2026-08-30,٠٨:٤٧ م,4655888,,Mohandiseen,el Dawlya,,No
2026-08-30,٠٨:٤٧ م,4656218,,Shobra,Noot,,No
2026-08-30,٠٨:٤٧ م,4657087,,Mohandiseen,El Abtal,,Yes
2026-08-30,٠٨:٤٧ م,4657355,,Mohandiseen,Speedo,,Yes
2026-08-30,٠٨:٤٧ م,4657377,,Shobra,Speedo,,No
2026-08-30,٠٨:٤٧ م,4662615,,Shobra,Full Speed,,Yes
2026-08-30,٠٨:٤٧ م,4662665,,Mohandiseen,Team mh for Delivery,,No
2026-08-30,٠٨:٤٧ م,4662671,,Mohandiseen,Speedo,,Yes
2026-08-30,٠٨:٤٧ م,4662715,,Mohandiseen,Stop Car,,No
2026-08-30,٠٨:٤٧ م,4662737,,Shobra,Speedo,,Yes
2026-08-30,٠٨:٤٧ م,4662747,,Hadayek el qobba,Jasson,,Yes
2026-08-30,٠٨:٤٧ م,4664311,,Hadayek el qobba,MTA,,Yes
2026-08-30,٠٨:٤٧ م,4664346,,Mohandiseen,Stop Car,,Yes
2026-08-30,٠٨:٤٧ م,4664389,,Mohandiseen,Ready,,Yes
2026-08-30,٠٨:٤٧ م,4664421,,Hadayek el qobba,Al Alamia,,No
2026-08-30,٠٨:٤٧ م,4664763,,Shobra,Ebad El rahman,,Yes
2026-08-30,٠٨:٤٧ م,4664764,,Shobra,Full Speed,,Yes
2026-08-30,٠٨:٤٧ م,4664812,,Mohandiseen,Speedo,,Yes
2026-08-30,٠٨:٤٧ م,4666641,,Shobra,Al Alamia,,Yes
2026-08-30,٠٨:٤٧ م,4666713,,Hadayek el qobba,Top delivery,,Yes
2026-08-30,٠٨:٤٧ م,4666769,,Mohandiseen,Team mh for Delivery,,No
2026-08-30,٠٨:٤٧ م,4666850,,Mohandiseen,Ebad El rahman,,Yes
2026-08-30,٠٨:٤٧ م,4666859,,Hadayek el qobba,Top delivery,,Yes
2026-08-30,٠٨:٤٧ م,4666870,,Mohandiseen,Speedo,,No
2026-08-30,٠٨:٤٧ م,4666883,,Mohandiseen,Speedo,,Yes
2026-08-30,٠٨:٤٧ م,4669532,,Hadayek el qobba,Top delivery,,No
2026-08-30,٠٨:٤٧ م,4669625,,Shobra,Ebad El rahman,,Yes
2026-08-30,٠٨:٤٧ م,4669821,,Hadayek el qobba,El Abtal,,Yes
2026-08-30,٠٨:٤٧ م,4670015,,Shobra,Ebad El rahman,,No
2026-08-30,٠٨:٤٧ م,4670039,,Shobra,Al Alamia,,No
2026-08-30,٠٨:٤٧ م,4671221,,Mohandiseen,Speedo,,Yes
2026-08-30,٠٨:٤٧ م,4671425,,Hadayek el qobba,Team mh for Delivery,,Yes
2026-08-30,٠٨:٤٧ م,4671566,,Mohandiseen,MR Delivery,,No
2026-08-30,٠٨:٤٧ م,4671568,,Shobra,Team mh for Delivery,,Yes
2026-08-30,٠٨:٤٧ م,4671571,,Mohandiseen,Noot,,Yes
2026-08-30,٠٨:٤٧ م,4671637,,Mohandiseen,Team mh for Delivery,,Yes
2026-08-30,٠٨:٤٧ م,4672361,,Hadayek el qobba,Barg,,No
2026-08-30,٠٨:٤٧ م,4674639,,Hadayek el qobba,El Abtal,,No
2026-08-30,٠٨:٤٧ م,4674747,,Shobra,Full Speed,,Yes
2026-08-30,٠٨:٤٧ م,4674844,,Mohandiseen,Super Speed,,No
2026-08-30,٠٨:٤٧ م,4674852,,Mohandiseen,Team mh for Delivery,,Yes
2026-08-30,٠٨:٤٧ م,4674895,,Mohandiseen,Apache,,Yes
2026-08-30,٠٨:٤٧ م,4674901,,Mohandiseen,MR Delivery,,No
2026-08-30,٠٨:٤٧ م,4674932,,Mohandiseen,El Abtal,,Yes
2026-08-30,٠٨:٤٧ م,4674979,,Mohandiseen,El Ezz,,No
2026-08-30,٠٨:٤٧ م,4674992,,Mohandiseen,Speedo,,Yes
2026-08-30,٠٨:٤٧ م,4674998,,Mohandiseen,Team mh for Delivery,,Yes
2026-08-30,٠٨:٤٧ م,4675000,,Shobra,Al Alamia,,Yes
2026-08-30,٠٨:٤٧ م,4675024,,Shobra,Al Alamia,,Yes
2026-08-30,٠٨:٤٧ م,4675068,,Mohandiseen,El Ezz,,Yes
2026-08-30,٠٨:٤٧ م,4675070,,Mohandiseen,El Abtal,,No
2026-08-30,٠٨:٤٧ م,4675513,,Mohandiseen,Ebad El rahman,,Yes
2026-08-30,٠٨:٤٧ م,4675516,,Mohandiseen,El Abtal,,No
2026-08-30,٠٨:٤٧ م,4675615,,Shobra,Al Alamia,,Yes
2026-08-30,٠٨:٤٧ م,4675925,,Hadayek el qobba,BeCool,,No
2026-08-30,٠٨:٤٧ م,4677204,,Mohandiseen,Top delivery,,No
2026-08-30,٠٨:٤٧ م,4677209,,Mohandiseen,Noot,,No
2026-08-30,٠٨:٤٧ م,4677250,,Shobra,MTA,,Yes
2026-08-30,٠٨:٤٧ م,4677352,,Mohandiseen,Team mh for Delivery,,Yes
2026-08-30,٠٨:٤٧ م,4677398,,Hadayek el qobba,El Tohami,,Yes
2026-08-30,٠٨:٤٧ م,4677601,,Mohandiseen,Speedo,,No
2026-08-30,٠٨:٤٧ م,4677674,,Mohandiseen,Speedo,,No
2026-08-30,٠٨:٤٧ م,4677697,,Mohandiseen,Ebad El rahman,,Yes
2026-08-30,٠٨:٤٧ م,4677712,,Mohandiseen,Ebad El rahman,,Yes
2026-08-30,٠٨:٤٧ م,4677773,,Mohandiseen,Speedo,,Yes
2026-08-30,٠٨:٤٧ م,4677878,,Hadayek el qobba,El Abtal,,Yes
2026-08-30,٠٨:٤٧ م,4677879,,Mohandiseen,BeCool,,Yes
2026-08-30,٠٨:٤٧ م,4678165,,Mohandiseen,BeCool,,No
2026-08-30,٠٨:٤٧ م,4678696,,Shobra,Speedo,,No
2026-08-30,٠٨:٤٧ م,4679116,,Mohandiseen,Speedo,,Yes
2026-08-30,٠٨:٤٧ م,4679546,,Shobra,Speedo,,No
2026-08-30,٠٨:٤٧ م,4679581,,Mohandiseen,Full Speed,,Yes
2026-08-30,٠٨:٤٧ م,4679965,,Shobra,MTA,,Yes
2026-08-30,٠٨:٤٧ م,4679973,,Shobra,MTA,,Yes
2026-08-30,٠٨:٤٧ م,4680308,,Hadayek el qobba,el Dawlya,,Yes
2026-08-30,٠٨:٤٧ م,4680503,,Mohandiseen,Top delivery,,No
2026-08-30,٠٨:٤٧ م,4680552,,Mohandiseen,Tanta Car,,Yes
2026-08-30,٠٨:٤٧ م,4680609,,Shobra,Team mh for Delivery,,No
2026-08-30,٠٨:٤٧ م,4680781,,Shobra,Al Alamia,,Yes
2026-08-30,٠٨:٤٧ م,4682365,,Mohandiseen,MTA,,Yes
2026-08-30,٠٨:٤٧ م,4682702,,Shobra,El Tohami,,No
2026-08-30,٠٨:٤٧ م,4682715,,Mohandiseen,El Tohami,,Yes
2026-08-30,٠٨:٤٧ م,4682925,,Hadayek el qobba,MTA,,No
2026-08-30,٠٨:٤٧ م,4682949,,Mohandiseen,El Abtal,,No
2026-08-30,٠٨:٤٧ م,4683472,,Mohandiseen,MTA,,Yes
2026-08-30,٠٨:٤٧ م,4685036,,Mohandiseen,Team mh for Delivery,,No
2026-08-30,٠٨:٤٧ م,4685360,,Hadayek el qobba,Stop Car,,No
2026-08-30,٠٨:٤٧ م,4685490,,Mohandiseen,El Abtal,,Yes
2026-08-30,٠٨:٤٧ م,4685522,,Mohandiseen,MR Delivery,,No
2026-08-30,٠٨:٤٧ م,4685568,,Mohandiseen,Al Alamia,,No
2026-08-30,٠٨:٤٧ م,4685621,,Hadayek el qobba,Top delivery,,Yes
2026-08-30,٠٨:٤٧ م,4685633,,Shobra,Al Alamia,,Yes
2026-08-30,٠٨:٤٧ م,4685766,,Mohandiseen,El Ezz,,Yes
2026-08-30,٠٨:٤٧ م,4685767,,Shobra,Al Alamia,,Yes
2026-08-30,٠٨:٤٧ م,4685836,,Mohandiseen,Al Alamia,,No
2026-08-30,٠٨:٤٧ م,4686129,,Shobra,Al Alamia,,No
2026-08-30,٠٨:٤٧ م,4686144,,Hadayek el qobba,BeCool,,No
2026-08-30,٠٨:٤٧ م,4687084,,Mohandiseen,el Dawlya,,No
2026-08-30,٠٨:٤٧ م,4688537,,Mohandiseen,Apache,,Yes
2026-08-30,٠٨:٤٧ م,4688648,,Shobra,Speedo,,Yes
2026-08-30,٠٨:٤٧ م,4688736,,Mohandiseen,Noot,,No
2026-08-30,٠٨:٤٧ م,4688751,,Hadayek el qobba,Stop Car,,No
2026-08-30,٠٨:٤٧ م,4688774,,Hadayek el qobba,Top delivery,,Yes
2026-08-30,٠٨:٤٧ م,4688796,,Mohandiseen,Ebad El rahman,,No
2026-08-30,٠٨:٤٧ م,4688822,,Shobra,Al Alamia,,No
2026-08-30,٠٨:٤٧ م,4688867,,Mohandiseen,Ebad El rahman,,Yes
2026-08-30,٠٨:٤٧ م,4689200,,Mohandiseen,el Dawlya,,No
2026-08-30,٠٨:٤٧ م,4689381,,Mohandiseen,Ebad El rahman,,Yes
2026-08-30,٠٨:٤٧ م,4689459,,Mohandiseen,Noot,,Yes
2026-08-30,٠٨:٤٧ م,4689460,,Hadayek el qobba,Barg,,Yes
2026-08-30,٠٨:٤٧ م,4691598,,Mohandiseen,Full Speed,,No
2026-08-30,٠٨:٤٧ م,4691815,,Mohandiseen,El Abtal,,Yes
2026-08-30,٠٨:٤٧ م,4691898,,Mohandiseen,Team mh for Delivery,,Yes
2026-08-30,٠٨:٤٧ م,4691920,,Shobra,Team mh for Delivery,,No
2026-08-30,٠٨:٤٧ م,4691945,,Shobra,El Tohami,,No
2026-08-30,٠٨:٤٧ م,4691954,,Shobra,Al Alamia,,No
2026-08-30,٠٨:٤٧ م,4691956,,Shobra,Al Alamia,,Yes
2026-08-30,٠٨:٤٧ م,4691963,,Mohandiseen,Team mh for Delivery,,No
2026-08-30,٠٨:٤٧ م,4691966,,Mohandiseen,Al Alamia,,Yes
2026-08-30,٠٨:٤٧ م,4691984,,Hadayek el qobba,MTA,,No
2026-08-30,٠٨:٤٧ م,4692000,,Mohandiseen,El Ezz,,Yes
2026-08-30,٠٨:٤٧ م,4692008,,Mohandiseen,Team mh for Delivery,,Yes
2026-08-30,٠٨:٤٧ م,4692164,,Mohandiseen,Full Speed,,Yes
2026-08-30,٠٨:٤٧ م,4692771,,Mohandiseen,MTA,,Yes
2026-08-30,٠٨:٤٧ م,4692820,,Mohandiseen,Ready,,Yes
2026-08-30,٠٨:٤٧ م,4692872,,Mohandiseen,Jasson,,Yes
2026-08-30,٠٨:٤٧ م,4692956,,Mohandiseen,Ebad El rahman,,Yes
2026-08-30,٠٨:٤٧ م,4692960,,Hadayek el qobba,Top delivery,,No
2026-08-30,٠٨:٤٧ م,4693261,,Mohandiseen,Al Alamia,,No
2026-08-30,٠٨:٤٧ م,4693494,,Mohandiseen,Ebad El rahman,,No
2026-08-30,٠٨:٤٧ م,4693585,,Shobra,Apache,,Yes
2026-08-30,٠٨:٤٧ م,4693867,,Mohandiseen,Full Speed,,Yes
2026-08-30,٠٨:٤٧ م,4694136,,Mohandiseen,MTA,,Yes
2026-08-30,٠٨:٤٧ م,4694201,,Mohandiseen,El Abtal,,No
2026-08-30,٠٨:٤٧ م,4694792,,Mohandiseen,El Ezz,,Yes
2026-08-30,٠٨:٤٧ م,4694882,,Hadayek el qobba,Top delivery,,Yes
2026-08-30,٠٨:٤٧ م,4696444,,Shobra,el Dawlya,,Yes
2026-08-30,٠٨:٤٧ م,4696462,,Shobra,Team mh for Delivery,,No
2026-08-30,٠٨:٤٧ م,4696709,,Hadayek el qobba,Stop Car,,Yes
2026-08-30,٠٨:٤٧ م,4696713,,Mohandiseen,Team mh for Delivery,,Yes
2026-08-30,٠٨:٤٧ م,4696717,,Mohandiseen,Apache,,No
2026-08-30,٠٨:٤٧ م,4696768,,Hadayek el qobba,MTA,,No
2026-08-30,٠٨:٤٧ م,4696881,,Mohandiseen,Team mh for Delivery,,No
2026-08-30,٠٨:٤٧ م,4697137,,Mohandiseen,MTA,,No
2026-08-30,٠٨:٤٧ م,4697278,,Mohandiseen,el Dawlya,,Yes
2026-08-30,٠٨:٤٧ م,4697298,,Shobra,El Abtal,,Yes
2026-08-30,٠٨:٤٧ م,4697340,,Mohandiseen,el Dawlya,,No
2026-08-30,٠٨:٤٧ م,4699086,,Mohandiseen,Ready,,No
2026-08-30,٠٨:٤٧ م,4699151,,Hadayek el qobba,El Tohami,,Yes
2026-08-30,٠٨:٤٧ م,4699228,,Shobra,Apache,,No
2026-08-30,٠٨:٤٧ م,4699229,,Shobra,El Tohami,,Yes
2026-08-30,٠٨:٤٧ م,4699280,,Shobra,El Tohami,,Yes
2026-08-30,٠٨:٤٧ م,4699308,,Shobra,Team mh for Delivery,,No
2026-08-30,٠٨:٤٧ م,4699314,,Shobra,El Tohami,,Yes
2026-08-30,٠٨:٤٧ م,4699407,,Mohandiseen,Full Speed,,Yes
2026-08-30,٠٨:٤٧ م,4699432,,Mohandiseen,Team mh for Delivery,,Yes
2026-08-30,٠٨:٤٧ م,4699480,,Shobra,El Abtal,,No
2026-08-30,٠٨:٤٧ م,4699701,,Mohandiseen,Ebad El rahman,,Yes
2026-08-30,٠٨:٤٧ م,4700594,,Mohandiseen,Speedo,,No
2026-08-30,٠٨:٤٧ م,4700597,,Hadayek el qobba,el Dawlya,,Yes
2026-08-30,٠٨:٤٧ م,4700626,,Mohandiseen,el Dawlya,,No
2026-08-30,٠٨:٤٧ م,4700717,,Mohandiseen,Speedo,,Yes
2026-08-30,٠٨:٤٧ م,4701251,,Hadayek el qobba,Jasson,,Yes
2026-08-30,٠٨:٤٧ م,4702486,,Mohandiseen,El Abtal,,Yes
2026-08-30,٠٨:٤٧ م,4702738,,Mohandiseen,Top delivery,,Yes
2026-08-30,٠٨:٤٧ م,4702782,,Shobra,Al Alamia,,No
2026-08-30,٠٨:٤٧ م,4702798,,Mohandiseen,El Tohami,,No
2026-08-30,٠٨:٤٧ م,4702816,,Mohandiseen,Ebad El rahman,,Yes
2026-08-30,٠٨:٤٧ م,4702825,,Shobra,MTA,,Yes
2026-08-30,٠٨:٤٧ م,4702827,,Hadayek el qobba,Top delivery,,Yes
2026-08-30,٠٨:٤٧ م,4702910,,Mohandiseen,Al Alamia,,Yes
2026-08-30,٠٨:٤٧ م,4703383,,Mohandiseen,el Dawlya,,Yes
2026-08-30,٠٨:٤٧ م,4703408,,Mohandiseen,Ebad El rahman,,No
2026-08-30,٠٨:٤٧ م,4703411,,Mohandiseen,Ebad El rahman,,No
2026-08-30,٠٨:٤٧ م,4703426,,Mohandiseen,Jasson,,Yes
2026-08-30,٠٨:٤٧ م,4703429,,Mohandiseen,Ebad El rahman,,No
2026-08-30,٠٨:٤٧ م,4703553,,Shobra,Jasson,,No
2026-08-30,٠٨:٤٧ م,4703697,,Shobra,Ebad El rahman,,No
2026-08-30,٠٨:٤٧ م,4705512,,Hadayek el qobba,Full Speed,,Yes
2026-08-30,٠٨:٤٧ م,4705540,,Hadayek el qobba,Top delivery,,Yes
2026-08-30,٠٨:٤٧ م,4705606,,Mohandiseen,Apache,,Yes
2026-08-30,٠٨:٤٧ م,4705702,,Hadayek el qobba,Top delivery,,No
2026-08-30,٠٨:٤٧ م,4705703,,Shobra,Full Speed,,Yes
2026-08-30,٠٨:٤٧ م,4705774,,Shobra,Team mh for Delivery,,Yes
2026-08-30,٠٨:٤٧ م,4705795,,Shobra,El Tohami,,Yes
2026-08-30,٠٨:٤٧ م,4706025,,Mohandiseen,Super Speed,,Yes
2026-08-30,٠٨:٤٧ م,4706140,,Shobra,Team mh for Delivery,,Yes
2026-08-30,٠٨:٤٧ م,4706151,,Hadayek el qobba,Stop Car,,Yes
2026-08-30,٠٨:٤٧ م,4706423,,Mohandiseen,Speedo,,Yes
2026-08-30,٠٨:٤٧ م,4706452,,Mohandiseen,El Tohami,,No
2026-08-30,٠٨:٤٧ م,4707142,,Mohandiseen,Ready,,Yes
2026-08-30,٠٨:٤٧ م,4707148,,Mohandiseen,Ready,,No
2026-08-30,٠٨:٤٧ م,4707177,,Shobra,Speedo,,Yes
2026-08-30,٠٨:٤٧ م,4707206,,Shobra,El Abtal,,Yes
2026-08-30,٠٨:٤٧ م,4707208,,Shobra,Al Alamia,,Yes
2026-08-30,٠٨:٤٧ م,4707347,,Mohandiseen,el Dawlya,,Yes
2026-08-30,٠٨:٤٧ م,4707401,,Hadayek el qobba,Barg,,Yes
2026-08-30,٠٨:٤٧ م,4707422,,Shobra,Al Alamia,,Yes
2026-08-30,٠٨:٤٧ م,4707426,,Shobra,Speedo,,Yes
2026-08-30,٠٨:٤٧ م,4707487,,Shobra,Speedo,,Yes
2026-08-30,٠٨:٤٧ م,4707544,,Mohandiseen,Al Alamia,,No
2026-08-30,٠٨:٤٧ م,4707614,,Mohandiseen,Team mh for Delivery,,Yes
2026-08-30,٠٨:٤٧ م,4707621,,Hadayek el qobba,MTA,,No
2026-08-30,٠٨:٤٧ م,4707680,,Mohandiseen,Al Alamia,,Yes
2026-08-30,٠٨:٤٧ م,4707763,,Shobra,Al Alamia,,Yes
2026-08-30,٠٨:٤٧ م,4707764,,Mohandiseen,Speedo,,Yes
2026-08-30,٠٨:٤٧ م,4707849,,Shobra,Speedo,,No
2026-08-30,٠٨:٤٧ م,4707859,,Shobra,MTA,,No
2026-08-30,٠٨:٤٧ م,4707874,,Mohandiseen,Al Alamia,,Yes
2026-08-30,٠٨:٤٧ م,4707930,,Mohandiseen,Full Speed,,No
2026-08-30,٠٨:٤٧ م,4708010,,Hadayek el qobba,Al Alamia,,Yes
2026-08-30,٠٨:٤٧ م,4708246,,Mohandiseen,Al Alamia,,No
2026-08-30,٠٨:٤٧ م,4708373,,Hadayek el qobba,Jasson,,Yes
2026-08-30,٠٨:٤٧ م,4708410,,Shobra,Speedo,,Yes
2026-08-30,٠٨:٤٧ م,4708541,,Hadayek el qobba,BeCool,,Yes
2026-08-30,٠٨:٤٧ م,4708820,,Mohandiseen,Al Alamia,,No
2026-08-30,٠٨:٤٧ م,4708838,,Hadayek el qobba,MTA,,Yes
2026-08-30,٠٨:٤٧ م,4709135,,Mohandiseen,El Tohami,,Yes
2026-08-30,٠٨:٤٧ م,4710213,,Mohandiseen,El Abtal,,Yes
2026-08-30,٠٨:٤٧ م,4710329,,Hadayek el qobba,El Abtal,,No
2026-08-30,٠٨:٤٧ م,4710336,,Shobra,Al Alamia,,Yes
2026-08-30,٠٨:٤٧ م,4710474,,Shobra,Jasson,,No
2026-08-30,٠٨:٤٧ م,4710531,,Mohandiseen,Speedo,,Yes
2026-08-30,٠٨:٤٧ م,4710736,,Mohandiseen,Al Alamia,,Yes
2026-08-30,٠٨:٤٧ م,4710748,,Hadayek el qobba,Speedo,,No
2026-08-30,٠٨:٤٧ م,4710870,,Shobra,Al Alamia,,Yes
2026-08-30,٠٨:٤٧ م,4710891,,Mohandiseen,Speedo,,No
2026-08-30,٠٨:٤٧ م,4710972,,Mohandiseen,Team mh for Delivery,,No
2026-08-30,٠٨:٤٧ م,4711000,,Shobra,Noot,,Yes
2026-08-30,٠٨:٤٧ م,4711107,,Mohandiseen,el Dawlya,,Yes
2026-08-30,٠٨:٤٧ م,4711174,,Hadayek el qobba,Barg,,No
2026-08-30,٠٨:٤٧ م,4711241,,Hadayek el qobba,BeCool,,Yes
2026-08-30,٠٨:٤٧ م,4711568,,Mohandiseen,El Tohami,,Yes
2026-08-30,٠٨:٤٧ م,4712903,,Shobra,El Abtal,,No
2026-08-30,٠٨:٤٧ م,4712990,,Shobra,Team mh for Delivery,,No
2026-08-30,٠٨:٤٧ م,4713012,,Shobra,Team mh for Delivery,,Yes
2026-08-30,٠٨:٤٧ م,4713023,,Mohandiseen,MTA,,Yes
2026-08-30,٠٨:٤٧ م,4713154,,Shobra,el Dawlya,,Yes
2026-08-30,٠٨:٤٧ م,4713169,,Hadayek el qobba,Jasson,,Yes
2026-08-30,٠٨:٤٧ م,4713312,,Mohandiseen,Tanta Car,,No
2026-08-30,٠٨:٤٧ م,4713342,,Mohandiseen,El Abtal,,No
2026-08-30,٠٨:٤٧ م,4713558,,Mohandiseen,Team mh for Delivery,,No
2026-08-30,٠٨:٤٧ م,4713629,,Mohandiseen,Speedo,,No
2026-08-30,٠٨:٤٧ م,4713651,,Mohandiseen,Team mh for Delivery,,Yes
2026-08-30,٠٨:٤٧ م,4713794,,Mohandiseen,Ready,,No
2026-08-30,٠٨:٤٧ م,4713891,,Hadayek el qobba,Top delivery,,No
2026-08-30,٠٨:٤٧ م,4714001,,Mohandiseen,Speedo,,Yes
2026-08-30,٠٨:٤٧ م,4714130,,Mohandiseen,el Dawlya,,No
2026-08-30,٠٨:٤٧ م,4714134,,Shobra,Ebad El rahman,,No
2026-08-30,٠٨:٤٧ م,4714156,,Hadayek el qobba,Jasson,,Yes
2026-08-30,٠٨:٤٧ م,4714708,,Mohandiseen,Speedo,,Yes
2026-08-30,٠٨:٤٧ م,4718173,,Shobra,Team mh for Delivery,,Yes
2026-08-30,٠٨:٤٧ م,4718634,,Mohandiseen,Team mh for Delivery,,Yes
2026-08-30,٠٨:٤٧ م,4718689,,Mohandiseen,Team mh for Delivery,,Yes
2026-08-30,٠٨:٤٧ م,4718692,,Shobra,Team mh for Delivery,,Yes
2026-08-30,٠٨:٤٧ م,4718757,,Mohandiseen,El Ezz,,No
2026-08-30,٠٨:٤٧ م,4718768,,Mohandiseen,Speedo,,Yes
2026-08-30,٠٨:٤٧ م,4718812,,Shobra,Team mh for Delivery,,No
2026-08-30,٠٨:٤٧ م,4718874,,Mohandiseen,MR Delivery,,Yes
2026-08-30,٠٨:٤٧ م,4718930,,Shobra,El Abtal,,No
2026-08-30,٠٨:٤٧ م,4718938,,Mohandiseen,Speedo,,Yes
2026-08-30,٠٨:٤٧ م,4718994,,Hadayek el qobba,Speedo,,Yes
2026-08-30,٠٨:٤٧ م,4718995,,Mohandiseen,El Abtal,,Yes
2026-08-30,٠٨:٤٧ م,4719683,,Mohandiseen,Al Alamia,,No
2026-08-30,٠٨:٤٧ م,4720056,,Hadayek el qobba,BeCool,,Yes
2026-08-30,٠٨:٤٧ م,4722408,,Mohandiseen,Full Speed,,Yes
2026-08-30,٠٨:٤٧ م,4722455,,Mohandiseen,El Ezz,,Yes
2026-08-30,٠٨:٤٧ م,4722760,,Hadayek el qobba,Top delivery,,No
2026-08-30,٠٨:٤٧ م,4723040,,Mohandiseen,Noot,,No
2026-08-30,٠٨:٤٧ م,4723067,,Hadayek el qobba,Jasson,,Yes
2026-08-30,٠٨:٤٧ م,4723081,,Hadayek el qobba,El Ezz,,Yes
2026-08-30,٠٨:٤٧ م,4723093,,Hadayek el qobba,Top delivery,,Yes
2026-08-30,٠٨:٤٧ م,4723125,,Mohandiseen,Speedo,,Yes
2026-08-30,٠٨:٤٧ م,4723151,,Mohandiseen,Team mh for Delivery,,No
2026-08-30,٠٨:٤٧ م,4723366,,Mohandiseen,Team mh for Delivery,,No
2026-08-30,٠٨:٤٧ م,4723387,,Mohandiseen,Team mh for Delivery,,No
2026-08-30,٠٨:٤٧ م,4723405,,Shobra,Top delivery,,No
2026-08-30,٠٨:٤٧ م,4723632,,Hadayek el qobba,El Tohami,,No
2026-08-30,٠٨:٤٧ م,4724525,,Shobra,MTA,,Yes
2026-08-30,٠٨:٤٧ م,4724671,,Shobra,MTA,,No
2026-08-30,٠٨:٤٧ م,4724755,,Shobra,Al Alamia,,Yes
2026-08-30,٠٨:٤٧ م,4724854,,Mohandiseen,MTA,,Yes
2026-08-30,٠٨:٤٧ م,4724896,,Hadayek el qobba,Jasson,,No
2026-08-30,٠٨:٤٧ م,4724958,,Hadayek el qobba,Al Alamia,,Yes
2026-08-30,٠٨:٤٧ م,4725098,,Mohandiseen,Jasson,,Yes
2026-08-30,٠٨:٤٧ م,4725141,,Mohandiseen,Stop Car,,No
2026-08-30,٠٨:٤٧ م,4725457,,Shobra,Team mh for Delivery,,Yes
2026-08-30,٠٨:٤٧ م,4725771,,Mohandiseen,El Tohami,,Yes
2026-08-30,٠٨:٤٧ م,4725947,,Mohandiseen,Speedo,,Yes
2026-08-30,٠٨:٤٧ م,4726235,,Mohandiseen,Apache,,Yes
2026-08-30,٠٨:٤٧ م,4726261,,Mohandiseen,Team mh for Delivery,,No
2026-08-30,٠٨:٤٧ م,4726385,,Mohandiseen,Noot,,No
2026-08-30,٠٨:٤٧ م,4728147,,Hadayek el qobba,Jasson,,No
2026-08-30,٠٨:٤٧ م,4728156,,Shobra,Ebad El rahman,,Yes
2026-08-30,٠٨:٤٧ م,4728181,,Mohandiseen,BeCool,,Yes
2026-08-30,٠٨:٤٧ م,4728204,,Mohandiseen,Speedo,,Yes
2026-08-30,٠٨:٤٧ م,4728276,,Mohandiseen,El Abtal,,Yes
2026-08-30,٠٨:٤٧ م,4728328,,Mohandiseen,Tanta Car,,No
2026-08-30,٠٨:٤٧ م,4728360,,Shobra,Speedo,,Yes
2026-08-30,٠٨:٤٧ م,4728587,,Shobra,Al Alamia,,No
2026-08-30,٠٨:٤٧ م,4728919,,Shobra,Team mh for Delivery,,Yes
2026-08-30,٠٨:٤٧ م,4730079,,Mohandiseen,Speedo,,Yes
2026-08-30,٠٨:٤٧ م,4731400,,Mohandiseen,Ready,,No
2026-08-30,٠٨:٤٧ م,4731420,,Mohandiseen,El Ezz,,No
2026-08-30,٠٨:٤٧ م,4731434,,Mohandiseen,Al Alamia,,No
2026-08-30,٠٨:٤٧ م,4731435,,Mohandiseen,MR Delivery,,No
2026-08-30,٠٨:٤٧ م,4731532,,Shobra,El Tohami,,No
2026-08-30,٠٨:٤٧ م,4731538,,Shobra,Full Speed,,Yes
2026-08-30,٠٨:٤٧ م,4731561,,Hadayek el qobba,El Tohami,,Yes
2026-08-30,٠٨:٤٧ م,4731593,,Mohandiseen,MR Delivery,,Yes
2026-08-30,٠٨:٤٧ م,4731622,,Mohandiseen,Speedo,,No
2026-08-30,٠٨:٤٧ م,4731685,,Mohandiseen,El Tohami,,Yes
2026-08-30,٠٨:٤٧ م,4731751,,Mohandiseen,Tanta Car,,Yes
2026-08-30,٠٨:٤٧ م,4731813,,Shobra,Jasson,,No
2026-08-30,٠٨:٤٧ م,4731842,,Mohandiseen,Super Speed,,Yes
2026-08-30,٠٨:٤٧ م,4731891,,Hadayek el qobba,El Ezz,,Yes
2026-08-30,٠٨:٤٧ م,4731951,,Mohandiseen,Tanta Car,,No
2026-08-30,٠٨:٤٧ م,4732053,,Mohandiseen,Team mh for Delivery,,Yes
2026-08-30,٠٨:٤٧ م,4732182,,Mohandiseen,Super Speed,,Yes
2026-08-30,٠٨:٤٧ م,4732190,,Shobra,El Abtal,,Yes
2026-08-30,٠٨:٤٧ م,4732260,,Shobra,Al Alamia,,No
2026-08-30,٠٨:٤٧ م,4732292,,Mohandiseen,Team mh for Delivery,,Yes
2026-08-30,٠٨:٤٧ م,4732340,,Mohandiseen,Tanta Car,,Yes
2026-08-30,٠٨:٤٧ م,4732451,,Shobra,Jasson,,No
2026-08-30,٠٨:٤٧ م,4732857,,Mohandiseen,Ready,,No
2026-08-30,٠٨:٤٧ م,4732888,,Mohandiseen,el Dawlya,,Yes
2026-08-30,٠٨:٤٧ م,4732970,,Mohandiseen,Speedo,,No
2026-08-30,٠٨:٤٧ م,4733016,,Shobra,Speedo,,Yes
2026-08-30,٠٨:٤٧ م,4733018,,Mohandiseen,Ready,,No
2026-08-30,٠٨:٤٧ م,4733021,,Shobra,MTA,,No
2026-08-30,٠٨:٤٧ م,4733028,,Hadayek el qobba,Speedo,,No
2026-08-30,٠٨:٤٧ م,4733165,,Mohandiseen,El Abtal,,Yes
2026-08-30,٠٨:٤٧ م,4733172,,Mohandiseen,Speedo,,No
2026-08-30,٠٨:٤٧ م,4733198,,Mohandiseen,Noot,,No
2026-08-30,٠٨:٤٧ م,4733251,,Hadayek el qobba,MTA,,No
2026-08-30,٠٨:٤٧ م,4733294,,Mohandiseen,El Abtal,,Yes
2026-08-30,٠٨:٤٧ م,4733391,,Mohandiseen,Ebad El rahman,,No
2026-08-30,٠٨:٤٧ م,4733438,,Mohandiseen,el Dawlya,,Yes
2026-08-30,٠٨:٤٧ م,4733803,,Mohandiseen,Team mh for Delivery,,No
2026-08-30,٠٨:٤٧ م,4734681,,Shobra,Jasson,,No
2026-08-30,٠٨:٤٧ م,4737240,,Mohandiseen,El Tohami,,Yes
2026-08-30,٠٨:٤٧ م,4737504,,Mohandiseen,Stop Car,,Yes
2026-08-30,٠٨:٤٧ م,4737606,,Shobra,Full Speed,,No
2026-08-30,٠٨:٤٧ م,4737617,,Shobra,Team mh for Delivery,,Yes
2026-08-30,٠٨:٤٧ م,4737689,,Mohandiseen,Team mh for Delivery,,Yes
2026-08-30,٠٨:٤٧ م,4737698,,Shobra,Team mh for Delivery,,Yes
2026-08-30,٠٨:٤٧ م,4737776,,Shobra,Team mh for Delivery,,Yes
2026-08-30,٠٨:٤٧ م,4737795,,Mohandiseen,Noot,,Yes
2026-08-30,٠٨:٤٧ م,4737799,,Shobra,Top delivery,,No
2026-08-30,٠٨:٤٧ م,4737897,,Hadayek el qobba,Al Alamia,,Yes
2026-08-30,٠٨:٤٧ م,4738931,,Shobra,Speedo,,No
2026-08-30,٠٨:٤٧ م,4738937,,Hadayek el qobba,BeCool,,No
2026-08-30,٠٨:٤٧ م,4739028,,Mohandiseen,Speedo,,No
2026-08-30,٠٨:٤٧ م,4740357,,Hadayek el qobba,Al Alamia,,Yes
2026-08-30,٠٨:٤٧ م,4740392,,Mohandiseen,El Tohami,,No
2026-08-30,٠٨:٤٧ م,4740450,,Shobra,Al Alamia,,Yes
2026-08-30,٠٨:٤٧ م,4740648,,Hadayek el qobba,Full Speed,,Yes
2026-08-30,٠٨:٤٧ م,4740736,,Hadayek el qobba,Full Speed,,Yes
2026-08-30,٠٨:٤٧ م,4741020,,Mohandiseen,Full Speed,,Yes
2026-08-30,٠٨:٤٧ م,4741037,,Mohandiseen,Full Speed,,Yes
2026-08-30,٠٨:٤٧ م,4741126,,Mohandiseen,Noot,,Yes
2026-08-30,٠٨:٤٧ م,4741137,,Mohandiseen,MTA,,No
2026-08-30,٠٨:٤٧ م,4741145,,Mohandiseen,MTA,,Yes
2026-08-30,٠٨:٤٧ م,4741192,,Shobra,Full Speed,,No
2026-08-30,٠٨:٤٧ م,4741217,,Hadayek el qobba,Top delivery,,Yes
2026-08-30,٠٨:٤٧ م,4741317,,Shobra,Team mh for Delivery,,Yes
2026-08-30,٠٨:٤٧ م,4741396,,Mohandiseen,Team mh for Delivery,,No
2026-08-30,٠٨:٤٧ م,4741440,,Mohandiseen,MR Delivery,,No
2026-08-30,٠٨:٤٧ م,4741601,,Mohandiseen,El Ezz,,No
2026-08-30,٠٨:٤٧ م,4743023,,Mohandiseen,el Dawlya,,Yes
2026-08-30,٠٨:٤٧ م,4743043,,Hadayek el qobba,Barg,,No
2026-08-30,٠٨:٤٧ م,4743101,,Mohandiseen,El Abtal,,No
2026-08-30,٠٨:٤٧ م,4743153,,Hadayek el qobba,Barg,,No
2026-08-30,٠٨:٤٧ م,4743231,,Hadayek el qobba,BeCool,,No
2026-08-30,٠٨:٤٧ م,4743527,,Mohandiseen,BeCool,,No
2026-08-30,٠٨:٤٧ م,4743800,,Shobra,Al Alamia,,Yes
2026-08-30,٠٨:٤٧ م,4744034,,Mohandiseen,Jasson,,No
2026-08-30,٠٨:٤٧ م,4744953,,Hadayek el qobba,El Abtal,,Yes
2026-08-30,٠٨:٤٧ م,4745672,,Hadayek el qobba,BeCool,,Yes
2026-08-30,٠٨:٤٧ م,4746455,,Mohandiseen,Full Speed,,No
2026-08-30,٠٨:٤٧ م,4746479,,Shobra,Team mh for Delivery,,No
2026-08-30,٠٨:٤٧ م,4746487,,Mohandiseen,el Dawlya,,Yes
2026-08-30,٠٨:٤٧ م,4746491,,Mohandiseen,Team mh for Delivery,,Yes
2026-08-30,٠٨:٤٧ م,4746545,,Mohandiseen,El Abtal,,Yes
2026-08-30,٠٨:٤٧ م,4746577,,Shobra,Al Alamia,,No
2026-08-30,٠٨:٤٧ م,4746589,,Mohandiseen,Ebad El rahman,,No
2026-08-30,٠٨:٤٧ م,4746594,,Mohandiseen,BeCool,,Yes
2026-08-30,٠٨:٤٧ م,4746622,,Hadayek el qobba,MTA,,Yes
2026-08-30,٠٨:٤٧ م,4746627,,Shobra,Speedo,,No
2026-08-30,٠٨:٤٧ م,4746642,,Mohandiseen,Stop Car,,No
2026-08-30,٠٨:٤٧ م,4746690,,Shobra,El Abtal,,Yes
2026-08-30,٠٨:٤٧ م,4746704,,Mohandiseen,Jasson,,Yes
2026-08-30,٠٨:٤٧ م,4746755,,Mohandiseen,Team mh for Delivery,,Yes
2026-08-30,٠٨:٤٧ م,4746798,,Mohandiseen,Speedo,,Yes
2026-08-30,٠٨:٤٧ م,4746917,,Mohandiseen,Speedo,,Yes
2026-08-30,٠٨:٤٧ م,4746922,,Mohandiseen,Jasson,,No
2026-08-30,٠٨:٤٧ م,4747071,,Shobra,Speedo,,No
2026-08-30,٠٨:٤٧ م,4747214,,Mohandiseen,Team mh for Delivery,,Yes
2026-08-30,٠٨:٤٧ م,4747358,,Mohandiseen,Full Speed,,Yes
2026-08-30,٠٨:٤٧ م,4747833,,Mohandiseen,MTA,,No
2026-08-30,٠٨:٤٧ م,4747854,,Mohandiseen,el Dawlya,,Yes
2026-08-30,٠٨:٤٧ م,4747869,,Hadayek el qobba,Full Speed,,No
2026-08-30,٠٨:٤٧ م,4747930,,Mohandiseen,MTA,,Yes
2026-08-30,٠٨:٤٧ م,4748044,,Shobra,Ebad El rahman,,No
2026-08-30,٠٨:٤٧ م,4748065,,Hadayek el qobba,El Abtal,,Yes
2026-08-30,٠٨:٤٧ م,4748188,,Mohandiseen,Speedo,,No
2026-08-30,٠٨:٤٧ م,4748205,,Hadayek el qobba,El Ezz,,No
2026-08-30,٠٨:٤٧ م,4748226,,Shobra,Jasson,,No
2026-08-30,٠٨:٤٧ م,4748314,,Hadayek el qobba,Team mh for Delivery,,No
2026-08-30,٠٨:٤٧ م,4748559,,Mohandiseen,MTA,,Yes
2026-08-30,٠٨:٤٧ م,4748667,,Hadayek el qobba,MTA,,Yes
2026-08-30,٠٨:٤٧ م,4750334,,Hadayek el qobba,El Tohami,,No
2026-08-30,٠٨:٤٧ م,4750383,,Shobra,Al Alamia,,No
2026-08-30,٠٨:٤٧ م,4750917,,Mohandiseen,MR Delivery,,Yes
2026-08-30,٠٨:٤٧ م,4750955,,Mohandiseen,Speedo,,Yes
2026-08-30,٠٨:٤٧ م,4750980,,Mohandiseen,Super Speed,,No
2026-08-30,٠٨:٤٧ م,4751004,,Mohandiseen,el Dawlya,,Yes
2026-08-30,٠٨:٤٧ م,4751067,,Mohandiseen,MR Delivery,,Yes
2026-08-30,٠٨:٤٧ م,4751223,,Hadayek el qobba,El Abtal,,No
2026-08-30,٠٨:٤٧ م,4751248,,Hadayek el qobba,Stop Car,,Yes
2026-08-30,٠٨:٤٧ م,4751285,,Mohandiseen,Speedo,,Yes
2026-08-30,٠٨:٤٧ م,4751479,,Mohandiseen,Team mh for Delivery,,Yes
2026-08-30,٠٨:٤٧ م,4751496,,Hadayek el qobba,BeCool,,Yes
2026-08-30,٠٨:٤٧ م,4754625,,Mohandiseen,Full Speed,,Yes
2026-08-30,٠٨:٤٧ م,4754630,,Mohandiseen,Super Speed,,Yes
2026-08-30,٠٨:٤٧ م,4754641,,Mohandiseen,Team mh for Delivery,,No
2026-08-30,٠٨:٤٧ م,4754648,,Mohandiseen,Team mh for Delivery,,Yes
2026-08-30,٠٨:٤٧ م,4754652,,Mohandiseen,Team mh for Delivery,,No
2026-08-30,٠٨:٤٧ م,4754921,,Mohandiseen,Ready,,Yes
2026-08-30,٠٨:٤٧ م,4755013,,Mohandiseen,Ready,,Yes
2026-08-30,٠٨:٤٧ م,4755017,,Mohandiseen,MTA,,Yes
2026-08-30,٠٨:٤٧ م,4755021,,Mohandiseen,MTA,,No
2026-08-30,٠٨:٤٧ م,4755920,,Hadayek el qobba,BeCool,,Yes
2026-08-30,٠٨:٤٧ م,4755923,,Mohandiseen,el Dawlya,,No
2026-08-30,٠٨:٤٧ م,4755938,,Hadayek el qobba,BeCool,,No
2026-08-30,٠٨:٤٧ م,4755944,,Mohandiseen,MTA,,Yes
2026-08-30,٠٨:٤٧ م,4756001,,Mohandiseen,Speedo,,Yes
2026-08-30,٠٨:٤٧ م,4756020,,Hadayek el qobba,BeCool,,Yes
2026-08-30,٠٨:٤٧ م,4756116,,Mohandiseen,el Dawlya,,Yes
2026-08-30,٠٨:٤٧ م,4756218,,Mohandiseen,Ebad El rahman,,Yes
2026-08-30,٠٨:٤٧ م,4756231,,Hadayek el qobba,BeCool,,No
2026-08-30,٠٨:٤٧ م,4756363,,Mohandiseen,el Dawlya,,Yes
2026-08-30,٠٨:٤٧ م,4756422,,Mohandiseen,el Dawlya,,Yes
2026-08-30,٠٨:٤٧ م,4758567,,Mohandiseen,El Ezz,,No
2026-08-30,٠٨:٤٧ م,4758767,,Mohandiseen,Ready,,Yes
2026-08-30,٠٨:٤٧ م,4759006,,Mohandiseen,Team mh for Delivery,,Yes
2026-08-30,٠٨:٤٧ م,4759076,,Shobra,MTA,,Yes
2026-08-30,٠٨:٤٧ م,4759444,,Hadayek el qobba,Top delivery,,Yes
2026-08-30,٠٨:٤٧ م,4759591,,Hadayek el qobba,Stop Car,,Yes
2026-08-30,٠٨:٤٧ م,4759611,,Hadayek el qobba,El Tohami,,Yes
2026-08-30,٠٨:٤٧ م,4759748,,Shobra,Team mh for Delivery,,Yes
2026-08-30,٠٨:٤٧ م,4760676,,Hadayek el qobba,El Abtal,,Yes
2026-08-30,٠٨:٤٧ م,4760729,,Shobra,MTA,,No
2026-08-30,٠٨:٤٧ م,4760777,,Mohandiseen,Team mh for Delivery,,Yes
2026-08-30,٠٨:٤٧ م,4760785,,Shobra,Team mh for Delivery,,Yes
2026-08-30,٠٨:٤٧ م,4760805,,Shobra,Al Alamia,,Yes
2026-08-30,٠٨:٤٧ م,4760927,,Hadayek el qobba,Team mh for Delivery,,No
2026-08-30,٠٨:٤٧ م,4760971,,Mohandiseen,Speedo,,Yes
2026-08-30,٠٨:٤٧ م,4761005,,Shobra,MTA,,Yes
2026-08-30,٠٨:٤٧ م,4761061,,Mohandiseen,el Dawlya,,Yes
2026-08-30,٠٨:٤٧ م,4761149,,Mohandiseen,MR Delivery,,Yes
2026-08-30,٠٨:٤٧ م,4761161,,Mohandiseen,MR Delivery,,Yes
2026-08-30,٠٨:٤٧ م,4761186,,Shobra,MTA,,Yes
2026-08-30,٠٨:٤٧ م,4761196,,Mohandiseen,Tanta Car,,Yes
2026-08-30,٠٨:٤٧ م,4761207,,Shobra,Al Alamia,,Yes
2026-08-30,٠٨:٤٧ م,4761211,,Hadayek el qobba,Team mh for Delivery,,No
2026-08-30,٠٨:٤٧ م,4761219,,Mohandiseen,Speedo,,No
2026-08-30,٠٨:٤٧ م,4761260,,Hadayek el qobba,BeCool,,Yes
2026-08-30,٠٨:٤٧ م,4761280,,Hadayek el qobba,el Dawlya,,No
2026-08-30,٠٨:٤٧ م,4761343,,Mohandiseen,Team mh for Delivery,,Yes
2026-08-30,٠٨:٤٧ م,4761419,,Mohandiseen,MR Delivery,,No
2026-08-30,٠٨:٤٧ م,4761839,,Mohandiseen,El Ezz,,No
2026-08-30,٠٨:٤٧ م,4762240,,Mohandiseen,Team mh for Delivery,,No
2026-08-30,٠٨:٤٧ م,4762582,,Mohandiseen,Noot,,Yes
2026-08-30,٠٨:٤٧ م,4762667,,Mohandiseen,Team mh for Delivery,,Yes
2026-08-30,٠٨:٤٧ م,4762668,,Mohandiseen,MR Delivery,,Yes
2026-08-30,٠٨:٤٧ م,4762701,,Hadayek el qobba,Top delivery,,Yes
2026-08-30,٠٨:٤٧ م,4762820,,Mohandiseen,Full Speed,,Yes
2026-08-30,٠٨:٤٧ م,4763873,,Mohandiseen,El Ezz,,Yes
2026-08-30,٠٨:٤٧ م,4764036,,Mohandiseen,Speedo,,No
2026-08-30,٠٨:٤٧ م,4764055,,Mohandiseen,Ebad El rahman,,No
2026-08-30,٠٨:٤٧ م,4764058,,Mohandiseen,Speedo,,Yes
2026-08-30,٠٨:٤٧ م,4764113,,Mohandiseen,Al Alamia,,Yes
2026-08-30,٠٨:٤٧ م,4764142,,Mohandiseen,el Dawlya,,Yes
2026-08-30,٠٨:٤٧ م,4764168,,Shobra,El Tohami,,Yes
2026-08-30,٠٨:٤٧ م,4764188,,Shobra,Al Alamia,,Yes
2026-08-30,٠٨:٤٧ م,4764190,,Shobra,Speedo,,Yes
2026-08-30,٠٨:٤٧ م,4764323,,Mohandiseen,Speedo,,Yes
2026-08-30,٠٨:٤٧ م,4764351,,Shobra,Team mh for Delivery,,No
2026-08-30,٠٨:٤٧ م,4764385,,Mohandiseen,Al Alamia,,Yes
2026-08-30,٠٨:٤٧ م,4764410,,Mohandiseen,El Abtal,,No
2026-08-30,٠٨:٤٧ م,4764414,,Mohandiseen,Tanta Car,,Yes
2026-08-30,٠٨:٤٧ م,4764440,,Mohandiseen,Al Alamia,,Yes
2026-08-30,٠٨:٤٧ م,4764461,,Mohandiseen,Speedo,,Yes
2026-08-30,٠٨:٤٧ م,4764478,,Mohandiseen,El Ezz,,Yes
2026-08-30,٠٨:٤٧ م,4764620,,Mohandiseen,Full Speed,,Yes
2026-08-30,٠٨:٤٧ م,4764728,,Hadayek el qobba,Full Speed,,No
2026-08-30,٠٨:٤٧ م,4765043,,Hadayek el qobba,Full Speed,,No
2026-08-30,٠٨:٤٧ م,4765379,,Hadayek el qobba,Top delivery,,No
2026-08-30,٠٨:٤٧ م,4765383,,Mohandiseen,Team mh for Delivery,,No
2026-08-30,٠٨:٤٧ م,4765397,,Hadayek el qobba,Jasson,,No
2026-08-30,٠٨:٤٧ م,4765597,,Mohandiseen,MTA,,No
2026-08-30,٠٨:٤٧ م,4765613,,Mohandiseen,Tanta Car,,No
2026-08-30,٠٨:٤٧ م,4765628,,Shobra,Team mh for Delivery,,Yes
2026-08-30,٠٨:٤٧ م,4765645,,Shobra,El Abtal,,No
2026-08-30,٠٨:٤٧ م,4765648,,Hadayek el qobba,El Abtal,,Yes
2026-08-30,٠٨:٤٧ م,4765669,,Hadayek el qobba,Jasson,,Yes
2026-08-30,٠٨:٤٧ م,4765682,,Hadayek el qobba,El Abtal,,No
2026-08-30,٠٨:٤٧ م,4765729,,Mohandiseen,Tanta Car,,No
2026-08-30,٠٨:٤٧ م,4765739,,Mohandiseen,Ebad El rahman,,Yes
2026-08-30,٠٨:٤٧ م,4765782,,Shobra,Al Alamia,,No
2026-08-30,٠٨:٤٧ م,4765795,,Hadayek el qobba,Jasson,,Yes
2026-08-30,٠٨:٤٧ م,4766211,,Mohandiseen,Full Speed,,Yes
2026-08-30,٠٨:٤٧ م,4766965,,Mohandiseen,Ebad El rahman,,Yes
2026-08-30,٠٨:٤٧ م,4767473,,Mohandiseen,Ebad El rahman,,Yes
2026-08-30,٠٨:٤٧ م,4767533,,Mohandiseen,El Tohami,,Yes
2026-08-30,٠٨:٤٧ م,4768156,,Mohandiseen,MTA,,No
2026-08-30,٠٨:٤٧ م,4768182,,Mohandiseen,BeCool,,Yes
2026-08-30,٠٨:٤٧ م,4768225,,Mohandiseen,Speedo,,No
2026-08-30,٠٨:٤٧ م,4768231,,Shobra,Speedo,,Yes
2026-08-30,٠٨:٤٧ م,4768241,,Shobra,Team mh for Delivery,,No
2026-08-30,٠٨:٤٧ م,4768278,,Shobra,Noot,,No
2026-08-30,٠٨:٤٧ م,4768301,,Shobra,Al Alamia,,No
2026-08-30,٠٨:٤٧ م,4768364,,Mohandiseen,MTA,,Yes
2026-08-30,٠٨:٤٧ م,4768388,,Mohandiseen,El Ezz,,Yes
2026-08-30,٠٨:٤٧ م,4768400,,Shobra,MTA,,Yes
2026-08-30,٠٨:٤٧ م,4768470,,Mohandiseen,MTA,,Yes
2026-08-30,٠٨:٤٧ م,4768549,,Mohandiseen,el Dawlya,,Yes
2026-08-30,٠٨:٤٧ م,4768560,,Mohandiseen,Super Speed,,No
2026-08-30,٠٨:٤٧ م,4768570,,Shobra,Speedo,,Yes
2026-08-30,٠٨:٤٧ م,4768633,,Mohandiseen,Tanta Car,,No
2026-08-30,٠٨:٤٧ م,4768668,,Hadayek el qobba,MTA,,No
2026-08-30,٠٨:٤٧ م,4771622,,Mohandiseen,Super Speed,,Yes
2026-08-30,٠٨:٤٧ م,4771639,,Hadayek el qobba,Speedo,,No
2026-08-30,٠٨:٤٧ م,4771878,,Mohandiseen,El Tohami,,No
2026-08-30,٠٨:٤٧ م,4771887,,Mohandiseen,Ready,,No
2026-08-30,٠٨:٤٧ م,4771889,,Hadayek el qobba,El Tohami,,Yes
2026-08-30,٠٨:٤٧ م,4771891,,Shobra,Team mh for Delivery,,No
2026-08-30,٠٨:٤٧ م,4771939,,Mohandiseen,Full Speed,,Yes
2026-08-30,٠٨:٤٧ م,4771974,,Mohandiseen,MTA,,No
2026-08-30,٠٨:٤٧ م,4772015,,Mohandiseen,Team mh for Delivery,,Yes
2026-08-30,٠٨:٤٧ م,4772044,,Shobra,MTA,,Yes
2026-08-30,٠٨:٤٧ م,4772182,,Hadayek el qobba,El Abtal,,Yes
2026-08-30,٠٨:٤٧ م,4772219,,Mohandiseen,BeCool,,Yes
2026-08-30,٠٨:٤٧ م,4772230,,Mohandiseen,Speedo,,Yes
2026-08-30,٠٨:٤٧ م,4772240,,Shobra,Team mh for Delivery,,Yes
2026-08-30,٠٨:٤٧ م,4772244,,Hadayek el qobba,El Abtal,,No
2026-08-30,٠٨:٤٧ م,4772305,,Mohandiseen,Tanta Car,,Yes
2026-08-30,٠٨:٤٧ م,4773114,,Hadayek el qobba,Speedo,,No
2026-08-30,٠٨:٤٧ م,4773152,,Mohandiseen,BeCool,,No
2026-08-30,٠٨:٤٧ م,4773197,,Hadayek el qobba,BeCool,,No
2026-08-30,٠٨:٤٧ م,4773205,,Mohandiseen,Speedo,,Yes
2026-08-30,٠٨:٤٧ م,4773457,,Mohandiseen,BeCool,,Yes
2026-08-30,٠٨:٤٧ م,4774947,,Mohandiseen,Tanta Car,,No
2026-08-30,٠٨:٤٧ م,4775018,,Shobra,Speedo,,Yes
2026-08-30,٠٨:٤٧ م,4775225,,Mohandiseen,Noot,,Yes
2026-08-30,٠٨:٤٧ م,4775397,,Mohandiseen,Full Speed,,No
2026-08-30,٠٨:٤٧ م,4775453,,Hadayek el qobba,Full Speed,,No
2026-08-30,٠٨:٤٧ م,4775500,,Shobra,Full Speed,,Yes
2026-08-30,٠٨:٤٧ م,4775675,,Hadayek el qobba,Top delivery,,Yes
2026-08-30,٠٨:٤٧ م,4775899,,Shobra,El Tohami,,Yes
2026-08-30,٠٨:٤٧ م,4776061,,Mohandiseen,Top delivery,,No
2026-08-30,٠٨:٤٧ م,4776948,,Mohandiseen,MTA,,No
2026-08-30,٠٨:٤٧ م,4776950,,Mohandiseen,Team mh for Delivery,,Yes
2026-08-30,٠٨:٤٧ م,4776952,,Shobra,Team mh for Delivery,,Yes
2026-08-30,٠٨:٤٧ م,4776956,,Mohandiseen,MR Delivery,,No
2026-08-30,٠٨:٤٧ م,4776966,,Shobra,Al Alamia,,No
2026-08-30,٠٨:٤٧ م,4776969,,Hadayek el qobba,MTA,,Yes
2026-08-30,٠٨:٤٧ م,4776979,,Shobra,Ebad El rahman,,No
2026-08-30,٠٨:٤٧ م,4776981,,Mohandiseen,El Abtal,,No
2026-08-30,٠٨:٤٧ م,4777003,,Mohandiseen,MTA,,No
2026-08-30,٠٨:٤٧ م,4777027,,Mohandiseen,El Abtal,,No
2026-08-30,٠٨:٤٧ م,4777034,,Hadayek el qobba,Al Alamia,,Yes
2026-08-30,٠٨:٤٧ م,4777047,,Shobra,Jasson,,Yes
2026-08-30,٠٨:٤٧ م,4777133,,Hadayek el qobba,MTA,,No
2026-08-30,٠٨:٤٧ م,4777137,,Mohandiseen,Al Alamia,,Yes
2026-08-30,٠٨:٤٧ م,4777143,,Mohandiseen,Speedo,,Yes
2026-08-30,٠٨:٤٧ م,4777167,,Hadayek el qobba,MTA,,No
2026-08-30,٠٨:٤٧ م,4777194,,Shobra,Team mh for Delivery,,Yes
2026-08-30,٠٨:٤٧ م,4777199,,Mohandiseen,Team mh for Delivery,,Yes
2026-08-30,٠٨:٤٧ م,4777231,,Mohandiseen,Team mh for Delivery,,Yes
2026-08-30,٠٨:٤٧ م,4777241,,Shobra,Team mh for Delivery,,Yes
2026-08-30,٠٨:٤٧ م,4777252,,Shobra,Team mh for Delivery,,Yes
2026-08-30,٠٨:٤٧ م,4777298,,Mohandiseen,el Dawlya,,No
2026-08-30,٠٨:٤٧ م,4777329,,Mohandiseen,el Dawlya,,Yes
2026-08-30,٠٨:٤٧ م,4777383,,Hadayek el qobba,Full Speed,,No
2026-08-30,٠٨:٤٧ م,4777397,,Shobra,Ebad El rahman,,Yes
2026-08-30,٠٨:٤٧ م,4777473,,Hadayek el qobba,MTA,,Yes
2026-08-30,٠٨:٤٧ م,4777637,,Hadayek el qobba,Top delivery,,No
2026-08-30,٠٨:٤٧ م,4777722,,Mohandiseen,El Abtal,,No
2026-08-30,٠٨:٤٧ م,4777748,,Mohandiseen,MTA,,Yes
2026-08-30,٠٨:٤٧ م,4777819,,Mohandiseen,el Dawlya,,Yes
2026-08-30,٠٨:٤٧ م,4777828,,Mohandiseen,Jasson,,Yes
2026-08-30,٠٨:٤٧ م,4777980,,Mohandiseen,el Dawlya,,Yes
2026-08-30,٠٨:٤٧ م,4778227,,Mohandiseen,BeCool,,No
2026-08-30,٠٨:٤٧ م,4778738,,Mohandiseen,BeCool,,Yes
2026-08-30,٠٨:٤٧ م,4778836,,Shobra,Speedo,,Yes
2026-08-30,٠٨:٤٧ م,4778839,,Mohandiseen,El Tohami,,Yes
2026-08-30,٠٨:٤٧ م,4778882,,Hadayek el qobba,MTA,,No
2026-08-30,٠٨:٤٧ م,4778909,,Hadayek el qobba,El Tohami,,No
2026-08-30,٠٨:٤٧ م,4779004,,Shobra,Noot,,No
2026-08-30,٠٨:٤٧ م,4779005,,Mohandiseen,Full Speed,,Yes
2026-08-30,٠٨:٤٧ م,4779201,,Shobra,Ebad El rahman,,No
2026-08-30,٠٨:٤٧ م,4779216,,Shobra,Speedo,,No
2026-08-30,٠٨:٤٧ م,4779253,,Mohandiseen,el Dawlya,,No
2026-08-30,٠٨:٤٧ م,4780344,,Mohandiseen,Speedo,,No
2026-08-30,٠٨:٤٧ م,4780879,,Shobra,Team mh for Delivery,,No
2026-08-30,٠٨:٤٧ م,4781027,,Mohandiseen,Jasson,,Yes
2026-08-30,٠٨:٤٧ م,4781174,,Mohandiseen,MTA,,Yes
2026-08-30,٠٨:٤٧ م,4781762,,Mohandiseen,el Dawlya,,No
2026-08-30,٠٨:٤٧ م,4781782,,Hadayek el qobba,MTA,,Yes
2026-08-30,٠٨:٤٧ م,4781830,,Mohandiseen,el Dawlya,,No
2026-08-30,٠٨:٤٧ م,4781853,,Shobra,Team mh for Delivery,,No
2026-08-30,٠٨:٤٧ م,4781866,,Shobra,Team mh for Delivery,,No
2026-08-30,٠٨:٤٧ م,4781886,,Mohandiseen,el Dawlya,,Yes
2026-08-30,٠٨:٤٧ م,4781902,,Shobra,Al Alamia,,No
2026-08-30,٠٨:٤٧ م,4781907,,Mohandiseen,Ebad El rahman,,No
2026-08-30,٠٨:٤٧ م,4781915,,Shobra,Ebad El rahman,,No
2026-08-30,٠٨:٤٧ م,4781931,,Hadayek el qobba,MTA,,Yes
2026-08-30,٠٨:٤٧ م,4781964,,Mohandiseen,el Dawlya,,Yes
2026-08-30,٠٨:٤٧ م,4782009,,Mohandiseen,El Ezz,,Yes
2026-08-30,٠٨:٤٧ م,4782059,,Mohandiseen,Speedo,,Yes
2026-08-30,٠٨:٤٧ م,4782072,,Mohandiseen,el Dawlya,,Yes
2026-08-30,٠٨:٤٧ م,4782125,,Mohandiseen,Ready,,Yes
2026-08-30,٠٨:٤٧ م,4782151,,Mohandiseen,el Dawlya,,Yes
2026-08-30,٠٨:٤٧ م,4782169,,Mohandiseen,el Dawlya,,No
2026-08-30,٠٨:٤٧ م,4782351,,Mohandiseen,Team mh for Delivery,,Yes
2026-08-30,٠٨:٤٧ م,4784100,,Shobra,Al Alamia,,No
2026-08-30,٠٨:٤٧ م,4784106,,Hadayek el qobba,El Tohami,,No
2026-08-30,٠٨:٤٧ م,4784107,,Mohandiseen,MR Delivery,,No
2026-08-30,٠٨:٤٧ م,4784263,,Hadayek el qobba,Top delivery,,No
2026-08-30,٠٨:٤٧ م,4784344,,Mohandiseen,Full Speed,,Yes
2026-08-30,٠٨:٤٧ م,4784407,,Mohandiseen,Team mh for Delivery,,No
2026-08-30,٠٨:٤٧ م,4784469,,Hadayek el qobba,MTA,,Yes
2026-08-30,٠٨:٤٧ م,4785500,,Mohandiseen,El Tohami,,Yes
2026-08-30,٠٨:٤٧ م,4785507,,Hadayek el qobba,Top delivery,,Yes
2026-08-30,٠٨:٤٧ م,4785508,,Mohandiseen,el Dawlya,,Yes
2026-08-30,٠٨:٤٧ م,4785540,,Hadayek el qobba,Al Alamia,,Yes
2026-08-30,٠٨:٤٧ م,4785544,,Hadayek el qobba,Ebad El rahman,,No
2026-08-30,٠٨:٤٧ م,4785549,,Hadayek el qobba,Top delivery,,No
2026-08-30,٠٨:٤٧ م,4785593,,Mohandiseen,el Dawlya,,No
2026-08-30,٠٨:٤٧ م,4785664,,Mohandiseen,Al Alamia,,No
2026-08-30,٠٨:٤٧ م,4785675,,Mohandiseen,Team mh for Delivery,,Yes
2026-08-30,٠٨:٤٧ م,4785715,,Mohandiseen,Jasson,,Yes
2026-08-30,٠٨:٤٧ م,4785731,,Hadayek el qobba,El Abtal,,Yes
2026-08-30,٠٨:٤٧ م,4785850,,Hadayek el qobba,Team mh for Delivery,,Yes
2026-08-30,٠٨:٤٧ م,4785890,,Shobra,Speedo,,Yes
2026-08-30,٠٨:٤٧ م,4787531,,Hadayek el qobba,MTA,,Yes
2026-08-30,٠٨:٤٧ م,4787756,,Mohandiseen,El Tohami,,Yes
2026-08-30,٠٨:٤٧ م,4787760,,Hadayek el qobba,El Tohami,,No
2026-08-30,٠٨:٤٧ م,4787868,,Mohandiseen,MTA,,No
2026-08-30,٠٨:٤٧ م,4787976,,Mohandiseen,El Tohami,,Yes
2026-08-30,٠٨:٤٧ م,4787985,,Shobra,Team mh for Delivery,,Yes
2026-08-30,٠٨:٤٧ م,4788004,,Mohandiseen,Team mh for Delivery,,Yes
2026-08-30,٠٨:٤٧ م,4788059,,Hadayek el qobba,Full Speed,,Yes
2026-08-30,٠٨:٤٧ م,4788101,,Mohandiseen,MTA,,Yes
2026-08-30,٠٨:٤٧ م,4788148,,Mohandiseen,el Dawlya,,Yes
2026-08-30,٠٨:٤٧ م,4788159,,Shobra,MTA,,Yes
2026-08-30,٠٨:٤٧ م,4788946,,Mohandiseen,Speedo,,Yes
2026-08-30,٠٨:٤٧ م,4788960,,Mohandiseen,Stop Car,,No
2026-08-30,٠٨:٤٧ م,4788967,,Mohandiseen,Ready,,No
2026-08-30,٠٨:٤٧ م,4789010,,Mohandiseen,el Dawlya,,Yes
2026-08-30,٠٨:٤٧ م,4789016,,Mohandiseen,Speedo,,No
2026-08-30,٠٨:٤٧ م,4789023,,Mohandiseen,Al Alamia,,Yes
2026-08-30,٠٨:٤٧ م,4789049,,Hadayek el qobba,Speedo,,Yes
2026-08-30,٠٨:٤٧ م,4789134,,Mohandiseen,Jasson,,Yes
2026-08-30,٠٨:٤٧ م,4789302,,Mohandiseen,Tanta Car,,Yes
2026-08-30,٠٨:٤٧ م,4800444,,Shobra,El Tohami,,No
2026-08-30,٠٨:٤٧ م,4800453,,Mohandiseen,Full Speed,,No
2026-08-30,٠٨:٤٧ م,4800536,,Mohandiseen,MTA,,No
2026-08-30,٠٨:٤٧ م,4800683,,Shobra,el Dawlya,,Yes
2026-08-30,٠٨:٤٧ م,4801192,,Mohandiseen,El Ezz,,Yes
2026-08-30,٠٨:٤٧ م,4801208,,Mohandiseen,el Dawlya,,Yes
2026-08-30,٠٨:٤٧ م,4801252,,Mohandiseen,Ebad El rahman,,Yes
2026-08-30,٠٨:٤٧ م,4801379,,Mohandiseen,Al Alamia,,No
2026-08-30,٠٨:٤٧ م,4801410,,Mohandiseen,Tanta Car,,Yes
2026-08-30,٠٨:٤٧ م,4801431,,Mohandiseen,Speedo,,No
2026-08-30,٠٨:٤٧ م,4801670,,Mohandiseen,Speedo,,Yes
2026-08-30,٠٨:٤٧ م,4801685,,Hadayek el qobba,Al Alamia,,No
2026-08-30,٠٨:٤٧ م,4801709,,Mohandiseen,Jasson,,Yes
2026-08-30,٠٨:٤٧ م,4801796,,Shobra,MTA,,Yes
2026-08-30,٠٨:٤٧ م,4801811,,Hadayek el qobba,Top delivery,,Yes
2026-08-30,٠٨:٤٧ م,4801819,,Hadayek el qobba,Top delivery,,Yes
2026-08-30,٠٨:٤٧ م,4801825,,Shobra,Team mh for Delivery,,No
2026-08-30,٠٨:٤٧ م,4801830,,Shobra,Team mh for Delivery,,Yes
2026-08-30,٠٨:٤٧ م,4801875,,Hadayek el qobba,Top delivery,,No
2026-08-30,٠٨:٤٧ م,4801880,,Shobra,Team mh for Delivery,,No
2026-08-30,٠٨:٤٧ م,4801903,,Hadayek el qobba,Full Speed,,No
2026-08-30,٠٨:٤٧ م,4801908,,Mohandiseen,Ready,,Yes
2026-08-30,٠٨:٤٧ م,4801929,,Mohandiseen,Speedo,,No
2026-08-30,٠٨:٤٧ م,4801939,,Mohandiseen,Speedo,,Yes
2026-08-30,٠٨:٤٧ م,4801944,,Mohandiseen,Speedo,,Yes
2026-08-30,٠٨:٤٧ م,4801954,,Hadayek el qobba,Speedo,,Yes
2026-08-30,٠٨:٤٧ م,4801963,,Shobra,Al Alamia,,No
2026-08-30,٠٨:٤٧ م,4801984,,Hadayek el qobba,Jasson,,No
2026-08-30,٠٨:٤٧ م,4802001,,Mohandiseen,Ebad El rahman,,No
2026-08-30,٠٨:٤٧ م,4802031,,Mohandiseen,El Abtal,,Yes
2026-08-30,٠٨:٤٧ م,4802043,,Hadayek el qobba,El Ezz,,No
2026-08-30,٠٨:٤٧ م,4802066,,Hadayek el qobba,El Abtal,,No
2026-08-30,٠٨:٤٧ م,4802288,,Shobra,Al Alamia,,Yes
2026-08-30,٠٨:٤٧ م,4802295,,Shobra,Jasson,,Yes
2026-08-30,٠٨:٤٧ م,4802433,,Mohandiseen,Team mh for Delivery,,No
2026-08-30,٠٨:٤٧ م,4802454,,Shobra,Al Alamia,,No
2026-08-30,٠٨:٤٧ م,4802790,,Mohandiseen,El Ezz,,No
2026-08-30,٠٨:٤٧ م,4802882,,Mohandiseen,Noot,,Yes
2026-08-30,٠٨:٤٧ م,4802885,,Mohandiseen,Team mh for Delivery,,No
2026-08-30,٠٨:٤٧ م,4802899,,Mohandiseen,Full Speed,,Yes
2026-08-30,٠٨:٤٧ م,4802918,,Mohandiseen,Super Speed,,Yes
2026-08-30,٠٨:٤٧ م,4803036,,Shobra,Team mh for Delivery,,No
2026-08-30,٠٨:٤٧ م,4803091,,Mohandiseen,Team mh for Delivery,,Yes
2026-08-30,٠٨:٤٧ م,4803103,,Shobra,MTA,,Yes
2026-08-30,٠٨:٤٧ م,4803121,,Mohandiseen,Speedo,,Yes
2026-08-30,٠٨:٤٧ م,4803618,,Shobra,MTA,,Yes
2026-08-30,٠٨:٤٧ م,4803644,,Mohandiseen,Al Alamia,,No
2026-08-30,٠٨:٤٧ م,4803676,,Mohandiseen,Ready,,Yes
2026-08-30,٠٨:٤٧ م,4803692,,Shobra,El Abtal,,Yes
2026-08-30,٠٨:٤٧ م,4803761,,Mohandiseen,el Dawlya,,No
2026-08-30,٠٨:٤٧ م,4803815,,Mohandiseen,Al Alamia,,Yes
2026-08-30,٠٨:٤٧ م,4803838,,Shobra,Speedo,,Yes
2026-08-30,٠٨:٤٧ م,4803841,,Mohandiseen,Ebad El rahman,,No
2026-08-30,٠٨:٤٧ م,4803896,,Shobra,El Abtal,,Yes
2026-08-30,٠٨:٤٧ م,4803915,,Mohandiseen,Speedo,,No
2026-08-30,٠٨:٤٧ م,4803956,,Mohandiseen,el Dawlya,,Yes
2026-08-30,٠٨:٤٧ م,4804026,,Mohandiseen,Speedo,,No
2026-08-30,٠٨:٤٧ م,4804095,,Mohandiseen,el Dawlya,,Yes
2026-08-30,٠٨:٤٧ م,4804484,,Shobra,Al Alamia,,No
2026-08-30,٠٨:٤٧ م,4804496,,Mohandiseen,Super Speed,,No
2026-08-30,٠٨:٤٧ م,4804545,,Mohandiseen,Top delivery,,Yes
2026-08-30,٠٨:٤٧ م,4804560,,Mohandiseen,Ready,,No
2026-08-30,٠٨:٤٧ م,4804574,,Mohandiseen,Ebad El rahman,,Yes
2026-08-30,٠٨:٤٧ م,4804576,,Mohandiseen,Tanta Car,,Yes
2026-08-30,٠٨:٤٧ م,4804582,,Hadayek el qobba,Full Speed,,Yes
2026-08-30,٠٨:٤٧ م,4804662,,Shobra,El Abtal,,Yes
2026-08-30,٠٨:٤٧ م,4804701,,Hadayek el qobba,Jasson,,No
2026-08-30,٠٨:٤٧ م,4804702,,Mohandiseen,Apache,,No
2026-08-30,٠٨:٤٧ م,4804712,,Mohandiseen,Ebad El rahman,,Yes
2026-08-30,٠٨:٤٧ م,4804729,,Shobra,Full Speed,,Yes
2026-08-30,٠٨:٤٧ م,4804735,,Mohandiseen,Team mh for Delivery,,Yes
2026-08-30,٠٨:٤٧ م,4804759,,Hadayek el qobba,Team mh for Delivery,,Yes
2026-08-30,٠٨:٤٧ م,4804760,,Mohandiseen,MTA,,Yes
2026-08-30,٠٨:٤٧ م,4804784,,Hadayek el qobba,Jasson,,Yes
2026-08-30,٠٨:٤٧ م,4804881,,Mohandiseen,el Dawlya,,Yes
2026-08-30,٠٨:٤٧ م,4805799,,Mohandiseen,Team mh for Delivery,,Yes
2026-08-30,٠٨:٤٧ م,4805840,,Mohandiseen,El Tohami,,Yes
2026-08-30,٠٨:٤٧ م,4805885,,Mohandiseen,Team mh for Delivery,,No
2026-08-30,٠٨:٤٧ م,4805988,,Mohandiseen,MTA,,No
2026-08-30,٠٨:٤٧ م,4805999,,Mohandiseen,El Tohami,,Yes
2026-08-30,٠٨:٤٧ م,4806120,,Mohandiseen,Al Alamia,,Yes
2026-08-30,٠٨:٤٧ م,4806147,,Mohandiseen,el Dawlya,,Yes
2026-08-30,٠٨:٤٧ م,4806151,,Hadayek el qobba,MTA,,Yes
2026-08-30,٠٨:٤٧ م,4806175,,Hadayek el qobba,Top delivery,,Yes
2026-08-30,٠٨:٤٧ م,4806279,,Hadayek el qobba,Jasson,,No
2026-08-30,٠٨:٤٧ م,4806322,,Shobra,El Tohami,,No
2026-08-30,٠٨:٤٧ م,4806354,,Hadayek el qobba,Top delivery,,No
2026-08-30,٠٨:٤٧ م,4806406,,Mohandiseen,Speedo,,Yes
2026-08-30,٠٨:٤٧ م,4807104,,Shobra,Apache,,Yes
2026-08-30,٠٨:٤٧ م,4807393,,Hadayek el qobba,Stop Car,,Yes
2026-08-30,٠٨:٤٧ م,4807803,,Shobra,Noot,,No
2026-08-30,٠٨:٤٧ م,4807904,,Hadayek el qobba,Top delivery,,No
2026-08-30,٠٨:٤٧ م,4807913,,Hadayek el qobba,Full Speed,,Yes
2026-08-30,٠٨:٤٧ م,4807914,,Hadayek el qobba,El Tohami,,No
2026-08-30,٠٨:٤٧ م,4807925,,Hadayek el qobba,El Tohami,,No
2026-08-30,٠٨:٤٧ م,4807934,,Mohandiseen,El Tohami,,Yes
2026-08-30,٠٨:٤٧ م,4807936,,Shobra,El Tohami,,No
2026-08-30,٠٨:٤٧ م,4807940,,Shobra,El Tohami,,Yes
2026-08-30,٠٨:٤٧ م,4807945,,Shobra,El Tohami,,No
2026-08-30,٠٨:٤٧ م,4807952,,Mohandiseen,Team mh for Delivery,,Yes
2026-08-30,٠٨:٤٧ م,4807954,,Mohandiseen,Noot,,No
2026-08-30,٠٨:٤٧ م,4807957,,Hadayek el qobba,Top delivery,,No
2026-08-30,٠٨:٤٧ م,4807958,,Shobra,Team mh for Delivery,,Yes
2026-08-30,٠٨:٤٧ م,4807961,,Mohandiseen,Team mh for Delivery,,No
2026-08-30,٠٨:٤٧ م,4807964,,Shobra,MTA,,Yes
2026-08-30,٠٨:٤٧ م,4807966,,Shobra,Team mh for Delivery,,Yes
2026-08-30,٠٨:٤٧ م,4807987,,Mohandiseen,El Tohami,,Yes
2026-08-30,٠٨:٤٧ م,4807993,,Mohandiseen,Super Speed,,Yes
2026-08-30,٠٨:٤٧ م,4808009,,Mohandiseen,El Abtal,,Yes
2026-08-30,٠٨:٤٧ م,4808019,,Mohandiseen,Speedo,,Yes
2026-08-30,٠٨:٤٧ م,4808026,,Mohandiseen,El Ezz,,Yes
2026-08-30,٠٨:٤٧ م,4808028,,Mohandiseen,Speedo,,Yes
2026-08-30,٠٨:٤٧ م,4808034,,Hadayek el qobba,El Abtal,,Yes
2026-08-30,٠٨:٤٧ م,4808049,,Hadayek el qobba,Speedo,,No
2026-08-30,٠٨:٤٧ م,4808072,,Hadayek el qobba,El Abtal,,Yes
2026-08-30,٠٨:٤٧ م,4808093,,Mohandiseen,BeCool,,No
2026-08-30,٠٨:٤٧ م,4808098,,Mohandiseen,Jasson,,No
2026-08-30,٠٨:٤٧ م,4808099,,Shobra,Al Alamia,,Yes
2026-08-30,٠٨:٤٧ م,4808113,,Mohandiseen,Ebad El rahman,,Yes
2026-08-30,٠٨:٤٧ م,4808114,,Mohandiseen,BeCool,,Yes
2026-08-30,٠٨:٤٧ م,4808247,,Shobra,el Dawlya,,Yes
2026-08-30,٠٨:٤٧ م,4808248,,Shobra,el Dawlya,,No
2026-08-30,٠٨:٤٧ م,4808251,,Mohandiseen,Speedo,,Yes
2026-08-30,٠٨:٤٧ م,4808296,,Mohandiseen,Jasson,,Yes
2026-08-30,٠٨:٤٧ م,4808374,,Mohandiseen,el Dawlya,,No
2026-08-30,٠٨:٤٧ م,4808922,,Hadayek el qobba,Top delivery,,Yes
2026-08-30,٠٨:٤٧ م,4808928,,Mohandiseen,Top delivery,,Yes
2026-08-30,٠٨:٤٧ م,4808941,,Shobra,Al Alamia,,No
2026-08-30,٠٨:٤٧ م,4808958,,Hadayek el qobba,Jasson,,No
2026-08-30,٠٨:٤٧ م,4808978,,Mohandiseen,Top delivery,,Yes
2026-08-30,٠٨:٤٧ م,4808992,,Mohandiseen,Full Speed,,Yes
2026-08-30,٠٨:٤٧ م,4809010,,Mohandiseen,Team mh for Delivery,,No
2026-08-30,٠٨:٤٧ م,4809196,,Mohandiseen,Apache,,Yes
2026-08-30,٠٨:٤٧ م,4809223,,Mohandiseen,El Ezz,,Yes
2026-08-30,٠٨:٤٧ م,4809287,,Mohandiseen,Apache,,Yes
2026-08-30,٠٨:٤٧ م,4809296,,Mohandiseen,Super Speed,,No
2026-08-30,٠٨:٤٧ م,4809321,,Mohandiseen,Team mh for Delivery,,Yes
2026-08-30,٠٨:٤٧ م,4809581,,Hadayek el qobba,Full Speed,,Yes
2026-08-30,٠٨:٤٧ م,4810349,,Hadayek el qobba,Top delivery,,Yes
2026-08-30,٠٨:٤٧ م,4810377,,Mohandiseen,Al Alamia,,No
2026-08-30,٠٨:٤٧ م,4810382,,Mohandiseen,Full Speed,,Yes
2026-08-30,٠٨:٤٧ م,4810416,,Mohandiseen,El Abtal,,No
2026-08-30,٠٨:٤٧ م,4810458,,Mohandiseen,MR Delivery,,No
2026-08-30,٠٨:٤٧ م,4810467,,Shobra,Team mh for Delivery,,Yes
2026-08-30,٠٨:٤٧ م,4810516,,Mohandiseen,Speedo,,Yes
2026-08-30,٠٨:٤٧ م,4810543,,Mohandiseen,Team mh for Delivery,,Yes
2026-08-30,٠٨:٤٧ م,4810649,,Mohandiseen,El Abtal,,No
2026-08-30,٠٨:٤٧ م,4810651,,Shobra,Al Alamia,,No
2026-08-30,٠٨:٤٧ م,4810656,,Mohandiseen,Team mh for Delivery,,No
2026-08-30,٠٨:٤٧ م,4810682,,Mohandiseen,el Dawlya,,No
2026-08-30,٠٨:٤٧ م,4810713,,Mohandiseen,MTA,,No
2026-08-30,٠٨:٤٧ م,4810728,,Mohandiseen,MTA,,No
2026-08-30,٠٨:٤٧ م,4810767,,Mohandiseen,Tanta Car,,Yes
2026-08-30,٠٨:٤٧ م,4810809,,Shobra,Al Alamia,,Yes
2026-08-30,٠٨:٤٧ م,4810810,,Shobra,Team mh for Delivery,,Yes
2026-08-30,٠٨:٤٧ م,4810836,,Shobra,Al Alamia,,Yes
2026-08-30,٠٨:٤٧ م,4810885,,Shobra,Al Alamia,,Yes
2026-08-30,٠٨:٤٧ م,4810897,,Hadayek el qobba,Barg,,Yes
2026-08-30,٠٨:٤٧ م,4811021,,Mohandiseen,El Abtal,,No
2026-08-30,٠٨:٤٧ م,4811041,,Mohandiseen,El Abtal,,Yes
2026-08-30,٠٨:٤٧ م,4811091,,Hadayek el qobba,BeCool,,No
2026-08-30,٠٨:٤٧ م,4811110,,Mohandiseen,Team mh for Delivery,,No
2026-08-30,٠٨:٤٧ م,4811190,,Shobra,Al Alamia,,No
2026-08-30,٠٨:٤٧ م,4811225,,Mohandiseen,Al Alamia,,Yes
2026-08-30,٠٨:٤٧ م,4811383,,Mohandiseen,El Ezz,,Yes
2026-08-30,٠٨:٤٧ م,4811456,,Mohandiseen,el Dawlya,,Yes
2026-08-30,٠٨:٤٧ م,4811471,,Mohandiseen,Full Speed,,No
2026-08-30,٠٨:٤٧ م,4811477,,Mohandiseen,Ready,,Yes
2026-08-30,٠٨:٤٧ م,4811482,,Shobra,Team mh for Delivery,,No
2026-08-30,٠٨:٤٧ م,4811598,,Mohandiseen,el Dawlya,,Yes
2026-08-30,٠٨:٤٧ م,4811633,,Hadayek el qobba,Stop Car,,Yes
2026-08-30,٠٨:٤٧ م,4811651,,Mohandiseen,el Dawlya,,Yes
2026-08-30,٠٨:٤٧ م,4811654,,Mohandiseen,MTA,,No
2026-08-30,٠٨:٤٧ م,4811720,,Mohandiseen,Team mh for Delivery,,No
2026-08-30,٠٨:٤٧ م,4811726,,Hadayek el qobba,Top delivery,,Yes
2026-08-30,٠٨:٤٧ م,4811760,,Mohandiseen,El Abtal,,No
2026-08-30,٠٨:٤٧ م,4811793,,Mohandiseen,el Dawlya,,Yes
2026-08-30,٠٨:٤٧ م,4811801,,Shobra,Speedo,,Yes
2026-08-30,٠٨:٤٧ م,4811846,,Hadayek el qobba,Team mh for Delivery,,Yes
2026-08-30,٠٨:٤٧ م,4812493,,Shobra,Al Alamia,,Yes
2026-08-30,٠٨:٤٧ م,4812505,,Mohandiseen,el Dawlya,,No
2026-08-30,٠٨:٤٧ م,4812534,,Mohandiseen,El Abtal,,No
2026-08-30,٠٨:٤٧ م,4812563,,Mohandiseen,Jasson,,Yes
2026-08-30,٠٨:٤٧ م,4812566,,Mohandiseen,Jasson,,Yes
2026-08-30,٠٨:٤٧ م,4812748,,Mohandiseen,Jasson,,Yes
2026-08-30,٠٨:٤٧ م,4813362,,Hadayek el qobba,El Tohami,,Yes
2026-08-30,٠٨:٤٧ م,4813409,,Mohandiseen,Full Speed,,No
2026-08-30,٠٨:٤٧ م,4813415,,Mohandiseen,MR Delivery,,No
2026-08-30,٠٨:٤٧ م,4813451,,Mohandiseen,Full Speed,,Yes
2026-08-30,٠٨:٤٧ م,4813611,,Mohandiseen,Full Speed,,Yes
2026-08-30,٠٨:٤٧ م,4813695,,Mohandiseen,El Tohami,,Yes
2026-08-30,٠٨:٤٧ م,4813705,,Hadayek el qobba,Jasson,,Yes
2026-08-30,٠٨:٤٧ م,4814136,,Shobra,Team mh for Delivery,,No
2026-08-30,٠٨:٤٧ م,4815288,,Mohandiseen,Speedo,,No
2026-08-30,٠٨:٤٧ م,4815447,,Mohandiseen,El Ezz,,Yes
2026-08-30,٠٨:٤٧ م,4815568,,Hadayek el qobba,El Tohami,,Yes
2026-08-30,٠٨:٤٧ م,4815579,,Mohandiseen,Top delivery,,No
2026-08-30,٠٨:٤٧ م,4815593,,Mohandiseen,Noot,,Yes
2026-08-30,٠٨:٤٧ م,4815630,,Mohandiseen,Super Speed,,No
2026-08-30,٠٨:٤٧ م,4815717,,Mohandiseen,MR Delivery,,Yes
2026-08-30,٠٨:٤٧ م,4815823,,Mohandiseen,Noot,,Yes
2026-08-30,٠٨:٤٧ م,4815909,,Mohandiseen,Super Speed,,No
2026-08-30,٠٨:٤٧ م,4815922,,Mohandiseen,El Tohami,,No
2026-08-30,٠٨:٤٧ م,4816203,,Mohandiseen,Jasson,,Yes
2026-08-30,٠٨:٤٧ م,4816216,,Mohandiseen,Speedo,,No
2026-08-30,٠٨:٤٧ م,4816262,,Mohandiseen,Ebad El rahman,,Yes
2026-08-30,٠٨:٤٧ م,4816275,,Mohandiseen,Top delivery,,No
2026-08-30,٠٨:٤٧ م,4816278,,Hadayek el qobba,Jasson,,Yes
2026-08-30,٠٨:٤٧ م,4816282,,Mohandiseen,Speedo,,Yes
2026-08-30,٠٨:٤٧ م,4816304,,Shobra,Al Alamia,,Yes
2026-08-30,٠٨:٤٧ م,4816358,,Shobra,Al Alamia,,Yes
2026-08-30,٠٨:٤٧ م,4816404,,Shobra,El Abtal,,Yes
2026-08-30,٠٨:٤٧ م,4816419,,Shobra,Al Alamia,,No
2026-08-30,٠٨:٤٧ م,4816674,,Mohandiseen,El Abtal,,Yes
2026-08-30,٠٨:٤٧ م,4816758,,Mohandiseen,Speedo,,No
2026-08-30,٠٨:٤٧ م,4819589,,Hadayek el qobba,Top delivery,,Yes
2026-08-30,٠٨:٤٧ م,4819601,,Shobra,Al Alamia,,Yes
2026-08-30,٠٨:٤٧ م,4819899,,Shobra,Apache,,No
2026-08-30,٠٨:٤٧ م,4819906,,Shobra,Team mh for Delivery,,Yes
2026-08-30,٠٨:٤٧ م,4819920,,Mohandiseen,Team mh for Delivery,,No
2026-08-30,٠٨:٤٧ م,4819924,,Hadayek el qobba,Full Speed,,No
2026-08-30,٠٨:٤٧ م,4819925,,Mohandiseen,MR Delivery,,No
2026-08-30,٠٨:٤٧ م,4819933,,Shobra,MTA,,Yes
2026-08-30,٠٨:٤٧ م,4819936,,Mohandiseen,MTA,,Yes
2026-08-30,٠٨:٤٧ م,4819955,,Mohandiseen,Team mh for Delivery,,No
2026-08-30,٠٨:٤٧ م,4819968,,Hadayek el qobba,Top delivery,,Yes
2026-08-30,٠٨:٤٧ م,4819973,,Mohandiseen,El Tohami,,Yes
2026-08-30,٠٨:٤٧ م,4819984,,Hadayek el qobba,MTA,,Yes
2026-08-30,٠٨:٤٧ م,4819996,,Mohandiseen,El Ezz,,No
2026-08-30,٠٨:٤٧ م,4820030,,Shobra,Al Alamia,,No
2026-08-30,٠٨:٤٧ م,4820043,,Shobra,el Dawlya,,No
2026-08-30,٠٨:٤٧ م,4820052,,Mohandiseen,Apache,,No
2026-08-30,٠٨:٤٧ م,4820056,,Mohandiseen,BeCool,,Yes
2026-08-30,٠٨:٤٧ م,4820095,,Mohandiseen,Al Alamia,,No
2026-08-30,٠٨:٤٧ م,4820138,,Hadayek el qobba,Barg,,Yes
2026-08-30,٠٨:٤٧ م,4820181,,Shobra,Apache,,Yes
2026-08-30,٠٨:٤٧ م,4820187,,Hadayek el qobba,Ready,,No
2026-08-30,٠٨:٤٧ م,4820188,,Mohandiseen,BeCool,,No
2026-08-30,٠٨:٤٧ م,4820189,,Hadayek el qobba,El Tohami,,No
2026-08-30,٠٨:٤٧ م,4820199,,Mohandiseen,Apache,,Yes
2026-08-30,٠٨:٤٧ م,4820204,,Mohandiseen,Noot,,Yes
2026-08-30,٠٨:٤٧ م,4820211,,Shobra,Al Alamia,,No
2026-08-30,٠٨:٤٧ م,4820212,,Mohandiseen,El Abtal,,Yes
2026-08-30,٠٨:٤٧ م,4821008,,Mohandiseen,Speedo,,Yes
2026-08-30,٠٨:٤٧ م,4821063,,Mohandiseen,Tanta Car,,No
2026-08-30,٠٨:٤٧ م,4821090,,Mohandiseen,Speedo,,No
2026-08-30,٠٨:٤٧ م,4821142,,Shobra,Jasson,,No
2026-08-30,٠٨:٤٧ م,4821448,,Hadayek el qobba,el Dawlya,,No
2026-08-30,٠٨:٤٧ م,4823227,,Mohandiseen,Top delivery,,Yes
2026-08-30,٠٨:٤٧ م,4823236,,Mohandiseen,Apache,,Yes
2026-08-30,٠٨:٤٧ م,4823254,,Mohandiseen,Full Speed,,Yes
2026-08-30,٠٨:٤٧ م,4823302,,Mohandiseen,Stop Car,,Yes
2026-08-30,٠٨:٤٧ م,4823315,,Shobra,Team mh for Delivery,,Yes
2026-08-30,٠٨:٤٧ م,4823454,,Mohandiseen,Full Speed,,Yes
2026-08-30,٠٨:٤٧ م,4823744,,Shobra,Ebad El rahman,,Yes
2026-08-30,٠٨:٤٧ م,4823758,,Mohandiseen,Stop Car,,Yes
2026-08-30,٠٨:٤٧ م,4823759,,Mohandiseen,el Dawlya,,No
2026-08-30,٠٨:٤٧ م,4823776,,Mohandiseen,Top delivery,,Yes
2026-08-30,٠٨:٤٧ م,4823801,,Hadayek el qobba,Stop Car,,Yes
2026-08-30,٠٨:٤٧ م,4823838,,Mohandiseen,el Dawlya,,Yes
2026-08-30,٠٨:٤٧ م,4823931,,Hadayek el qobba,Top delivery,,Yes
2026-08-30,٠٨:٤٧ م,4823938,,Mohandiseen,Jasson,,No
2026-08-30,٠٨:٤٧ م,4825014,,Hadayek el qobba,el Dawlya,,Yes
2026-08-30,٠٨:٤٧ م,4825015,,Hadayek el qobba,Jasson,,No
2026-08-30,٠٨:٤٧ م,4825104,,Mohandiseen,BeCool,,Yes
2026-08-30,٠٨:٤٧ م,4825167,,Mohandiseen,el Dawlya,,No
2026-08-30,٠٨:٤٧ م,4825189,,Shobra,El Abtal,,No
2026-08-30,٠٨:٤٧ م,4825200,,Mohandiseen,Ebad El rahman,,No
2026-08-30,٠٨:٤٧ م,4825207,,Mohandiseen,Ebad El rahman,,No
2026-08-30,٠٨:٤٧ م,4825265,,Shobra,El Abtal,,No
2026-08-30,٠٨:٤٧ م,4825304,,Shobra,Al Alamia,,Yes
2026-08-30,٠٨:٤٧ م,4825329,,Shobra,Ebad El rahman,,No
2026-08-30,٠٨:٤٧ م,4825394,,Hadayek el qobba,Al Alamia,,Yes
2026-08-30,٠٨:٤٧ م,4825648,,Shobra,Al Alamia,,Yes
2026-08-30,٠٨:٤٧ م,4825922,,Shobra,Al Alamia,,No
2026-08-30,٠٨:٤٧ م,4826197,,Mohandiseen,El Tohami,,Yes
2026-08-30,٠٨:٤٧ م,4826214,,Hadayek el qobba,Top delivery,,No
2026-08-30,٠٨:٤٧ م,4826242,,Mohandiseen,Super Speed,,Yes
2026-08-30,٠٨:٤٧ م,4826247,,Mohandiseen,El Abtal,,Yes
2026-08-30,٠٨:٤٧ م,4826252,,Mohandiseen,Full Speed,,Yes
2026-08-30,٠٨:٤٧ م,4826269,,Mohandiseen,MTA,,No
2026-08-30,٠٨:٤٧ م,4826287,,Mohandiseen,Stop Car,,Yes
2026-08-30,٠٨:٤٧ م,4826312,,Hadayek el qobba,Full Speed,,Yes
2026-08-30,٠٨:٤٧ م,4826383,,Hadayek el qobba,Top delivery,,Yes
2026-08-30,٠٨:٤٧ م,4826415,,Shobra,Full Speed,,No
2026-08-30,٠٨:٤٧ م,4826447,,Mohandiseen,El Abtal,,Yes
2026-08-30,٠٨:٤٧ م,4826547,,Mohandiseen,Apache,,Yes
2026-08-30,٠٨:٤٧ م,4826556,,Mohandiseen,MTA,,Yes
2026-08-30,٠٨:٤٧ م,4826627,,Hadayek el qobba,Jasson,,Yes
2026-08-30,٠٨:٤٧ م,4826637,,Shobra,Al Alamia,,No
2026-08-30,٠٨:٤٧ م,4826719,,Shobra,MTA,,No
2026-08-30,٠٨:٤٧ م,4826794,,Shobra,El Abtal,,Yes
2026-08-30,٠٨:٤٧ م,4826934,,Mohandiseen,Ebad El rahman,,No
2026-08-30,٠٨:٤٧ م,4826959,,Shobra,Al Alamia,,Yes
2026-08-30,٠٨:٤٧ م,4826960,,Mohandiseen,Speedo,,No
2026-08-30,٠٨:٤٧ م,4827020,,Mohandiseen,Speedo,,Yes
2026-08-30,٠٨:٤٧ م,4827037,,Shobra,Al Alamia,,No
2026-08-30,٠٨:٤٧ م,4827071,,Mohandiseen,El Abtal,,Yes
2026-08-30,٠٨:٤٧ م,4827079,,Mohandiseen,Apache,,No
2026-08-30,٠٨:٤٧ م,4827080,,Mohandiseen,el Dawlya,,Yes
2026-08-30,٠٨:٤٧ م,4827090,,Mohandiseen,Speedo,,Yes
2026-08-30,٠٨:٤٧ م,4827096,,Mohandiseen,Top delivery,,No
2026-08-30,٠٨:٤٧ م,4827275,,Hadayek el qobba,Ebad El rahman,,No
2026-08-30,٠٨:٤٧ م,4827303,,Mohandiseen,el Dawlya,,Yes
2026-08-30,٠٨:٤٧ م,4827304,,Hadayek el qobba,El Abtal,,No
2026-08-30,٠٨:٤٧ م,4827319,,Shobra,Al Alamia,,No
2026-08-30,٠٨:٤٧ م,4827346,,Shobra,Al Alamia,,No
2026-08-30,٠٨:٤٧ م,4828700,,Shobra,El Abtal,,Yes
2026-08-30,٠٨:٤٧ م,4828723,,Mohandiseen,Ebad El rahman,,No
2026-08-30,٠٨:٤٧ م,4828863,,Mohandiseen,Speedo,,No
2026-08-30,٠٨:٤٧ م,4829170,,Hadayek el qobba,Team mh for Delivery,,Yes
2026-08-30,٠٨:٤٧ م,4829197,,Mohandiseen,el Dawlya,,No
2026-08-30,٠٨:٤٧ م,4829298,,Shobra,Full Speed,,No
2026-08-30,٠٨:٤٧ م,4829337,,Shobra,Full Speed,,Yes
2026-08-30,٠٨:٤٧ م,4829452,,Mohandiseen,Apache,,No
2026-08-30,٠٨:٤٧ م,4829479,,Shobra,Team mh for Delivery,,No
2026-08-30,٠٨:٤٧ م,4829497,,Mohandiseen,Team mh for Delivery,,No
2026-08-30,٠٨:٤٧ م,4829533,,Mohandiseen,Al Alamia,,Yes
2026-08-30,٠٨:٤٧ م,4829602,,Hadayek el qobba,Top delivery,,Yes
2026-08-30,٠٨:٤٧ م,4829802,,Mohandiseen,Super Speed,,Yes
2026-08-30,٠٨:٤٧ م,4830024,,Hadayek el qobba,Jasson,,Yes
2026-08-30,٠٨:٤٧ م,4830086,,Mohandiseen,el Dawlya,,Yes
2026-08-30,٠٨:٤٧ م,4830123,,Mohandiseen,Speedo,,No
2026-08-30,٠٨:٤٧ م,4830160,,Shobra,Speedo,,No
2026-08-30,٠٨:٤٧ م,4830197,,Mohandiseen,Al Alamia,,No
2026-08-30,٠٨:٤٧ م,4830313,,Shobra,Speedo,,No
2026-08-30,٠٨:٤٧ م,4830325,,Mohandiseen,Speedo,,Yes
2026-08-30,٠٨:٤٧ م,4830376,,Mohandiseen,Al Alamia,,Yes
2026-08-30,٠٨:٤٧ م,4830417,,Mohandiseen,Tanta Car,,Yes
2026-08-30,٠٨:٤٧ م,4831898,,Mohandiseen,MTA,,Yes
2026-08-30,٠٨:٤٧ م,4831915,,Mohandiseen,Team mh for Delivery,,No
2026-08-30,٠٨:٤٧ م,4831927,,Hadayek el qobba,Full Speed,,No
2026-08-30,٠٨:٤٧ م,4831931,,Mohandiseen,Team mh for Delivery,,Yes
2026-08-30,٠٨:٤٧ م,4831933,,Mohandiseen,Team mh for Delivery,,Yes
2026-08-30,٠٨:٤٧ م,4832035,,Mohandiseen,Team mh for Delivery,,Yes
2026-08-30,٠٨:٤٧ م,4832072,,Shobra,El Tohami,,No
2026-08-30,٠٨:٤٧ م,4832101,,Mohandiseen,MTA,,No
2026-08-30,٠٨:٤٧ م,4832134,,Mohandiseen,Team mh for Delivery,,Yes
2026-08-30,٠٨:٤٧ م,4832144,,Mohandiseen,MTA,,Yes
2026-08-30,٠٨:٤٧ م,4832152,,Mohandiseen,MTA,,Yes
2026-08-30,٠٨:٤٧ م,4832174,,Mohandiseen,Team mh for Delivery,,Yes
2026-08-30,٠٨:٤٧ م,4832186,,Mohandiseen,MTA,,No
2026-08-30,٠٨:٤٧ م,4832224,,Shobra,Team mh for Delivery,,Yes
2026-08-30,٠٨:٤٧ م,4832230,,Shobra,Noot,,Yes
2026-08-30,٠٨:٤٧ م,4832355,,Mohandiseen,Speedo,,Yes
2026-08-30,٠٨:٤٧ م,4832378,,Mohandiseen,Full Speed,,Yes
2026-08-30,٠٨:٤٧ م,4832419,,Hadayek el qobba,Al Alamia,,No
2026-08-30,٠٨:٤٧ م,4832471,,Mohandiseen,Full Speed,,No
2026-08-30,٠٨:٤٧ م,4832478,,Mohandiseen,El Abtal,,Yes
2026-08-30,٠٨:٤٧ م,4832491,,Shobra,MTA,,Yes
2026-08-30,٠٨:٤٧ م,4832669,,Mohandiseen,Al Alamia,,No
2026-08-30,٠٨:٤٧ م,4832682,,Mohandiseen,Team mh for Delivery,,No
2026-08-30,٠٨:٤٧ م,4832684,,Mohandiseen,el Dawlya,,No
2026-08-30,٠٨:٤٧ م,4832850,,Mohandiseen,el Dawlya,,No
2026-08-30,٠٨:٤٧ م,4832941,,Mohandiseen,Team mh for Delivery,,Yes
2026-08-30,٠٨:٤٧ م,4832958,,Hadayek el qobba,Al Alamia,,No
2026-08-30,٠٨:٤٧ م,4835634,,Shobra,el Dawlya,,No
2026-08-30,٠٨:٤٧ م,4835675,,Mohandiseen,Ebad El rahman,,No
2026-08-30,٠٨:٤٧ م,4835967,,Hadayek el qobba,Full Speed,,Yes
2026-08-30,٠٨:٤٧ م,4835972,,Shobra,MTA,,No
2026-08-30,٠٨:٤٧ م,4835974,,Mohandiseen,El Tohami,,No
2026-08-30,٠٨:٤٧ م,4835975,,Mohandiseen,Top delivery,,Yes
2026-08-30,٠٨:٤٧ م,4835976,,Mohandiseen,Super Speed,,Yes
2026-08-30,٠٨:٤٧ م,4835981,,Hadayek el qobba,Top delivery,,No
2026-08-30,٠٨:٤٧ م,4835989,,Mohandiseen,Noot,,No
2026-08-30,٠٨:٤٧ م,4835995,,Mohandiseen,Apache,,Yes
2026-08-30,٠٨:٤٧ م,4836005,,Shobra,El Tohami,,No
2026-08-30,٠٨:٤٧ م,4836009,,Shobra,Team mh for Delivery,,No
2026-08-30,٠٨:٤٧ م,4836013,,Mohandiseen,Team mh for Delivery,,Yes
2026-08-30,٠٨:٤٧ م,4836074,,Shobra,Team mh for Delivery,,Yes
2026-08-30,٠٨:٤٧ م,4836090,,Shobra,MTA,,Yes
2026-08-30,٠٨:٤٧ م,4836101,,Hadayek el qobba,El Tohami,,Yes
2026-08-30,٠٨:٤٧ م,4836115,,Shobra,El Abtal,,Yes
2026-08-30,٠٨:٤٧ م,4836116,,Mohandiseen,Tanta Car,,Yes
2026-08-30,٠٨:٤٧ م,4836131,,Mohandiseen,El Abtal,,Yes
2026-08-30,٠٨:٤٧ م,4836143,,Mohandiseen,Speedo,,Yes
2026-08-30,٠٨:٤٧ م,4836149,,Mohandiseen,Speedo,,Yes
2026-08-30,٠٨:٤٧ م,4836158,,Hadayek el qobba,Jasson,,No
2026-08-30,٠٨:٤٧ م,4836172,,Mohandiseen,Tanta Car,,No
2026-08-30,٠٨:٤٧ م,4836173,,Hadayek el qobba,Ebad El rahman,,Yes
2026-08-30,٠٨:٤٧ م,4836214,,Mohandiseen,Speedo,,Yes
2026-08-30,٠٨:٤٧ م,4836216,,Mohandiseen,Ebad El rahman,,Yes
2026-08-30,٠٨:٤٧ م,4836256,,Mohandiseen,Speedo,,No
2026-08-30,٠٨:٤٧ م,4836270,,Mohandiseen,MTA,,Yes
2026-08-30,٠٨:٤٧ م,4836307,,Mohandiseen,Tanta Car,,Yes
2026-08-30,٠٨:٤٧ م,4836312,,Hadayek el qobba,El Tohami,,No
2026-08-30,٠٨:٤٧ م,4836317,,Mohandiseen,Super Speed,,Yes
2026-08-30,٠٨:٤٧ م,4836341,,Shobra,Team mh for Delivery,,Yes
2026-08-30,٠٨:٤٧ م,4836365,,Hadayek el qobba,Ebad El rahman,,No
2026-08-30,٠٨:٤٧ م,4838697,,Mohandiseen,el Dawlya,,Yes
2026-08-30,٠٨:٤٧ م,4838707,,Mohandiseen,Speedo,,Yes
2026-08-30,٠٨:٤٧ م,4838730,,Mohandiseen,Al Alamia,,No
2026-08-30,٠٨:٤٧ م,4839377,,Shobra,El Tohami,,Yes
2026-08-30,٠٨:٤٧ م,4839435,,Shobra,MTA,,No
2026-08-30,٠٨:٤٧ م,4839479,,Hadayek el qobba,Full Speed,,Yes
2026-08-30,٠٨:٤٧ م,4839494,,Mohandiseen,El Tohami,,Yes
2026-08-30,٠٨:٤٧ م,4839505,,Shobra,MTA,,Yes
2026-08-30,٠٨:٤٧ م,4839685,,Hadayek el qobba,Top delivery,,Yes
2026-08-30,٠٨:٤٧ م,4839694,,Mohandiseen,Team mh for Delivery,,Yes
2026-08-30,٠٨:٤٧ م,4839800,,Mohandiseen,el Dawlya,,No
2026-08-30,٠٨:٤٧ م,4839824,,Hadayek el qobba,MTA,,No
2026-08-30,٠٨:٤٧ م,4839863,,Hadayek el qobba,el Dawlya,,Yes
2026-08-30,٠٨:٤٧ م,4839895,,Mohandiseen,BeCool,,No
2026-08-30,٠٨:٤٧ م,4839919,,Mohandiseen,Speedo,,Yes
2026-08-30,٠٨:٤٧ م,4839934,,Mohandiseen,Speedo,,Yes
2026-08-30,٠٨:٤٧ م,4839941,,Mohandiseen,Tanta Car,,No
2026-08-30,٠٨:٤٧ م,4839951,,Mohandiseen,Tanta Car,,No
2026-08-30,٠٨:٤٧ م,4839989,,Mohandiseen,Ebad El rahman,,Yes
2026-08-30,٠٨:٤٧ م,4840023,,Mohandiseen,Al Alamia,,No
2026-08-30,٠٨:٤٧ م,4840046,,Mohandiseen,el Dawlya,,Yes
2026-08-30,٠٨:٤٧ م,4840151,,Mohandiseen,Speedo,,No
2026-08-30,٠٨:٤٧ م,4841343,,Mohandiseen,el Dawlya,,No
2026-08-30,٠٨:٤٧ م,4841344,,Mohandiseen,Al Alamia,,No
2026-08-30,٠٨:٤٧ م,4841359,,Hadayek el qobba,el Dawlya,,Yes
2026-08-30,٠٨:٤٧ م,4841465,,Mohandiseen,Noot,,Yes
2026-08-30,٠٨:٤٧ م,4841672,,Hadayek el qobba,Team mh for Delivery,,Yes
2026-08-30,٠٨:٤٧ م,4841790,,Hadayek el qobba,BeCool,,Yes
2026-08-30,٠٨:٤٧ م,4842103,,Mohandiseen,Full Speed,,Yes
2026-08-30,٠٨:٤٧ م,4842146,,Mohandiseen,El Tohami,,Yes
2026-08-30,٠٨:٤٧ م,4842727,,Shobra,Team mh for Delivery,,No
2026-08-30,٠٨:٤٧ م,4842788,,Hadayek el qobba,Top delivery,,No
2026-08-30,٠٨:٤٧ م,4842803,,Mohandiseen,El Abtal,,Yes
2026-08-30,٠٨:٤٧ م,4842811,,Shobra,Al Alamia,,Yes
2026-08-30,٠٨:٤٧ م,4842833,,Hadayek el qobba,Top delivery,,Yes
2026-08-30,٠٨:٤٧ م,4842849,,Mohandiseen,Team mh for Delivery,,Yes
2026-08-30,٠٨:٤٧ م,4842913,,Mohandiseen,BeCool,,Yes
2026-08-30,٠٨:٤٧ م,4842979,,Hadayek el qobba,Speedo,,Yes
2026-08-30,٠٨:٤٧ م,4843094,,Mohandiseen,El Tohami,,No
2026-08-30,٠٨:٤٧ م,4843115,,Hadayek el qobba,BeCool,,Yes
2026-08-30,٠٨:٤٧ م,4843143,,Hadayek el qobba,Speedo,,Yes
2026-08-30,٠٨:٤٧ م,4843146,,Hadayek el qobba,Full Speed,,Yes
2026-08-30,٠٨:٤٧ م,4843152,,Mohandiseen,Full Speed,,Yes
2026-08-30,٠٨:٤٧ م,4843159,,Hadayek el qobba,Full Speed,,Yes
2026-08-30,٠٨:٤٧ م,4843160,,Hadayek el qobba,Barg,,No
2026-08-30,٠٨:٤٧ م,4843235,,Shobra,El Abtal,,No
2026-08-30,٠٨:٤٧ م,4843252,,Mohandiseen,Jasson,,Yes
2026-08-30,٠٨:٤٧ م,4843298,,Mohandiseen,Ebad El rahman,,No
2026-08-30,٠٨:٤٧ م,4843312,,Shobra,Al Alamia,,Yes
2026-08-30,٠٨:٤٧ م,4843456,,Shobra,Speedo,,No
2026-08-30,٠٨:٤٧ م,4845439,,Mohandiseen,Apache,,Yes
2026-08-30,٠٨:٤٧ م,4845468,,Hadayek el qobba,MTA,,Yes
2026-08-30,٠٨:٤٧ م,4845477,,Mohandiseen,MR Delivery,,Yes
2026-08-30,٠٨:٤٧ م,4845528,,Shobra,MTA,,Yes
2026-08-30,٠٨:٤٧ م,4845548,,Mohandiseen,Noot,,Yes
2026-08-30,٠٨:٤٧ م,4845551,,Mohandiseen,Team mh for Delivery,,Yes
2026-08-30,٠٨:٤٧ م,4845612,,Mohandiseen,Team mh for Delivery,,Yes
2026-08-30,٠٨:٤٧ م,4845890,,Mohandiseen,Tanta Car,,Yes
2026-08-30,٠٨:٤٧ م,4845893,,Mohandiseen,Tanta Car,,No
2026-08-30,٠٨:٤٧ م,4845906,,Mohandiseen,el Dawlya,,Yes
2026-08-30,٠٨:٤٧ م,4845993,,Mohandiseen,el Dawlya,,Yes
2026-08-30,٠٨:٤٧ م,4846012,,Mohandiseen,el Dawlya,,No
2026-08-30,٠٨:٤٧ م,4846025,,Mohandiseen,El Abtal,,Yes
2026-08-30,٠٨:٤٧ م,4846107,,Mohandiseen,Speedo,,No
2026-08-30,٠٨:٤٧ م,4846143,,Mohandiseen,El Abtal,,Yes
2026-08-30,٠٨:٤٧ م,4846147,,Shobra,Speedo,,No
2026-08-30,٠٨:٤٧ م,4846189,,Shobra,el Dawlya,,Yes
2026-08-30,٠٨:٤٧ م,4846241,,Mohandiseen,Super Speed,,Yes
2026-08-30,٠٨:٤٧ م,4846266,,Shobra,el Dawlya,,No
2026-08-30,٠٨:٤٧ م,4846298,,Mohandiseen,el Dawlya,,Yes
2026-08-30,٠٨:٤٧ م,4846359,,Mohandiseen,El Abtal,,Yes
2026-08-30,٠٨:٤٧ م,4846363,,Shobra,El Abtal,,Yes
2026-08-30,٠٨:٤٧ م,4847564,,Mohandiseen,BeCool,,Yes
2026-08-30,٠٨:٤٧ م,4847588,,Mohandiseen,Al Alamia,,No
2026-08-30,٠٨:٤٧ م,4847736,,Shobra,Full Speed,,No
2026-08-30,٠٨:٤٧ م,4847856,,Mohandiseen,Tanta Car,,Yes
2026-08-30,٠٨:٤٧ م,4848230,,Mohandiseen,Super Speed,,No
2026-08-30,٠٨:٤٧ م,4848282,,Mohandiseen,Apache,,No
2026-08-30,٠٨:٤٧ م,4848301,,Mohandiseen,MTA,,No
2026-08-30,٠٨:٤٧ م,4848310,,Mohandiseen,Full Speed,,Yes
2026-08-30,٠٨:٤٧ م,4848362,,Hadayek el qobba,El Ezz,,Yes
2026-08-30,٠٨:٤٧ م,4848375,,Hadayek el qobba,MTA,,Yes
2026-08-30,٠٨:٤٧ م,4848382,,Mohandiseen,Team mh for Delivery,,No
2026-08-30,٠٨:٤٧ م,4848391,,Mohandiseen,MTA,,No
2026-08-30,٠٨:٤٧ م,4848401,,Mohandiseen,Noot,,No
2026-08-30,٠٨:٤٧ م,4848442,,Shobra,MTA,,Yes
2026-08-30,٠٨:٤٧ م,4848450,,Shobra,MTA,,Yes
2026-08-30,٠٨:٤٧ م,4848475,,Hadayek el qobba,El Ezz,,Yes
2026-08-30,٠٨:٤٧ م,4848488,,Mohandiseen,Top delivery,,No
2026-08-30,٠٨:٤٧ م,4848565,,Mohandiseen,El Ezz,,No
2026-08-30,٠٨:٤٧ م,4848572,,Mohandiseen,Full Speed,,Yes
2026-08-30,٠٨:٤٧ م,4848661,,Mohandiseen,Team mh for Delivery,,Yes
2026-08-30,٠٨:٤٧ م,4848670,,Mohandiseen,Super Speed,,No
2026-08-30,٠٨:٤٧ م,4848702,,Mohandiseen,El Abtal,,Yes
2026-08-30,٠٨:٤٧ م,4848733,,Mohandiseen,El Abtal,,No
2026-08-30,٠٨:٤٧ م,4848756,,Hadayek el qobba,MTA,,Yes
2026-08-30,٠٨:٤٧ م,4848762,,Mohandiseen,Full Speed,,Yes
2026-08-30,٠٨:٤٧ م,4848774,,Mohandiseen,Super Speed,,No
2026-08-30,٠٨:٤٧ م,4848883,,Shobra,Al Alamia,,Yes
2026-08-30,٠٨:٤٧ م,4848928,,Mohandiseen,El Abtal,,Yes
2026-08-30,٠٨:٤٧ م,4850072,,Mohandiseen,el Dawlya,,No
2026-08-30,٠٨:٤٧ م,4850076,,Mohandiseen,BeCool,,Yes
2026-08-30,٠٨:٤٧ م,4850078,,Mohandiseen,el Dawlya,,Yes
2026-08-30,٠٨:٤٧ م,4850112,,Mohandiseen,BeCool,,Yes
2026-08-30,٠٨:٤٧ م,4850209,,Mohandiseen,Speedo,,Yes
2026-08-30,٠٨:٤٧ م,4850226,,Mohandiseen,el Dawlya,,Yes
2026-08-30,٠٨:٤٧ م,4850244,,Hadayek el qobba,Speedo,,Yes
2026-08-30,٠٨:٤٧ م,4850260,,Mohandiseen,Jasson,,Yes
2026-08-30,٠٨:٤٧ م,4850315,,Mohandiseen,BeCool,,No
2026-08-30,٠٨:٤٧ م,4852016,,Hadayek el qobba,BeCool,,Yes
2026-08-30,٠٨:٤٧ م,4852017,,Mohandiseen,Team mh for Delivery,,Yes
2026-08-30,٠٨:٤٧ م,4852045,,Mohandiseen,Apache,,Yes
2026-08-30,٠٨:٤٧ م,4852333,,Mohandiseen,Team mh for Delivery,,Yes
2026-08-30,٠٨:٤٧ م,4852336,,Hadayek el qobba,Team mh for Delivery,,Yes
2026-08-30,٠٨:٤٧ م,4852353,,Hadayek el qobba,El Ezz,,Yes
2026-08-30,٠٨:٤٧ م,4852375,,Mohandiseen,El Ezz,,Yes
2026-08-30,٠٨:٤٧ م,4852392,,Shobra,MTA,,Yes
2026-08-30,٠٨:٤٧ م,4852399,,Mohandiseen,Ready,,Yes
2026-08-30,٠٨:٤٧ م,4852426,,Mohandiseen,Team mh for Delivery,,Yes
2026-08-30,٠٨:٤٧ م,4852429,,Hadayek el qobba,El Ezz,,Yes
2026-08-30,٠٨:٤٧ م,4852453,,Mohandiseen,Al Alamia,,Yes
2026-08-30,٠٨:٤٧ م,4852481,,Shobra,Full Speed,,Yes
2026-08-30,٠٨:٤٧ م,4852504,,Mohandiseen,El Abtal,,Yes
2026-08-30,٠٨:٤٧ م,4852510,,Mohandiseen,Al Alamia,,No
2026-08-30,٠٨:٤٧ م,4852522,,Mohandiseen,Noot,,Yes
2026-08-30,٠٨:٤٧ م,4852526,,Hadayek el qobba,Stop Car,,No
2026-08-30,٠٨:٤٧ م,4852578,,Shobra,El Tohami,,No
2026-08-30,٠٨:٤٧ م,4852579,,Mohandiseen,Speedo,,Yes
2026-08-30,٠٨:٤٧ م,4852580,,Mohandiseen,Speedo,,Yes
2026-08-30,٠٨:٤٧ م,4852612,,Shobra,Jasson,,No
2026-08-30,٠٨:٤٧ م,4852621,,Mohandiseen,el Dawlya,,No
2026-08-30,٠٨:٤٧ م,4852657,,Mohandiseen,Speedo,,Yes
2026-08-30,٠٨:٤٧ م,4852826,,Mohandiseen,El Abtal,,Yes
2026-08-30,٠٨:٤٧ م,4854982,,Shobra,Ayla Express,,Yes
2026-08-30,٠٨:٤٧ م,4854990,,Shobra,Ayla Express,,Yes
2026-08-30,٠٨:٤٧ م,4855001,,Hadayek el qobba,El Tohami,,Yes
2026-08-30,٠٨:٤٧ م,4855004,,Hadayek el qobba,Al Alamia,,Yes
2026-08-30,٠٨:٤٧ م,4855064,,Shobra,Speedo,,Yes
2026-08-30,٠٨:٤٧ م,4855648,,Mohandiseen,Super Speed,,Yes
2026-08-30,٠٨:٤٧ م,4855650,,Mohandiseen,El Tohami,,Yes
2026-08-30,٠٨:٤٧ م,4855663,,Mohandiseen,MR Delivery,,Yes
2026-08-30,٠٨:٤٧ م,4855678,,Mohandiseen,Team mh for Delivery,,No
2026-08-30,٠٨:٤٧ م,4855704,,Mohandiseen,El Ezz,,Yes
2026-08-30,٠٨:٤٧ م,4855722,,Shobra,Team mh for Delivery,,Yes
2026-08-30,٠٨:٤٧ م,4855731,,Mohandiseen,Super Speed,,Yes
2026-08-30,٠٨:٤٧ م,4855783,,Hadayek el qobba,MTA,,Yes
2026-08-30,٠٨:٤٧ م,4855789,,Mohandiseen,Noot,,Yes
2026-08-30,٠٨:٤٧ م,4855837,,Mohandiseen,El Tohami,,No
2026-08-30,٠٨:٤٧ م,4855940,,Mohandiseen,Full Speed,,Yes
2026-08-30,٠٨:٤٧ م,4855996,,Mohandiseen,Team mh for Delivery,,Yes
2026-08-30,٠٨:٤٧ م,4855999,,Mohandiseen,El Abtal,,Yes
2026-08-30,٠٨:٤٧ م,4856038,,Mohandiseen,Super Speed,,No
2026-08-30,٠٨:٤٧ م,4856043,,Hadayek el qobba,MTA,,Yes
2026-08-30,٠٨:٤٧ م,4856047,,Mohandiseen,Super Speed,,Yes
2026-08-30,٠٨:٤٧ م,4856049,,Mohandiseen,Stop Car,,No
2026-08-30,٠٨:٤٧ م,4856058,,Mohandiseen,el Dawlya,,Yes
2026-08-30,٠٨:٤٧ م,4856092,,Mohandiseen,el Dawlya,,Yes
2026-08-30,٠٨:٤٧ م,4856227,,Mohandiseen,El Abtal,,Yes
2026-08-30,٠٨:٤٧ م,4856241,,Hadayek el qobba,MTA,,Yes
2026-08-30,٠٨:٤٧ م,4857221,,Mohandiseen,el Dawlya,,Yes
2026-08-30,٠٨:٤٧ م,4857300,,Mohandiseen,BeCool,,Yes
2026-08-30,٠٨:٤٧ م,4857361,,Mohandiseen,Al Alamia,,Yes
2026-08-30,٠٨:٤٧ م,4857391,,Mohandiseen,El Abtal,,Yes
2026-08-30,٠٨:٤٧ م,4857635,,Shobra,Al Alamia,,Yes
2026-08-30,٠٨:٤٧ م,4858084,,Mohandiseen,El Tohami,,No
2026-08-30,٠٨:٤٧ م,4858134,,Hadayek el qobba,Top delivery,,Yes
2026-08-30,٠٨:٤٧ م,4858186,,Hadayek el qobba,BeCool,,No
2026-08-30,٠٨:٤٧ م,4858235,,Hadayek el qobba,Top delivery,,Yes
2026-08-30,٠٨:٤٧ م,4858306,,Mohandiseen,Super Speed,,Yes
2026-08-30,٠٨:٤٧ م,4858839,,Shobra,Team mh for Delivery,,Yes
2026-08-30,٠٨:٤٧ م,4859029,,Mohandiseen,Speedo,,Yes
2026-08-30,٠٨:٤٧ م,4859050,,Mohandiseen,Ebad El rahman,,Yes
2026-08-30,٠٨:٤٧ م,4859053,,Shobra,Speedo,,Yes
2026-08-30,٠٨:٤٧ م,4859061,,Mohandiseen,Tanta Car,,Yes
2026-08-30,٠٨:٤٧ م,4859065,,Mohandiseen,el Dawlya,,Yes
2026-08-30,٠٨:٤٧ م,4859067,,Hadayek el qobba,Al Alamia,,No
2026-08-30,٠٨:٤٧ م,4859093,,Shobra,Speedo,,Yes
2026-08-30,٠٨:٤٧ م,4859115,,Mohandiseen,Speedo,,Yes
2026-08-30,٠٨:٤٧ م,4859125,,Mohandiseen,Jasson,,Yes
2026-08-30,٠٨:٤٧ م,4859155,,Mohandiseen,el Dawlya,,No
2026-08-30,٠٨:٤٧ م,4859163,,Shobra,El Abtal,,No
2026-08-30,٠٨:٤٧ م,4859193,,Mohandiseen,El Abtal,,Yes
2026-08-30,٠٨:٤٧ م,4859217,,Shobra,Al Alamia,,Yes
2026-08-30,٠٨:٤٧ م,4859221,,Hadayek el qobba,Speedo,,Yes
2026-08-30,٠٨:٤٧ م,4859262,,Mohandiseen,Speedo,,Yes
2026-08-30,٠٨:٤٧ م,4859265,,Mohandiseen,Speedo,,Yes
2026-08-30,٠٨:٤٧ م,4859348,,Mohandiseen,Speedo,,Yes
2026-08-30,٠٨:٤٧ م,4859399,,Mohandiseen,MTA,,Yes
2026-08-30,٠٨:٤٧ م,4861283,,Hadayek el qobba,Stop Car,,Yes
2026-08-30,٠٨:٤٧ م,4861299,,Mohandiseen,Super Speed,,Yes
2026-08-30,٠٨:٤٧ م,4861331,,Hadayek el qobba,Full Speed,,No
2026-08-30,٠٨:٤٧ م,4861337,,Mohandiseen,Stop Car,,Yes
2026-08-30,٠٨:٤٧ م,4861340,,Shobra,Team mh for Delivery,,Yes
2026-08-30,٠٨:٤٧ م,4861371,,Mohandiseen,Apache,,Yes
2026-08-30,٠٨:٤٧ م,4861710,,Mohandiseen,El Ezz,,Yes
2026-08-30,٠٨:٤٧ م,4861733,,Mohandiseen,El Tohami,,Yes
2026-08-30,٠٨:٤٧ م,4861735,,Mohandiseen,El Ezz,,No
2026-08-30,٠٨:٤٧ م,4862024,,Mohandiseen,Apache,,No
2026-08-30,٠٨:٤٧ م,4862100,,Mohandiseen,MTA,,Yes
2026-08-30,٠٨:٤٧ م,4862110,,Mohandiseen,El Ezz,,Yes
2026-08-30,٠٨:٤٧ م,4862216,,Mohandiseen,Al Alamia,,Yes
2026-08-30,٠٨:٤٧ م,4862280,,Shobra,Al Alamia,,No
2026-08-30,٠٨:٤٧ م,4862305,,Hadayek el qobba,Full Speed,,Yes
2026-08-30,٠٨:٤٧ م,4863748,,Mohandiseen,Super Speed,,Yes
2026-08-30,٠٨:٤٧ م,4863846,,Shobra,El Tohami,,Yes
2026-08-30,٠٨:٤٧ م,4863856,,Hadayek el qobba,El Ezz,,Yes
2026-08-30,٠٨:٤٧ م,4863872,,Mohandiseen,Team mh for Delivery,,Yes
2026-08-30,٠٨:٤٧ م,4863895,,Hadayek el qobba,Top delivery,,Yes
2026-08-30,٠٨:٤٧ م,4863899,,Hadayek el qobba,Stop Car,,Yes
2026-08-30,٠٨:٤٧ م,4863950,,Mohandiseen,El Tohami,,No
2026-08-30,٠٨:٤٧ م,4863964,,Hadayek el qobba,Top delivery,,Yes
2026-08-30,٠٨:٤٧ م,4863981,,Mohandiseen,MTA,,Yes
2026-08-30,٠٨:٤٧ م,4863985,,Hadayek el qobba,Top delivery,,Yes
2026-08-30,٠٨:٤٧ م,4864070,,Shobra,Speedo,,Yes
2026-08-30,٠٨:٤٧ م,4864073,,Mohandiseen,Speedo,,Yes
2026-08-30,٠٨:٤٧ م,4864085,,Mohandiseen,El Ezz,,Yes
2026-08-30,٠٨:٤٧ م,4864114,,Shobra,Speedo,,Yes
2026-08-30,٠٨:٤٧ م,4864144,,Hadayek el qobba,El Abtal,,Yes
2026-08-30,٠٨:٤٧ م,4864325,,Hadayek el qobba,Al Alamia,,Yes
2026-08-30,٠٨:٤٧ م,4864433,,Mohandiseen,El Abtal,,Yes
2026-08-30,٠٨:٤٧ م,4864532,,Mohandiseen,El Abtal,,Yes
2026-08-30,٠٨:٤٧ م,4867744,,Mohandiseen,MTA,,Yes
2026-08-30,٠٨:٤٧ م,4867787,,Shobra,Full Speed,,Yes
2026-08-30,٠٨:٤٧ م,4867825,,Hadayek el qobba,Team mh for Delivery,,Yes
2026-08-30,٠٨:٤٧ م,4867875,,Hadayek el qobba,Full Speed,,Yes
2026-08-30,٠٨:٤٧ م,4868026,,Mohandiseen,MTA,,Yes